pixel_id,band_02_blue,band_03_green,band_04_red,band_08_nir,land_cover_class
PX-0,0.1012,0.1923,0.0899,0.5963,Crops
PX-1,0.0923,0.0675,0.2689,0.1415,Urban
PX-2,0.2637,0.0634,0.0586,0.1822,Water
PX-3,0.0527,0.2232,0.0654,0.7248,Forest
PX-4,0.1042,0.1692,0.1639,0.6794,Crops
PX-5,0.0852,0.1979,0.1391,0.7069,Crops
PX-6,0.0726,0.1474,0.1189,0.6521,Crops
PX-7,0.0829,0.0419,0.2622,0.1451,Urban
PX-8,0.0445,0.1639,0.0387,0.6428,Forest
PX-9,0.2582,0.0545,0.0381,0.1317,Water
PX-10,0.0594,0.1791,0.1331,0.7032,Crops
PX-11,0.0529,0.0623,0.2851,0.0964,Urban
PX-12,0.0496,0.0612,0.2535,0.0855,Urban
PX-13,0.1023,0.1614,0.1113,0.6539,Crops
PX-14,0.0674,0.1762,0.1376,0.6409,Crops
PX-15,0.1107,0.1501,0.127,0.676,Crops
PX-16,0.0693,0.2073,0.1314,0.6319,Crops
PX-17,0.0459,0.1939,0.0577,0.7387,Forest
PX-18,0.0577,0.1902,0.0825,0.6184,Forest
PX-19,0.1047,0.2118,0.1247,0.7001,Crops
PX-20,0.0769,0.1752,0.0423,0.6394,Forest
PX-21,0.069,0.1575,0.1017,0.5782,Crops
PX-22,0.0832,0.1581,0.125,0.6595,Crops
PX-23,0.09,0.1786,0.0712,0.6398,Crops
PX-24,0.1023,0.2086,0.0463,0.6256,Forest
PX-25,0.279,0.0748,0.0459,0.0527,Water
PX-26,0.0728,0.2314,0.0927,0.6497,Crops
PX-27,0.0535,0.155,0.0314,0.709,Forest
PX-28,0.0717,0.2122,0.0662,0.6934,Forest
PX-29,0.0852,0.1689,0.1246,0.6523,Crops
PX-30,0.0607,0.1883,0.052,0.6892,Forest
PX-31,0.0609,0.1676,0.1261,0.6489,Crops
PX-32,0.0869,0.1618,0.1219,0.5928,Crops
PX-33,0.079,0.0937,0.3049,0.0632,Urban
PX-34,0.0807,0.0768,0.2825,0.1119,Urban
PX-35,0.0648,0.0605,0.2508,0.1136,Urban
PX-36,0.0754,0.207,0.1526,0.684,Crops
PX-37,0.0615,0.1497,0.1274,0.6803,Crops
PX-38,0.2678,0.0334,0.0382,0.1442,Water
PX-39,0.1007,0.1564,0.0249,0.6588,Forest
PX-40,0.0431,0.166,0.1279,0.5948,Crops
PX-41,0.0614,0.2032,0.0477,0.6865,Forest
PX-42,0.0501,0.1821,0.1515,0.671,Crops
PX-43,0.067,0.063,0.2731,0.0245,Urban
PX-44,0.0783,0.1518,0.1033,0.6166,Crops
PX-45,0.221,0.0761,0.0679,0.0924,Water
PX-46,0.0616,0.1848,0.1385,0.6547,Crops
PX-47,0.0599,0.2147,0.0534,0.6379,Forest
PX-48,0.0841,0.1621,0.0635,0.6685,Forest
PX-49,0.0814,0.1862,0.1192,0.6416,Crops
PX-50,0.0656,0.0362,0.2847,0.1136,Urban
PX-51,0.2535,0.0521,0.0733,0.0913,Water
PX-52,0.0691,0.0707,0.2925,0.0944,Urban
PX-53,0.0746,0.0618,0.2766,0.0768,Urban
PX-54,0.1135,0.183,0.077,0.6852,Forest
PX-55,0.1068,0.0601,0.2327,0.1428,Urban
PX-56,0.054,0.1494,0.161,0.6192,Crops
PX-57,0.0966,0.203,0.0859,0.7108,Crops
PX-58,0.0962,0.1759,0.1075,0.6374,Crops
PX-59,0.057,0.2024,0.1192,0.7112,Crops
PX-60,0.0964,0.1695,0.1171,0.6243,Crops
PX-61,0.1108,0.1695,0.1401,0.5689,Crops
PX-62,0.0575,0.0447,0.2588,0.1361,Urban
PX-63,0.0616,0.1975,0.1252,0.6599,Crops
PX-64,0.1004,0.1658,0.1084,0.6514,Crops
PX-65,0.0854,0.2129,0.0559,0.6443,Forest
PX-66,0.091,0.1724,0.1187,0.6486,Crops
PX-67,0.0868,0.0205,0.2819,0.0995,Urban
PX-68,0.0878,0.1686,0.109,0.6379,Crops
PX-69,0.0535,0.0364,0.2698,0.1537,Urban
PX-70,0.2709,0.0607,0.0557,0.1274,Water
PX-71,0.1034,0.1562,0.1389,0.6744,Crops
PX-72,0.0754,0.1985,0.108,0.6407,Crops
PX-73,0.0791,0.0582,0.2626,0.1063,Urban
PX-74,0.2194,0.0564,0.0623,0.0739,Water
PX-75,0.2603,0.0731,0.0493,0.1052,Water
PX-76,0.2614,0.0793,0.0666,0.01,Water
PX-77,0.0788,0.1796,0.1019,0.6264,Crops
PX-78,0.1025,0.1646,0.0844,0.6467,Crops
PX-79,0.0733,0.1445,0.1093,0.6725,Crops
PX-80,0.0913,0.0463,0.2647,0.1093,Urban
PX-81,0.0596,0.1877,0.0484,0.6839,Forest
PX-82,0.0795,0.1821,0.1073,0.5628,Crops
PX-83,0.0765,0.1731,0.1348,0.6477,Crops
PX-84,0.0845,0.1938,0.1142,0.5828,Crops
PX-85,0.0726,0.1677,0.123,0.6017,Crops
PX-86,0.2474,0.0589,0.0532,0.1125,Water
PX-87,0.0965,0.2237,0.0539,0.7211,Forest
PX-88,0.0713,0.0668,0.2795,0.1348,Urban
PX-89,0.0479,0.1988,0.0602,0.6707,Forest
PX-90,0.115,0.168,0.1041,0.6492,Crops
PX-91,0.2776,0.0473,0.078,0.0915,Water
PX-92,0.2242,0.043,0.0453,0.0982,Water
PX-93,0.0938,0.1892,0.0238,0.6871,Forest
PX-94,0.2399,0.0751,0.0538,0.0646,Water
PX-95,0.0853,0.1956,0.033,0.6937,Forest
PX-96,0.0859,0.173,0.0633,0.6545,Forest
PX-97,0.0753,0.2354,0.0942,0.703,Forest
PX-98,0.0643,0.1864,0.1043,0.6884,Crops
PX-99,0.0662,0.1519,0.1266,0.5831,Crops
PX-100,0.0617,0.1712,0.0849,0.6267,Crops
PX-101,0.0634,0.2022,0.0591,0.6358,Forest
PX-102,0.0787,0.2141,0.1023,0.5775,Crops
PX-103,0.0657,0.1778,0.0375,0.6287,Forest
PX-104,0.0936,0.0795,0.258,0.2177,Urban
PX-105,0.1097,0.208,0.1346,0.6744,Crops
PX-106,0.0684,0.1874,0.0701,0.7467,Forest
PX-107,0.2548,0.0544,0.0505,0.1532,Water
PX-108,0.09,0.1593,0.1027,0.6203,Crops
PX-109,0.0894,0.1759,0.1518,0.6347,Crops
PX-110,0.0815,0.1793,0.105,0.6735,Crops
PX-111,0.0949,0.1932,0.0768,0.6675,Crops
PX-112,0.0896,0.0818,0.2892,0.0969,Urban
PX-113,0.0552,0.045,0.2579,0.0596,Urban
PX-114,0.0974,0.1607,0.0698,0.8015,Forest
PX-115,0.0977,0.0596,0.2724,0.1144,Urban
PX-116,0.0647,0.0659,0.2921,0.107,Urban
PX-117,0.0808,0.185,0.148,0.6545,Crops
PX-118,0.0937,0.0535,0.2558,0.1103,Urban
PX-119,0.0758,0.2025,0.0387,0.6749,Forest
PX-120,0.1015,0.0903,0.2785,0.1715,Urban
PX-121,0.1273,0.0676,0.3108,0.115,Urban
PX-122,0.0643,0.1725,0.1068,0.6035,Crops
PX-123,0.0524,0.17,0.1081,0.6435,Crops
PX-124,0.0861,0.1766,0.1296,0.6314,Crops
PX-125,0.0944,0.2327,0.0385,0.727,Forest
PX-126,0.0754,0.0563,0.2831,0.1668,Urban
PX-127,0.1091,0.0596,0.249,0.1243,Urban
PX-128,0.0532,0.1704,0.1643,0.5989,Crops
PX-129,0.0939,0.222,0.023,0.621,Forest
PX-130,0.0679,0.2392,0.0436,0.6706,Forest
PX-131,0.1144,0.189,0.1194,0.6635,Crops
PX-132,0.1199,0.1817,0.1583,0.635,Crops
PX-133,0.0647,0.1807,0.0935,0.6308,Crops
PX-134,0.069,0.0123,0.3197,0.0963,Urban
PX-135,0.0972,0.1949,0.1351,0.6491,Crops
PX-136,0.0723,0.2027,0.0583,0.5747,Forest
PX-137,0.2491,0.0686,0.0303,0.0759,Water
PX-138,0.0805,0.1658,0.1314,0.6249,Crops
PX-139,0.0416,0.0523,0.2655,0.1683,Urban
PX-140,0.0797,0.0518,0.3053,0.0874,Urban
PX-141,0.0662,0.2004,0.1006,0.6572,Crops
PX-142,0.0701,0.1924,0.0477,0.6791,Forest
PX-143,0.1089,0.2217,0.1089,0.7019,Crops
PX-144,0.0549,0.1886,0.1002,0.7005,Crops
PX-145,0.0963,0.1545,0.1348,0.6477,Crops
PX-146,0.0744,0.1974,0.0607,0.651,Forest
PX-147,0.0744,0.187,0.0742,0.6434,Forest
PX-148,0.0958,0.1361,0.0844,0.6404,Crops
PX-149,0.0868,0.212,0.1413,0.6326,Crops
PX-150,0.0914,0.0741,0.3301,0.1421,Urban
PX-151,0.0994,0.1907,0.111,0.6668,Crops
PX-152,0.0734,0.1833,0.1579,0.6737,Crops
PX-153,0.0678,0.1724,0.0447,0.7204,Forest
PX-154,0.0583,0.0503,0.2526,0.1945,Urban
PX-155,0.0635,0.1968,0.1139,0.655,Crops
PX-156,0.309,0.039,0.071,0.164,Water
PX-157,0.2749,0.01,0.0332,0.1059,Water
PX-158,0.053,0.1755,0.108,0.6974,Crops
PX-159,0.2236,0.0572,0.0619,0.1625,Water
PX-160,0.0896,0.1827,0.1201,0.6903,Crops
PX-161,0.0909,0.2146,0.0617,0.6738,Forest
PX-162,0.091,0.2128,0.0548,0.6433,Forest
PX-163,0.0749,0.2052,0.0596,0.6142,Forest
PX-164,0.0775,0.2039,0.1114,0.6484,Crops
PX-165,0.0866,0.0296,0.2846,0.1813,Urban
PX-166,0.0817,0.1901,0.1015,0.6376,Crops
PX-167,0.0356,0.1925,0.1458,0.6814,Crops
PX-168,0.0754,0.1552,0.1073,0.6838,Crops
PX-169,0.063,0.1699,0.0726,0.6587,Forest
PX-170,0.2535,0.0451,0.0453,0.1727,Water
PX-171,0.1397,0.1668,0.124,0.5337,Crops
PX-172,0.0873,0.2151,0.0401,0.6211,Forest
PX-173,0.0737,0.1677,0.0997,0.6134,Crops
PX-174,0.0984,0.1829,0.0151,0.6372,Forest
PX-175,0.0897,0.1678,0.0989,0.6635,Crops
PX-176,0.2584,0.0824,0.0435,0.1316,Water
PX-177,0.0921,0.1803,0.1242,0.6658,Crops
PX-178,0.1211,0.0564,0.3002,0.1438,Urban
PX-179,0.0574,0.1778,0.1111,0.612,Crops
PX-180,0.0895,0.2058,0.1024,0.6013,Crops
PX-181,0.0615,0.165,0.0911,0.6659,Crops
PX-182,0.0911,0.0863,0.2896,0.0948,Urban
PX-183,0.0616,0.0642,0.3077,0.0572,Urban
PX-184,0.0717,0.1768,0.1453,0.6889,Crops
PX-185,0.2441,0.11,0.0642,0.1758,Water
PX-186,0.0995,0.0389,0.2928,0.1823,Urban
PX-187,0.0984,0.1929,0.084,0.6775,Forest
PX-188,0.0551,0.1754,0.0566,0.695,Forest
PX-189,0.0811,0.199,0.1329,0.7048,Crops
PX-190,0.0658,0.2138,0.1136,0.6243,Crops
PX-191,0.0548,0.0934,0.2528,0.1644,Urban
PX-192,0.0757,0.0845,0.2663,0.131,Urban
PX-193,0.0738,0.196,0.0498,0.7065,Forest
PX-194,0.1285,0.1727,0.1212,0.6574,Crops
PX-195,0.0887,0.1466,0.1585,0.7019,Crops
PX-196,0.2224,0.1007,0.0516,0.1289,Water
PX-197,0.0687,0.0694,0.3036,0.0606,Urban
PX-198,0.1004,0.0502,0.2713,0.1781,Urban
PX-199,0.2918,0.0866,0.0438,0.0821,Water
PX-200,0.0483,0.1805,0.0234,0.7201,Forest
PX-201,0.0424,0.1881,0.1052,0.6464,Crops
PX-202,0.1174,0.1765,0.1305,0.697,Crops
PX-203,0.0878,0.0728,0.2802,0.1654,Urban
PX-204,0.0626,0.1987,0.0689,0.6872,Forest
PX-205,0.0907,0.151,0.1236,0.6703,Crops
PX-206,0.0273,0.1815,0.113,0.6669,Crops
PX-207,0.2501,0.081,0.093,0.0394,Water
PX-208,0.0866,0.1794,0.1181,0.6547,Crops
PX-209,0.0985,0.1955,0.1433,0.6054,Crops
PX-210,0.0597,0.1791,0.042,0.6768,Forest
PX-211,0.2517,0.0595,0.0642,0.0743,Water
PX-212,0.2315,0.0475,0.0686,0.0726,Water
PX-213,0.0851,0.1949,0.1242,0.7142,Crops
PX-214,0.2321,0.0606,0.01,0.1628,Water
PX-215,0.0718,0.1938,0.1204,0.6498,Crops
PX-216,0.0601,0.2018,0.1446,0.6574,Crops
PX-217,0.263,0.0738,0.0605,0.1101,Water
PX-218,0.0972,0.2055,0.0589,0.6928,Forest
PX-219,0.0753,0.04,0.2456,0.093,Urban
PX-220,0.2508,0.0599,0.0356,0.1597,Water
PX-221,0.051,0.1893,0.0582,0.6599,Forest
PX-222,0.074,0.1731,0.1282,0.6332,Crops
PX-223,0.079,0.1725,0.1443,0.6509,Crops
PX-224,0.1324,0.1604,0.1171,0.6264,Crops
PX-225,0.0578,0.1409,0.1281,0.6631,Crops
PX-226,0.1093,0.0466,0.2803,0.0985,Urban
PX-227,0.0999,0.1839,0.1003,0.6687,Crops
PX-228,0.0856,0.033,0.2349,0.1686,Urban
PX-229,0.1152,0.2003,0.0586,0.6412,Forest
PX-230,0.2574,0.098,0.0535,0.1148,Water
PX-231,0.0878,0.2205,0.0376,0.6885,Forest
PX-232,0.0789,0.2329,0.0176,0.6526,Forest
PX-233,0.1045,0.2078,0.0626,0.6886,Forest
PX-234,0.1019,0.2034,0.1147,0.6722,Crops
PX-235,0.2375,0.0455,0.0611,0.1633,Water
PX-236,0.0536,0.1671,0.1573,0.6258,Crops
PX-237,0.0759,0.1252,0.0772,0.6123,Crops
PX-238,0.064,0.2237,0.036,0.6577,Forest
PX-239,0.0787,0.2108,0.1158,0.6113,Crops
PX-240,0.1047,0.0489,0.3091,0.1426,Urban
PX-241,0.0709,0.0549,0.2473,0.0735,Urban
PX-242,0.0791,0.0449,0.3187,0.2133,Urban
PX-243,0.0812,0.1877,0.1227,0.7018,Crops
PX-244,0.097,0.2025,0.1181,0.6505,Crops
PX-245,0.0351,0.0251,0.276,0.1547,Urban
PX-246,0.0679,0.2082,0.0413,0.6045,Forest
PX-247,0.0842,0.0545,0.301,0.2209,Urban
PX-248,0.104,0.0623,0.2586,0.0964,Urban
PX-249,0.0702,0.0692,0.2869,0.1152,Urban
PX-250,0.0425,0.1762,0.1123,0.5758,Crops
PX-251,0.0924,0.1779,0.1048,0.6695,Crops
PX-252,0.0673,0.0557,0.3317,0.0757,Urban
PX-253,0.0562,0.1994,0.1284,0.6541,Crops
PX-254,0.0675,0.1884,0.1323,0.6282,Crops
PX-255,0.0763,0.2044,0.0728,0.6269,Forest
PX-256,0.0679,0.0346,0.2516,0.0878,Urban
PX-257,0.2059,0.0524,0.085,0.129,Water
PX-258,0.0979,0.218,0.01,0.6187,Forest
PX-259,0.1055,0.1808,0.1046,0.62,Crops
PX-260,0.093,0.2132,0.0408,0.6965,Forest
PX-261,0.0572,0.0953,0.2916,0.2241,Urban
PX-262,0.076,0.2008,0.1244,0.6691,Crops
PX-263,0.0799,0.2019,0.0467,0.6333,Forest
PX-264,0.092,0.0498,0.2798,0.1053,Urban
PX-265,0.2634,0.01,0.0304,0.1213,Water
PX-266,0.2353,0.0566,0.0201,0.106,Water
PX-267,0.2516,0.0535,0.0645,0.1561,Water
PX-268,0.0891,0.1878,0.1339,0.6587,Crops
PX-269,0.1091,0.1769,0.1517,0.6863,Crops
PX-270,0.0941,0.0536,0.2642,0.1074,Urban
PX-271,0.0958,0.0244,0.2939,0.173,Urban
PX-272,0.0817,0.0412,0.2743,0.1133,Urban
PX-273,0.1082,0.0695,0.3038,0.0812,Urban
PX-274,0.0882,0.2343,0.0704,0.7571,Forest
PX-275,0.0628,0.198,0.0542,0.597,Forest
PX-276,0.2781,0.0666,0.0432,0.0905,Water
PX-277,0.094,0.219,0.0692,0.6449,Forest
PX-278,0.2411,0.0438,0.0629,0.2203,Water
PX-279,0.2404,0.0673,0.0363,0.1923,Water
PX-280,0.0859,0.0452,0.2534,0.1798,Urban
PX-281,0.0893,0.1973,0.1142,0.6368,Crops
PX-282,0.0839,0.183,0.1503,0.747,Crops
PX-283,0.0862,0.186,0.1429,0.6647,Crops
PX-284,0.114,0.1843,0.0278,0.7091,Forest
PX-285,0.1014,0.1941,0.0966,0.6572,Crops
PX-286,0.0838,0.2417,0.0755,0.668,Forest
PX-287,0.0988,0.1798,0.0273,0.6599,Forest
PX-288,0.0593,0.1732,0.1302,0.6416,Crops
PX-289,0.088,0.2046,0.0377,0.6943,Forest
PX-290,0.1162,0.1957,0.1523,0.6647,Crops
PX-291,0.0756,0.1688,0.1046,0.6487,Crops
PX-292,0.063,0.01,0.3029,0.1804,Urban
PX-293,0.067,0.2072,0.1237,0.5313,Crops
PX-294,0.0582,0.1952,0.125,0.6704,Crops
PX-295,0.0643,0.1651,0.0106,0.6987,Forest
PX-296,0.2426,0.0478,0.01,0.1659,Water
PX-297,0.0519,0.2114,0.1156,0.6474,Crops
PX-298,0.0803,0.229,0.0549,0.6783,Forest
PX-299,0.098,0.1988,0.0975,0.6894,Crops
PX-300,0.0618,0.1765,0.0982,0.7096,Crops
PX-301,0.1104,0.2017,0.0612,0.658,Forest
PX-302,0.0902,0.1974,0.0613,0.6807,Forest
PX-303,0.1006,0.2226,0.0472,0.7371,Forest
PX-304,0.2368,0.0425,0.0656,0.035,Water
PX-305,0.0971,0.0439,0.2565,0.0924,Urban
PX-306,0.0582,0.2202,0.0429,0.7286,Forest
PX-307,0.0978,0.1791,0.153,0.6937,Crops
PX-308,0.2534,0.0876,0.0514,0.1409,Water
PX-309,0.0911,0.1666,0.1225,0.6321,Crops
PX-310,0.0565,0.1989,0.0961,0.6347,Forest
PX-311,0.0621,0.1616,0.092,0.6264,Crops
PX-312,0.0919,0.1801,0.1359,0.7119,Crops
PX-313,0.061,0.0304,0.3133,0.0949,Urban
PX-314,0.0893,0.0502,0.2735,0.1241,Urban
PX-315,0.2227,0.0313,0.0672,0.0899,Water
PX-316,0.097,0.2139,0.0304,0.7037,Forest
PX-317,0.0553,0.1943,0.1063,0.6285,Crops
PX-318,0.091,0.1454,0.1277,0.6461,Crops
PX-319,0.0925,0.2067,0.136,0.5827,Crops
PX-320,0.0661,0.2499,0.0724,0.6055,Forest
PX-321,0.2616,0.0609,0.0814,0.1203,Water
PX-322,0.2552,0.0472,0.0487,0.067,Water
PX-323,0.0692,0.2365,0.1439,0.7342,Crops
PX-324,0.0598,0.0336,0.2732,0.0375,Urban
PX-325,0.2107,0.0604,0.068,0.088,Water
PX-326,0.087,0.2036,0.0541,0.6707,Forest
PX-327,0.0487,0.2269,0.0589,0.6554,Forest
PX-328,0.0819,0.2072,0.0585,0.6258,Forest
PX-329,0.0747,0.17,0.0879,0.6117,Crops
PX-330,0.0936,0.161,0.0975,0.6104,Crops
PX-331,0.244,0.0532,0.0521,0.1085,Water
PX-332,0.0734,0.1599,0.0863,0.7281,Crops
PX-333,0.0946,0.181,0.1366,0.6531,Crops
PX-334,0.0867,0.1687,0.1374,0.6973,Crops
PX-335,0.0863,0.1501,0.1265,0.6703,Crops
PX-336,0.0894,0.0851,0.2576,0.1646,Urban
PX-337,0.2193,0.05,0.0776,0.01,Water
PX-338,0.0951,0.1746,0.0907,0.6578,Forest
PX-339,0.0922,0.1766,0.1229,0.7023,Crops
PX-340,0.0597,0.2014,0.0602,0.6471,Forest
PX-341,0.0751,0.1651,0.054,0.7405,Forest
PX-342,0.0792,0.1866,0.1306,0.7094,Crops
PX-343,0.0773,0.1791,0.0476,0.6512,Forest
PX-344,0.0867,0.2142,0.1193,0.6299,Crops
PX-345,0.1086,0.2105,0.0681,0.6295,Forest
PX-346,0.1016,0.192,0.0969,0.6448,Forest
PX-347,0.0538,0.1651,0.092,0.6007,Crops
PX-348,0.0924,0.1779,0.1179,0.6672,Crops
PX-349,0.1066,0.2123,0.0264,0.6118,Forest
PX-350,0.0877,0.1995,0.0818,0.6941,Forest
PX-351,0.1018,0.0557,0.2682,0.1451,Urban
PX-352,0.2902,0.0612,0.0211,0.0536,Water
PX-353,0.1005,0.1679,0.1328,0.712,Crops
PX-354,0.085,0.1731,0.1549,0.6705,Crops
PX-355,0.1009,0.1583,0.0633,0.7,Forest
PX-356,0.0829,0.1995,0.1241,0.6197,Crops
PX-357,0.0805,0.206,0.0582,0.6949,Forest
PX-358,0.073,0.0445,0.3083,0.1651,Urban
PX-359,0.1113,0.238,0.0325,0.6661,Forest
PX-360,0.0636,0.1817,0.1178,0.7301,Crops
PX-361,0.1106,0.1793,0.0409,0.6718,Forest
PX-362,0.09,0.2171,0.0266,0.7156,Forest
PX-363,0.052,0.208,0.0434,0.6817,Forest
PX-364,0.0874,0.0679,0.3022,0.1434,Urban
PX-365,0.038,0.1715,0.1313,0.5831,Crops
PX-366,0.0925,0.069,0.2929,0.1348,Urban
PX-367,0.0977,0.0548,0.2829,0.0906,Urban
PX-368,0.0682,0.1911,0.1305,0.6161,Crops
PX-369,0.0825,0.1419,0.104,0.7198,Crops
PX-370,0.1191,0.1713,0.1138,0.6414,Crops
PX-371,0.0699,0.2144,0.1238,0.6099,Crops
PX-372,0.0588,0.1647,0.1256,0.6356,Crops
PX-373,0.2796,0.0479,0.0564,0.068,Water
PX-374,0.1193,0.171,0.1172,0.7074,Crops
PX-375,0.0801,0.1557,0.1125,0.6222,Crops
PX-376,0.1002,0.0158,0.3432,0.1412,Urban
PX-377,0.1068,0.1754,0.1381,0.7042,Crops
PX-378,0.0652,0.0627,0.2883,0.1,Urban
PX-379,0.0703,0.1789,0.1153,0.6713,Crops
PX-380,0.1046,0.1771,0.111,0.6088,Crops
PX-381,0.2837,0.0609,0.0474,0.2178,Water
PX-382,0.0913,0.2205,0.0559,0.7075,Forest
PX-383,0.0624,0.0562,0.2424,0.1123,Urban
PX-384,0.2897,0.0485,0.0186,0.0891,Water
PX-385,0.0694,0.0544,0.2673,0.1154,Urban
PX-386,0.0733,0.1916,0.1241,0.6364,Crops
PX-387,0.0868,0.2082,0.1152,0.7281,Crops
PX-388,0.2811,0.0474,0.0796,0.071,Water
PX-389,0.0971,0.062,0.2504,0.1254,Urban
PX-390,0.0883,0.0668,0.265,0.1193,Urban
PX-391,0.0893,0.1801,0.0804,0.6653,Forest
PX-392,0.0809,0.1804,0.1226,0.6457,Crops
PX-393,0.2612,0.0307,0.0677,0.1154,Water
PX-394,0.0294,0.1446,0.161,0.6849,Crops
PX-395,0.0741,0.0673,0.2661,0.1444,Urban
PX-396,0.0848,0.0523,0.278,0.1368,Urban
PX-397,0.057,0.204,0.0446,0.5486,Forest
PX-398,0.2577,0.0596,0.0109,0.132,Water
PX-399,0.2459,0.0405,0.0438,0.0538,Water
PX-400,0.1151,0.1791,0.1376,0.6759,Crops
PX-401,0.1115,0.0353,0.2908,0.179,Urban
PX-402,0.0707,0.2278,0.0624,0.633,Forest
PX-403,0.077,0.0329,0.2725,0.1095,Urban
PX-404,0.0785,0.1761,0.1069,0.626,Crops
PX-405,0.071,0.0392,0.3054,0.1694,Urban
PX-406,0.0839,0.1914,0.1101,0.6538,Crops
PX-407,0.0648,0.1734,0.1259,0.7191,Crops
PX-408,0.0574,0.0496,0.2833,0.1366,Urban
PX-409,0.0925,0.1971,0.1492,0.6597,Crops
PX-410,0.0926,0.1806,0.1394,0.6527,Crops
PX-411,0.0639,0.0703,0.2541,0.1527,Urban
PX-412,0.0979,0.0404,0.2562,0.0505,Urban
PX-413,0.0674,0.1719,0.0616,0.6734,Forest
PX-414,0.0851,0.2021,0.0487,0.6672,Forest
PX-415,0.0964,0.1936,0.0409,0.699,Forest
PX-416,0.0793,0.1925,0.1403,0.6425,Crops
PX-417,0.0891,0.1784,0.1237,0.6085,Crops
PX-418,0.2397,0.0641,0.051,0.1203,Water
PX-419,0.2461,0.0275,0.0656,0.0767,Water
PX-420,0.2459,0.0978,0.0425,0.043,Water
PX-421,0.2351,0.0567,0.0814,0.1491,Water
PX-422,0.0765,0.194,0.1042,0.6732,Crops
PX-423,0.049,0.1833,0.0631,0.6887,Forest
PX-424,0.0702,0.1862,0.1487,0.7021,Crops
PX-425,0.0743,0.1739,0.0225,0.6434,Forest
PX-426,0.0749,0.209,0.0431,0.6128,Forest
PX-427,0.0752,0.0529,0.3028,0.1172,Urban
PX-428,0.0788,0.1806,0.1431,0.6361,Crops
PX-429,0.0896,0.194,0.1166,0.6163,Crops
PX-430,0.0975,0.1553,0.1053,0.6468,Crops
PX-431,0.237,0.0463,0.0691,0.0955,Water
PX-432,0.0559,0.2091,0.0737,0.5966,Forest
PX-433,0.0592,0.222,0.0967,0.6324,Crops
PX-434,0.0703,0.1772,0.0959,0.6045,Crops
PX-435,0.243,0.0718,0.0545,0.1293,Water
PX-436,0.0646,0.1779,0.1326,0.6238,Crops
PX-437,0.0541,0.0988,0.274,0.1645,Urban
PX-438,0.2409,0.0251,0.0636,0.1842,Water
PX-439,0.0836,0.1819,0.1058,0.6772,Crops
PX-440,0.0919,0.1475,0.0777,0.588,Crops
PX-441,0.0689,0.01,0.2715,0.1802,Urban
PX-442,0.0717,0.1859,0.1213,0.713,Crops
PX-443,0.0615,0.1828,0.1145,0.6508,Crops
PX-444,0.0794,0.0543,0.2568,0.1729,Urban
PX-445,0.063,0.0579,0.2437,0.0979,Urban
PX-446,0.0915,0.122,0.2697,0.0454,Urban
PX-447,0.2143,0.0548,0.068,0.0896,Water
PX-448,0.0728,0.1902,0.1451,0.7192,Crops
PX-449,0.086,0.167,0.1438,0.5904,Crops
PX-450,0.2537,0.0659,0.0337,0.12,Water
PX-451,0.1339,0.1952,0.0269,0.6714,Forest
PX-452,0.087,0.1918,0.0599,0.6495,Forest
PX-453,0.0599,0.0964,0.2927,0.1023,Urban
PX-454,0.0781,0.2035,0.128,0.6529,Crops
PX-455,0.0445,0.2027,0.01,0.6475,Forest
PX-456,0.0784,0.1339,0.1027,0.5931,Crops
PX-457,0.0633,0.1928,0.0494,0.6786,Forest
PX-458,0.0983,0.2341,0.1297,0.6929,Crops
PX-459,0.069,0.1754,0.1353,0.6848,Crops
PX-460,0.0777,0.2021,0.1229,0.6176,Crops
PX-461,0.0673,0.2288,0.0566,0.62,Forest
PX-462,0.2848,0.0644,0.0517,0.1086,Water
PX-463,0.0736,0.1832,0.0637,0.7327,Forest
PX-464,0.1167,0.0113,0.2863,0.1458,Urban
PX-465,0.0963,0.1937,0.1213,0.6782,Crops
PX-466,0.0896,0.1637,0.1146,0.6856,Crops
PX-467,0.0874,0.0635,0.2816,0.1368,Urban
PX-468,0.0879,0.155,0.1297,0.6548,Crops
PX-469,0.0414,0.0547,0.2853,0.1465,Urban
PX-470,0.0744,0.1807,0.1276,0.6282,Crops
PX-471,0.0969,0.0654,0.3069,0.0634,Urban
PX-472,0.079,0.1577,0.1253,0.6789,Crops
PX-473,0.0519,0.0839,0.267,0.1695,Urban
PX-474,0.079,0.1881,0.0677,0.6253,Forest
PX-475,0.1141,0.0265,0.2527,0.1529,Urban
PX-476,0.1049,0.1778,0.0984,0.7172,Crops
PX-477,0.0788,0.2007,0.0567,0.6699,Forest
PX-478,0.099,0.0632,0.2903,0.0873,Urban
PX-479,0.0727,0.2272,0.0251,0.6749,Forest
PX-480,0.0459,0.1953,0.0423,0.648,Forest
PX-481,0.2315,0.0576,0.0379,0.0953,Water
PX-482,0.1113,0.1779,0.0403,0.6873,Forest
PX-483,0.0745,0.2164,0.0689,0.6059,Forest
PX-484,0.0751,0.2037,0.0641,0.6122,Forest
PX-485,0.074,0.0516,0.2796,0.1208,Urban
PX-486,0.1181,0.1419,0.1091,0.6491,Crops
PX-487,0.1125,0.2089,0.093,0.6637,Crops
PX-488,0.1244,0.0354,0.3084,0.195,Urban
PX-489,0.0768,0.0482,0.2918,0.1242,Urban
PX-490,0.0859,0.2072,0.0359,0.6939,Forest
PX-491,0.0497,0.1761,0.0644,0.631,Forest
PX-492,0.1095,0.1501,0.1186,0.6807,Crops
PX-493,0.0566,0.1375,0.1143,0.6289,Crops
PX-494,0.0843,0.2144,0.0587,0.6729,Forest
PX-495,0.0581,0.1691,0.1052,0.6456,Crops
PX-496,0.0682,0.2585,0.0431,0.7113,Forest
PX-497,0.0633,0.1601,0.1224,0.5976,Crops
PX-498,0.0678,0.0416,0.27,0.0287,Urban
PX-499,0.0692,0.0487,0.2934,0.1115,Urban
PX-500,0.239,0.0649,0.0874,0.1387,Water
PX-501,0.0967,0.1906,0.0349,0.6761,Forest
PX-502,0.0579,0.1922,0.0867,0.6993,Crops
PX-503,0.0844,0.0404,0.24,0.1375,Urban
PX-504,0.2744,0.0324,0.047,0.0974,Water
PX-505,0.0697,0.144,0.1067,0.557,Crops
PX-506,0.0656,0.0155,0.2842,0.1105,Urban
PX-507,0.0754,0.0496,0.2827,0.1611,Urban
PX-508,0.1036,0.054,0.2479,0.1043,Urban
PX-509,0.2539,0.0474,0.0137,0.1211,Water
PX-510,0.0694,0.2249,0.0559,0.6869,Forest
PX-511,0.0897,0.2246,0.0527,0.6294,Forest
PX-512,0.058,0.0533,0.2715,0.1449,Urban
PX-513,0.0936,0.0241,0.2469,0.1855,Urban
PX-514,0.0882,0.1687,0.1294,0.6431,Crops
PX-515,0.0738,0.168,0.1454,0.6048,Crops
PX-516,0.0632,0.1669,0.1256,0.6473,Crops
PX-517,0.0623,0.046,0.2631,0.031,Urban
PX-518,0.0907,0.0469,0.2809,0.1335,Urban
PX-519,0.1046,0.1723,0.0927,0.6681,Crops
PX-520,0.0673,0.1873,0.0712,0.737,Forest
PX-521,0.0892,0.1842,0.1216,0.6422,Crops
PX-522,0.0383,0.0672,0.2446,0.1363,Urban
PX-523,0.0683,0.0418,0.274,0.0855,Urban
PX-524,0.0794,0.0854,0.2893,0.1057,Urban
PX-525,0.0618,0.1804,0.0433,0.609,Forest
PX-526,0.0613,0.1676,0.0445,0.6622,Forest
PX-527,0.0666,0.1876,0.0955,0.6378,Crops
PX-528,0.0858,0.1637,0.1313,0.662,Crops
PX-529,0.0763,0.0664,0.267,0.0951,Urban
PX-530,0.0352,0.0119,0.2369,0.1233,Urban
PX-531,0.0376,0.0878,0.2726,0.1067,Urban
PX-532,0.0679,0.0734,0.2996,0.1067,Urban
PX-533,0.0892,0.17,0.0423,0.6732,Forest
PX-534,0.195,0.0304,0.0848,0.1216,Water
PX-535,0.07,0.0934,0.2886,0.1504,Urban
PX-536,0.0695,0.0453,0.2868,0.1152,Urban
PX-537,0.1078,0.1633,0.1174,0.636,Crops
PX-538,0.0723,0.1547,0.0486,0.6628,Forest
PX-539,0.0877,0.173,0.1147,0.6214,Crops
PX-540,0.0828,0.0554,0.274,0.1056,Urban
PX-541,0.0374,0.2143,0.0606,0.7512,Forest
PX-542,0.0954,0.152,0.1013,0.6135,Crops
PX-543,0.2543,0.0296,0.0285,0.1089,Water
PX-544,0.0902,0.209,0.0275,0.6545,Forest
PX-545,0.1585,0.2001,0.1609,0.6401,Crops
PX-546,0.0383,0.1486,0.1306,0.6368,Crops
PX-547,0.2845,0.0816,0.0561,0.1312,Water
PX-548,0.0743,0.2008,0.0288,0.6016,Forest
PX-549,0.2557,0.0818,0.0625,0.1615,Water
PX-550,0.0791,0.1986,0.0477,0.6953,Forest
PX-551,0.0715,0.01,0.2843,0.0703,Urban
PX-552,0.0686,0.197,0.0305,0.5792,Forest
PX-553,0.0866,0.2212,0.0532,0.6309,Forest
PX-554,0.0497,0.0421,0.2715,0.1103,Urban
PX-555,0.095,0.1922,0.0347,0.7732,Forest
PX-556,0.0717,0.1765,0.1347,0.6717,Crops
PX-557,0.0574,0.122,0.0892,0.5777,Crops
PX-558,0.241,0.0934,0.0613,0.0924,Water
PX-559,0.1051,0.182,0.0637,0.6679,Forest
PX-560,0.2393,0.0701,0.0324,0.1301,Water
PX-561,0.0872,0.1783,0.1036,0.5974,Crops
PX-562,0.0654,0.2052,0.1155,0.6446,Crops
PX-563,0.0952,0.1881,0.1256,0.6213,Crops
PX-564,0.0937,0.1753,0.1169,0.6058,Crops
PX-565,0.117,0.1821,0.0587,0.6804,Forest
PX-566,0.0765,0.196,0.1553,0.681,Crops
PX-567,0.0934,0.1625,0.0398,0.7036,Forest
PX-568,0.082,0.0729,0.2457,0.143,Urban
PX-569,0.1059,0.158,0.1365,0.6301,Crops
PX-570,0.0656,0.225,0.0837,0.6986,Forest
PX-571,0.2649,0.0632,0.0579,0.1324,Water
PX-572,0.0761,0.1929,0.0982,0.6554,Crops
PX-573,0.0787,0.2016,0.0475,0.6455,Forest
PX-574,0.0818,0.025,0.2576,0.1001,Urban
PX-575,0.085,0.0428,0.2929,0.123,Urban
PX-576,0.0777,0.1934,0.093,0.7476,Crops
PX-577,0.0843,0.0633,0.274,0.132,Urban
PX-578,0.1116,0.2236,0.0299,0.6456,Forest
PX-579,0.0997,0.1881,0.1225,0.6167,Crops
PX-580,0.0974,0.1807,0.0427,0.6503,Forest
PX-581,0.0709,0.0441,0.2835,0.2071,Urban
PX-582,0.0622,0.2021,0.0504,0.654,Forest
PX-583,0.0991,0.1337,0.1003,0.6863,Crops
PX-584,0.0975,0.2335,0.0625,0.655,Forest
PX-585,0.1095,0.1888,0.119,0.6604,Crops
PX-586,0.0679,0.2045,0.1002,0.6817,Crops
PX-587,0.0754,0.1484,0.1648,0.6271,Crops
PX-588,0.0472,0.2049,0.1295,0.6244,Crops
PX-589,0.0722,0.2246,0.1169,0.7164,Crops
PX-590,0.0999,0.1536,0.1483,0.6894,Crops
PX-591,0.0707,0.2154,0.0868,0.7016,Forest
PX-592,0.0928,0.18,0.1171,0.6815,Crops
PX-593,0.0762,0.1491,0.1269,0.6684,Crops
PX-594,0.0865,0.0699,0.2602,0.2007,Urban
PX-595,0.057,0.2167,0.0471,0.6718,Forest
PX-596,0.2517,0.048,0.046,0.1431,Water
PX-597,0.0202,0.2033,0.1237,0.592,Crops
PX-598,0.0763,0.1467,0.1267,0.617,Crops
PX-599,0.0474,0.1501,0.1312,0.602,Crops
PX-600,0.1041,0.1827,0.1248,0.701,Crops
PX-601,0.0955,0.1805,0.0958,0.5479,Crops
PX-602,0.0893,0.1657,0.1012,0.6339,Crops
PX-603,0.1104,0.1962,0.1091,0.5303,Crops
PX-604,0.061,0.1906,0.1144,0.6167,Crops
PX-605,0.1149,0.2172,0.071,0.6504,Forest
PX-606,0.0986,0.1775,0.0967,0.7054,Crops
PX-607,0.0753,0.1921,0.1129,0.6659,Crops
PX-608,0.1027,0.1911,0.0691,0.6367,Forest
PX-609,0.2279,0.1011,0.044,0.1626,Water
PX-610,0.0635,0.1637,0.1292,0.6507,Crops
PX-611,0.2378,0.1021,0.0472,0.1215,Water
PX-612,0.0694,0.2007,0.0551,0.6219,Forest
PX-613,0.0589,0.1525,0.1154,0.6104,Crops
PX-614,0.1045,0.0874,0.2933,0.087,Urban
PX-615,0.0748,0.0625,0.2491,0.1219,Urban
PX-616,0.0871,0.197,0.1127,0.6531,Crops
PX-617,0.0686,0.2045,0.1259,0.7118,Crops
PX-618,0.0436,0.0668,0.2907,0.1354,Urban
PX-619,0.2554,0.0482,0.0799,0.0117,Water
PX-620,0.0418,0.1995,0.1122,0.6605,Crops
PX-621,0.0786,0.18,0.1496,0.592,Crops
PX-622,0.0526,0.1937,0.1068,0.6114,Crops
PX-623,0.1197,0.1569,0.0766,0.6375,Forest
PX-624,0.0982,0.2089,0.0663,0.6435,Forest
PX-625,0.0821,0.1672,0.1017,0.595,Crops
PX-626,0.1053,0.2331,0.0561,0.6781,Forest
PX-627,0.2331,0.0725,0.049,0.0636,Water
PX-628,0.0909,0.1848,0.1325,0.6643,Crops
PX-629,0.084,0.1897,0.1155,0.7395,Crops
PX-630,0.2553,0.04,0.0439,0.0668,Water
PX-631,0.1054,0.0925,0.3074,0.1086,Urban
PX-632,0.0946,0.2398,0.048,0.5691,Forest
PX-633,0.0858,0.2079,0.0665,0.658,Forest
PX-634,0.0469,0.2118,0.1155,0.6757,Crops
PX-635,0.0608,0.1886,0.0833,0.6988,Forest
PX-636,0.0775,0.1841,0.0364,0.6731,Forest
PX-637,0.0819,0.1808,0.1077,0.6856,Crops
PX-638,0.0574,0.1887,0.1505,0.7518,Crops
PX-639,0.1282,0.1721,0.1111,0.7185,Crops
PX-640,0.1103,0.1908,0.152,0.6291,Crops
PX-641,0.092,0.1861,0.1378,0.592,Crops
PX-642,0.0814,0.16,0.1169,0.6338,Crops
PX-643,0.0758,0.1904,0.0837,0.6121,Crops
PX-644,0.061,0.1973,0.1196,0.6681,Crops
PX-645,0.0815,0.0634,0.282,0.0728,Urban
PX-646,0.0852,0.2231,0.0733,0.6671,Forest
PX-647,0.2252,0.0357,0.0818,0.1535,Water
PX-648,0.2567,0.0694,0.0363,0.116,Water
PX-649,0.0769,0.1766,0.066,0.6321,Forest
PX-650,0.0418,0.1577,0.1353,0.697,Crops
PX-651,0.0628,0.1874,0.0715,0.5948,Forest
PX-652,0.0717,0.1812,0.06,0.6569,Forest
PX-653,0.2878,0.049,0.0112,0.1183,Water
PX-654,0.0911,0.1957,0.0469,0.6706,Forest
PX-655,0.0533,0.1967,0.0969,0.6572,Crops
PX-656,0.0897,0.1736,0.1159,0.6744,Crops
PX-657,0.0491,0.1483,0.1396,0.6486,Crops
PX-658,0.1017,0.2228,0.0561,0.6553,Forest
PX-659,0.0706,0.1833,0.073,0.6537,Forest
PX-660,0.0781,0.1788,0.1268,0.6255,Crops
PX-661,0.1065,0.0689,0.254,0.1515,Urban
PX-662,0.0543,0.204,0.01,0.6441,Forest
PX-663,0.0521,0.2019,0.123,0.6839,Crops
PX-664,0.0683,0.1896,0.1157,0.6508,Crops
PX-665,0.1008,0.1628,0.1005,0.6291,Crops
PX-666,0.0496,0.2236,0.086,0.6747,Crops
PX-667,0.0234,0.1839,0.1053,0.6209,Crops
PX-668,0.071,0.1771,0.1161,0.6755,Crops
PX-669,0.091,0.1993,0.1333,0.6585,Crops
PX-670,0.104,0.185,0.1238,0.6261,Crops
PX-671,0.0707,0.068,0.3122,0.1411,Urban
PX-672,0.0718,0.2298,0.0993,0.6719,Crops
PX-673,0.1031,0.1945,0.0676,0.7163,Forest
PX-674,0.0426,0.1936,0.0509,0.7086,Forest
PX-675,0.0722,0.0623,0.2939,0.1397,Urban
PX-676,0.0838,0.2014,0.1113,0.6049,Crops
PX-677,0.089,0.1499,0.1414,0.7479,Crops
PX-678,0.0698,0.0207,0.2859,0.0639,Urban
PX-679,0.0807,0.0483,0.2664,0.158,Urban
PX-680,0.0302,0.0273,0.2798,0.1373,Urban
PX-681,0.0668,0.1715,0.1152,0.603,Crops
PX-682,0.0891,0.19,0.1298,0.645,Crops
PX-683,0.2304,0.0422,0.0264,0.1168,Water
PX-684,0.0812,0.0315,0.2794,0.1722,Urban
PX-685,0.0889,0.2014,0.0579,0.6415,Forest
PX-686,0.0731,0.2173,0.0507,0.6595,Forest
PX-687,0.0834,0.1461,0.1469,0.5566,Crops
PX-688,0.2307,0.0764,0.0655,0.1894,Water
PX-689,0.0759,0.1963,0.1199,0.6072,Crops
PX-690,0.0922,0.1991,0.1243,0.6631,Crops
PX-691,0.0831,0.2244,0.0559,0.6659,Forest
PX-692,0.0683,0.244,0.0581,0.6661,Forest
PX-693,0.0845,0.1729,0.0835,0.6824,Crops
PX-694,0.0943,0.1822,0.114,0.7169,Crops
PX-695,0.039,0.1917,0.0203,0.6801,Forest
PX-696,0.1032,0.18,0.1456,0.6762,Crops
PX-697,0.0733,0.2307,0.0488,0.6832,Forest
PX-698,0.0885,0.1531,0.1161,0.6907,Crops
PX-699,0.1039,0.1828,0.0679,0.6515,Forest
PX-700,0.0526,0.2275,0.0584,0.713,Forest
PX-701,0.0658,0.2004,0.0974,0.6944,Crops
PX-702,0.0742,0.1727,0.1186,0.6933,Crops
PX-703,0.0643,0.1971,0.1133,0.6236,Crops
PX-704,0.1147,0.1868,0.0851,0.6433,Crops
PX-705,0.0629,0.09,0.2662,0.1296,Urban
PX-706,0.0689,0.1815,0.1163,0.5952,Crops
PX-707,0.0841,0.0805,0.2777,0.1838,Urban
PX-708,0.056,0.2328,0.0904,0.6495,Crops
PX-709,0.2421,0.072,0.073,0.1314,Water
PX-710,0.2563,0.061,0.048,0.0969,Water
PX-711,0.0733,0.2144,0.0508,0.6169,Forest
PX-712,0.0781,0.1927,0.058,0.6458,Forest
PX-713,0.0694,0.2478,0.0342,0.6788,Forest
PX-714,0.0497,0.1836,0.1291,0.6769,Crops
PX-715,0.0864,0.0545,0.2727,0.1265,Urban
PX-716,0.1151,0.0433,0.2621,0.1339,Urban
PX-717,0.0804,0.0819,0.2915,0.1065,Urban
PX-718,0.0845,0.1973,0.1498,0.6698,Crops
PX-719,0.2639,0.0501,0.0645,0.1793,Water
PX-720,0.0546,0.0715,0.2985,0.1482,Urban
PX-721,0.1141,0.1498,0.1096,0.6824,Crops
PX-722,0.084,0.1837,0.088,0.6618,Crops
PX-723,0.2826,0.0691,0.0798,0.0599,Water
PX-724,0.0653,0.2341,0.0911,0.6282,Forest
PX-725,0.1164,0.0446,0.3109,0.1382,Urban
PX-726,0.0955,0.1544,0.1133,0.6496,Crops
PX-727,0.2611,0.0421,0.0269,0.1376,Water
PX-728,0.0847,0.1533,0.0987,0.7171,Crops
PX-729,0.075,0.2067,0.0863,0.679,Crops
PX-730,0.104,0.211,0.1179,0.7004,Crops
PX-731,0.0828,0.0664,0.3121,0.1238,Urban
PX-732,0.2107,0.0844,0.0472,0.0877,Water
PX-733,0.0577,0.2027,0.056,0.6677,Forest
PX-734,0.0763,0.1781,0.1475,0.6178,Crops
PX-735,0.0862,0.0533,0.2719,0.1823,Urban
PX-736,0.0789,0.1738,0.1607,0.6816,Crops
PX-737,0.1044,0.029,0.3198,0.1408,Urban
PX-738,0.041,0.2053,0.0474,0.7194,Forest
PX-739,0.0829,0.1792,0.1084,0.5692,Crops
PX-740,0.0436,0.2149,0.0639,0.6935,Forest
PX-741,0.0952,0.1819,0.113,0.5976,Crops
PX-742,0.2481,0.0567,0.0269,0.1197,Water
PX-743,0.0884,0.1826,0.0756,0.6575,Forest
PX-744,0.0627,0.1814,0.1443,0.6765,Crops
PX-745,0.1056,0.0748,0.2831,0.1291,Urban
PX-746,0.1008,0.1571,0.0947,0.7038,Crops
PX-747,0.0917,0.2017,0.0254,0.6459,Forest
PX-748,0.0774,0.0647,0.2821,0.1484,Urban
PX-749,0.0916,0.1856,0.04,0.6765,Forest
PX-750,0.0659,0.1682,0.1132,0.5846,Crops
PX-751,0.0971,0.0646,0.3004,0.0833,Urban
PX-752,0.113,0.1773,0.0647,0.664,Forest
PX-753,0.1014,0.187,0.1476,0.6945,Crops
PX-754,0.0654,0.1621,0.1002,0.6685,Crops
PX-755,0.2572,0.0813,0.0431,0.0733,Water
PX-756,0.0541,0.2468,0.0652,0.6644,Forest
PX-757,0.0914,0.1828,0.059,0.7507,Forest
PX-758,0.089,0.0707,0.3106,0.1244,Urban
PX-759,0.2126,0.0455,0.0584,0.1069,Water
PX-760,0.0568,0.2008,0.157,0.6697,Crops
PX-761,0.0743,0.1547,0.1308,0.6805,Crops
PX-762,0.074,0.1896,0.1412,0.6318,Crops
PX-763,0.2258,0.0425,0.0435,0.1401,Water
PX-764,0.0878,0.1759,0.1203,0.6368,Crops
PX-765,0.085,0.1794,0.0682,0.6988,Forest
PX-766,0.2461,0.0764,0.0823,0.1268,Water
PX-767,0.0649,0.0433,0.2946,0.1393,Urban
PX-768,0.101,0.191,0.1183,0.6196,Crops
PX-769,0.1131,0.0531,0.3075,0.0871,Urban
PX-770,0.0703,0.1777,0.0762,0.6878,Crops
PX-771,0.0678,0.063,0.2516,0.1168,Urban
PX-772,0.0898,0.1648,0.1336,0.6614,Crops
PX-773,0.0728,0.1842,0.1203,0.6377,Crops
PX-774,0.2472,0.0906,0.0621,0.1559,Water
PX-775,0.0948,0.1644,0.1213,0.6257,Crops
PX-776,0.0418,0.2034,0.1314,0.6446,Crops
PX-777,0.2764,0.09,0.0337,0.1514,Water
PX-778,0.2515,0.0437,0.0614,0.1669,Water
PX-779,0.0718,0.1709,0.0699,0.649,Forest
PX-780,0.2482,0.066,0.0744,0.1984,Water
PX-781,0.0792,0.1891,0.0903,0.6825,Forest
PX-782,0.0454,0.2174,0.1249,0.6083,Crops
PX-783,0.1099,0.1807,0.1255,0.6648,Crops
PX-784,0.0808,0.164,0.0895,0.6347,Crops
PX-785,0.0889,0.0371,0.2694,0.1374,Urban
PX-786,0.099,0.2218,0.0461,0.6683,Forest
PX-787,0.0596,0.1886,0.071,0.673,Forest
PX-788,0.0895,0.2009,0.0378,0.6335,Forest
PX-789,0.0746,0.0791,0.2959,0.1596,Urban
PX-790,0.0969,0.1703,0.12,0.6038,Crops
PX-791,0.0375,0.1991,0.0465,0.6256,Forest
PX-792,0.078,0.1997,0.055,0.6847,Forest
PX-793,0.0679,0.2137,0.0422,0.7341,Forest
PX-794,0.0886,0.1918,0.1114,0.6359,Crops
PX-795,0.0894,0.0556,0.2459,0.148,Urban
PX-796,0.0658,0.0613,0.275,0.1629,Urban
PX-797,0.0658,0.1926,0.0404,0.7026,Forest
PX-798,0.2478,0.0304,0.0397,0.1076,Water
PX-799,0.0621,0.0652,0.2883,0.0764,Urban
PX-800,0.2668,0.0978,0.0632,0.0317,Water
PX-801,0.0726,0.1623,0.1246,0.6395,Crops
PX-802,0.0219,0.1845,0.0699,0.7171,Forest
PX-803,0.0725,0.1826,0.0615,0.625,Forest
PX-804,0.0592,0.2145,0.0441,0.698,Forest
PX-805,0.2174,0.069,0.0407,0.082,Water
PX-806,0.0553,0.0568,0.2863,0.1242,Urban
PX-807,0.0822,0.0416,0.2915,0.1483,Urban
PX-808,0.1066,0.2018,0.078,0.6436,Forest
PX-809,0.0863,0.1487,0.1438,0.6568,Crops
PX-810,0.0679,0.0629,0.2692,0.1034,Urban
PX-811,0.0891,0.0774,0.278,0.1482,Urban
PX-812,0.0708,0.155,0.1334,0.6594,Crops
PX-813,0.0661,0.0293,0.3014,0.1223,Urban
PX-814,0.0569,0.0916,0.2988,0.1823,Urban
PX-815,0.045,0.1878,0.0487,0.6965,Forest
PX-816,0.0722,0.2227,0.0249,0.6424,Forest
PX-817,0.0832,0.1769,0.1,0.6466,Crops
PX-818,0.0781,0.1768,0.1255,0.647,Crops
PX-819,0.0717,0.1888,0.1268,0.6532,Crops
PX-820,0.0611,0.0423,0.258,0.221,Urban
PX-821,0.0922,0.1826,0.1209,0.6648,Crops
PX-822,0.0537,0.1724,0.1326,0.5686,Crops
PX-823,0.0955,0.1536,0.097,0.6283,Crops
PX-824,0.06,0.2067,0.0721,0.5927,Forest
PX-825,0.065,0.0547,0.2724,0.1068,Urban
PX-826,0.0507,0.1769,0.1452,0.5705,Crops
PX-827,0.07,0.1558,0.1093,0.6151,Crops
PX-828,0.2695,0.0918,0.0295,0.0592,Water
PX-829,0.0903,0.2175,0.0408,0.6854,Forest
PX-830,0.0996,0.1993,0.1181,0.65,Crops
PX-831,0.0904,0.1939,0.0422,0.6821,Forest
PX-832,0.0579,0.1454,0.1157,0.6458,Crops
PX-833,0.0734,0.2191,0.1267,0.5942,Crops
PX-834,0.0644,0.1988,0.0466,0.6905,Forest
PX-835,0.1066,0.185,0.0487,0.7469,Forest
PX-836,0.0561,0.0683,0.2458,0.1364,Urban
PX-837,0.0979,0.2033,0.1278,0.633,Crops
PX-838,0.0979,0.1995,0.0482,0.6129,Forest
PX-839,0.1166,0.2256,0.0822,0.6337,Forest
PX-840,0.0718,0.2017,0.1012,0.6681,Crops
PX-841,0.2642,0.0385,0.0138,0.1629,Water
PX-842,0.1256,0.1665,0.1324,0.6604,Crops
PX-843,0.0676,0.0792,0.2869,0.152,Urban
PX-844,0.0493,0.1257,0.0998,0.6783,Crops
PX-845,0.0424,0.197,0.0194,0.6903,Forest
PX-846,0.0943,0.1514,0.1507,0.6237,Crops
PX-847,0.0423,0.0505,0.3083,0.127,Urban
PX-848,0.0726,0.194,0.01,0.6361,Forest
PX-849,0.0887,0.1928,0.0408,0.6707,Forest
PX-850,0.0837,0.169,0.1533,0.6632,Crops
PX-851,0.2585,0.0381,0.0405,0.1872,Water
PX-852,0.0844,0.2258,0.1102,0.5976,Crops
PX-853,0.1056,0.0973,0.2743,0.1393,Urban
PX-854,0.061,0.1568,0.0976,0.7092,Crops
PX-855,0.0665,0.2116,0.0859,0.6804,Crops
PX-856,0.0645,0.172,0.1411,0.6833,Crops
PX-857,0.0966,0.2026,0.0131,0.6935,Forest
PX-858,0.098,0.1987,0.0549,0.7219,Forest
PX-859,0.089,0.1668,0.1377,0.6065,Crops
PX-860,0.2737,0.0797,0.021,0.0646,Water
PX-861,0.0564,0.2025,0.0315,0.6697,Forest
PX-862,0.1133,0.1905,0.0743,0.5836,Forest
PX-863,0.1105,0.1739,0.0607,0.7192,Forest
PX-864,0.0947,0.1821,0.0377,0.7188,Forest
PX-865,0.1156,0.1672,0.074,0.6527,Forest
PX-866,0.0469,0.1802,0.1441,0.6352,Crops
PX-867,0.0695,0.1561,0.1254,0.6471,Crops
PX-868,0.0653,0.0547,0.262,0.1221,Urban
PX-869,0.0944,0.0874,0.2717,0.1251,Urban
PX-870,0.059,0.204,0.1257,0.6723,Crops
PX-871,0.0951,0.1794,0.1162,0.6431,Crops
PX-872,0.1074,0.1983,0.0688,0.7077,Forest
PX-873,0.0939,0.2376,0.0194,0.6878,Forest
PX-874,0.0857,0.1904,0.0901,0.6257,Crops
PX-875,0.0602,0.1734,0.1236,0.7034,Crops
PX-876,0.2331,0.0315,0.0402,0.0657,Water
PX-877,0.275,0.0679,0.0375,0.1163,Water
PX-878,0.0956,0.1966,0.0846,0.6887,Crops
PX-879,0.0792,0.1674,0.1204,0.6211,Crops
PX-880,0.0716,0.1858,0.1189,0.6624,Crops
PX-881,0.2095,0.0527,0.0631,0.1417,Water
PX-882,0.0586,0.1763,0.1214,0.6156,Crops
PX-883,0.1182,0.1302,0.1173,0.6471,Crops
PX-884,0.2244,0.0556,0.0735,0.1137,Water
PX-885,0.0838,0.1994,0.0938,0.6279,Crops
PX-886,0.2701,0.0474,0.0607,0.2121,Water
PX-887,0.0549,0.1811,0.0866,0.6195,Crops
PX-888,0.0837,0.1649,0.1032,0.6902,Crops
PX-889,0.0988,0.1872,0.0957,0.6343,Crops
PX-890,0.2502,0.0557,0.0656,0.0765,Water
PX-891,0.1374,0.0412,0.2787,0.1241,Urban
PX-892,0.0466,0.0867,0.2797,0.146,Urban
PX-893,0.1012,0.1986,0.0979,0.6868,Crops
PX-894,0.2465,0.0479,0.044,0.1825,Water
PX-895,0.0954,0.19,0.1047,0.7678,Crops
PX-896,0.0888,0.1907,0.1277,0.66,Crops
PX-897,0.0653,0.0728,0.2602,0.0935,Urban
PX-898,0.0846,0.1461,0.1466,0.6681,Crops
PX-899,0.0428,0.2001,0.0865,0.6394,Crops
PX-900,0.0921,0.1686,0.1039,0.687,Crops
PX-901,0.086,0.1728,0.1535,0.5981,Crops
PX-902,0.0928,0.2328,0.1113,0.7447,Crops
PX-903,0.1012,0.206,0.0237,0.7042,Forest
PX-904,0.0874,0.1923,0.0544,0.6026,Forest
PX-905,0.083,0.0159,0.2705,0.0916,Urban
PX-906,0.0624,0.0878,0.2633,0.1526,Urban
PX-907,0.0658,0.1531,0.0981,0.6971,Crops
PX-908,0.1037,0.1599,0.1754,0.5991,Crops
PX-909,0.1087,0.1734,0.115,0.6785,Crops
PX-910,0.0752,0.2283,0.0115,0.5921,Forest
PX-911,0.0809,0.1955,0.1499,0.6464,Crops
PX-912,0.0619,0.1968,0.0622,0.7145,Forest
PX-913,0.1035,0.2062,0.0347,0.6479,Forest
PX-914,0.0933,0.188,0.0313,0.6097,Forest
PX-915,0.1188,0.2028,0.0635,0.6758,Forest
PX-916,0.0624,0.1815,0.1151,0.6258,Crops
PX-917,0.0724,0.0794,0.2415,0.1452,Urban
PX-918,0.2546,0.0793,0.0857,0.0846,Water
PX-919,0.0929,0.1899,0.1113,0.6191,Crops
PX-920,0.0757,0.0528,0.3099,0.0392,Urban
PX-921,0.0625,0.2148,0.0756,0.6768,Forest
PX-922,0.0976,0.0582,0.26,0.1136,Urban
PX-923,0.2644,0.0384,0.0707,0.0725,Water
PX-924,0.0617,0.1919,0.037,0.6778,Forest
PX-925,0.1071,0.1817,0.0827,0.6911,Crops
PX-926,0.1034,0.1982,0.1115,0.6414,Crops
PX-927,0.0827,0.1963,0.058,0.6807,Forest
PX-928,0.0816,0.1758,0.0407,0.6809,Forest
PX-929,0.0911,0.1811,0.1139,0.6018,Crops
PX-930,0.0628,0.1823,0.1429,0.7323,Crops
PX-931,0.0806,0.0637,0.2821,0.1012,Urban
PX-932,0.037,0.0784,0.2631,0.1462,Urban
PX-933,0.0975,0.2204,0.064,0.7008,Forest
PX-934,0.0488,0.1681,0.124,0.6444,Crops
PX-935,0.1101,0.1677,0.0696,0.6743,Crops
PX-936,0.0734,0.1592,0.1286,0.6598,Crops
PX-937,0.0758,0.074,0.2878,0.0633,Urban
PX-938,0.0674,0.209,0.1204,0.6367,Crops
PX-939,0.0742,0.1937,0.0678,0.6455,Forest
PX-940,0.1084,0.1752,0.1066,0.6315,Crops
PX-941,0.0302,0.2293,0.0567,0.6178,Forest
PX-942,0.2755,0.0701,0.0187,0.1651,Water
PX-943,0.0868,0.0687,0.2881,0.1841,Urban
PX-944,0.0559,0.1562,0.1591,0.6891,Crops
PX-945,0.0585,0.1936,0.1001,0.7008,Crops
PX-946,0.1135,0.1614,0.1048,0.6362,Crops
PX-947,0.0611,0.0373,0.2658,0.0945,Urban
PX-948,0.0569,0.0531,0.2826,0.0889,Urban
PX-949,0.1027,0.1883,0.0287,0.6958,Forest
PX-950,0.0868,0.1956,0.0584,0.6791,Forest
PX-951,0.2312,0.0312,0.0669,0.1169,Water
PX-952,0.0843,0.1992,0.1307,0.7018,Crops
PX-953,0.0595,0.0826,0.2446,0.1362,Urban
PX-954,0.102,0.1611,0.0699,0.6365,Forest
PX-955,0.1012,0.1996,0.1387,0.6228,Crops
PX-956,0.0906,0.1838,0.0666,0.6973,Forest
PX-957,0.0872,0.1971,0.1275,0.6917,Crops
PX-958,0.1152,0.1786,0.1244,0.6721,Crops
PX-959,0.25,0.0606,0.0706,0.1959,Water
PX-960,0.0564,0.1763,0.1585,0.7154,Crops
PX-961,0.089,0.2242,0.0309,0.6876,Forest
PX-962,0.1217,0.1552,0.1416,0.6165,Crops
PX-963,0.0597,0.1922,0.1183,0.5976,Crops
PX-964,0.0728,0.202,0.1174,0.6345,Crops
PX-965,0.0883,0.1943,0.0893,0.6801,Crops
PX-966,0.2489,0.1065,0.0443,0.1931,Water
PX-967,0.0604,0.1694,0.1001,0.6667,Crops
PX-968,0.1024,0.2191,0.0407,0.7167,Forest
PX-969,0.1264,0.1979,0.028,0.6602,Forest
PX-970,0.2539,0.0847,0.041,0.1449,Water
PX-971,0.0619,0.0598,0.2719,0.1529,Urban
PX-972,0.219,0.0522,0.0519,0.0408,Water
PX-973,0.0852,0.2061,0.0877,0.6335,Crops
PX-974,0.1021,0.1702,0.0911,0.688,Crops
PX-975,0.0895,0.1517,0.1272,0.661,Crops
PX-976,0.08,0.1897,0.0341,0.6221,Forest
PX-977,0.0682,0.1924,0.1415,0.5528,Crops
PX-978,0.0582,0.2278,0.0545,0.6554,Forest
PX-979,0.0967,0.2022,0.0621,0.6671,Forest
PX-980,0.0983,0.2064,0.1482,0.6146,Crops
PX-981,0.2191,0.0328,0.0438,0.1257,Water
PX-982,0.1118,0.1711,0.1085,0.6703,Crops
PX-983,0.0915,0.1742,0.1374,0.6768,Crops
PX-984,0.278,0.0577,0.0602,0.0258,Water
PX-985,0.0532,0.2017,0.0463,0.6174,Forest
PX-986,0.2227,0.0738,0.0778,0.1078,Water
PX-987,0.077,0.1911,0.0458,0.6929,Forest
PX-988,0.0901,0.1828,0.1207,0.6696,Crops
PX-989,0.1159,0.0591,0.2804,0.1389,Urban
PX-990,0.2641,0.0415,0.0313,0.1047,Water
PX-991,0.2451,0.0577,0.0516,0.1069,Water
PX-992,0.0595,0.1771,0.1479,0.6209,Crops
PX-993,0.1046,0.1967,0.0589,0.7007,Forest
PX-994,0.0607,0.1806,0.1206,0.6132,Crops
PX-995,0.1126,0.1815,0.1168,0.684,Crops
PX-996,0.0743,0.0514,0.2866,0.1283,Urban
PX-997,0.1118,0.2055,0.135,0.6482,Crops
PX-998,0.0936,0.0366,0.2922,0.0937,Urban
PX-999,0.0773,0.1856,0.0434,0.6158,Forest
PX-1000,0.0696,0.2356,0.1265,0.6241,Crops
PX-1001,0.0732,0.1792,0.0596,0.6568,Forest
PX-1002,0.0886,0.0329,0.2599,0.0252,Urban
PX-1003,0.2515,0.0747,0.0534,0.1121,Water
PX-1004,0.0681,0.0185,0.2368,0.157,Urban
PX-1005,0.2467,0.0553,0.0597,0.1427,Water
PX-1006,0.2516,0.1029,0.0632,0.1002,Water
PX-1007,0.0374,0.0291,0.295,0.1219,Urban
PX-1008,0.0892,0.1404,0.1121,0.6278,Crops
PX-1009,0.0604,0.17,0.0562,0.676,Forest
PX-1010,0.0569,0.198,0.1485,0.7116,Crops
PX-1011,0.0463,0.0825,0.3083,0.1587,Urban
PX-1012,0.0441,0.0497,0.2794,0.1408,Urban
PX-1013,0.0529,0.1937,0.1228,0.6303,Crops
PX-1014,0.2358,0.0878,0.0722,0.15,Water
PX-1015,0.1191,0.0957,0.25,0.0525,Urban
PX-1016,0.0695,0.1751,0.1135,0.6399,Crops
PX-1017,0.0836,0.154,0.0767,0.6933,Forest
PX-1018,0.088,0.0436,0.2995,0.1496,Urban
PX-1019,0.0826,0.1715,0.1274,0.6768,Crops
PX-1020,0.2485,0.0548,0.0199,0.1318,Water
PX-1021,0.0561,0.1762,0.119,0.6422,Crops
PX-1022,0.109,0.0824,0.2682,0.1415,Urban
PX-1023,0.1161,0.0855,0.2866,0.0819,Urban
PX-1024,0.0463,0.0566,0.2638,0.0862,Urban
PX-1025,0.0595,0.222,0.0295,0.6725,Forest
PX-1026,0.0744,0.0672,0.2387,0.1269,Urban
PX-1027,0.0607,0.0613,0.3044,0.047,Urban
PX-1028,0.0901,0.1981,0.112,0.6682,Crops
PX-1029,0.0654,0.0614,0.2831,0.1509,Urban
PX-1030,0.1233,0.2212,0.12,0.6469,Crops
PX-1031,0.1038,0.1712,0.0287,0.765,Forest
PX-1032,0.0843,0.1697,0.0948,0.6227,Crops
PX-1033,0.1005,0.1775,0.0999,0.6356,Crops
PX-1034,0.1021,0.1888,0.1055,0.6342,Crops
PX-1035,0.2387,0.0854,0.0573,0.117,Water
PX-1036,0.0637,0.1795,0.1041,0.6369,Crops
PX-1037,0.2516,0.0316,0.0849,0.0637,Water
PX-1038,0.0972,0.1969,0.1405,0.6281,Crops
PX-1039,0.0828,0.1951,0.1362,0.6461,Crops
PX-1040,0.0485,0.1612,0.0476,0.7191,Forest
PX-1041,0.2339,0.0599,0.0803,0.2081,Water
PX-1042,0.0785,0.1482,0.1156,0.7034,Crops
PX-1043,0.0785,0.1867,0.0494,0.639,Forest
PX-1044,0.1195,0.0419,0.2834,0.0922,Urban
PX-1045,0.0523,0.2162,0.064,0.6636,Forest
PX-1046,0.0901,0.1823,0.1327,0.7214,Crops
PX-1047,0.1098,0.1543,0.1105,0.6434,Crops
PX-1048,0.1254,0.0776,0.2693,0.0669,Urban
PX-1049,0.0719,0.1513,0.1328,0.63,Crops
PX-1050,0.0898,0.0666,0.2943,0.1503,Urban
PX-1051,0.0914,0.1837,0.0421,0.6976,Forest
PX-1052,0.0839,0.0527,0.2483,0.112,Urban
PX-1053,0.248,0.0701,0.0459,0.1473,Water
PX-1054,0.0887,0.0704,0.2925,0.0291,Urban
PX-1055,0.0294,0.2067,0.1561,0.6542,Crops
PX-1056,0.2636,0.0584,0.026,0.1544,Water
PX-1057,0.0825,0.2061,0.0415,0.6367,Forest
PX-1058,0.0756,0.1912,0.0422,0.6365,Forest
PX-1059,0.1209,0.2036,0.0771,0.5953,Forest
PX-1060,0.0665,0.0688,0.2793,0.1836,Urban
PX-1061,0.0719,0.058,0.2619,0.0912,Urban
PX-1062,0.2898,0.0239,0.0612,0.1296,Water
PX-1063,0.0634,0.2066,0.0419,0.6942,Forest
PX-1064,0.069,0.2073,0.0255,0.7305,Forest
PX-1065,0.2471,0.0464,0.0321,0.1138,Water
PX-1066,0.0968,0.1543,0.1547,0.6284,Crops
PX-1067,0.0842,0.2095,0.1277,0.6569,Crops
PX-1068,0.0541,0.1898,0.1222,0.7014,Crops
PX-1069,0.0694,0.1754,0.115,0.6432,Crops
PX-1070,0.0679,0.1573,0.1258,0.6118,Crops
PX-1071,0.0785,0.1636,0.1256,0.5884,Crops
PX-1072,0.0885,0.2061,0.1258,0.6011,Crops
PX-1073,0.0884,0.1828,0.1223,0.6846,Crops
PX-1074,0.0445,0.049,0.2974,0.1072,Urban
PX-1075,0.1013,0.2102,0.0505,0.6457,Forest
PX-1076,0.0851,0.1637,0.1004,0.6214,Crops
PX-1077,0.2777,0.09,0.0378,0.1234,Water
PX-1078,0.0889,0.2071,0.0804,0.6404,Crops
PX-1079,0.102,0.0507,0.3205,0.1091,Urban
PX-1080,0.2593,0.0474,0.0673,0.174,Water
PX-1081,0.1069,0.1276,0.1034,0.7115,Crops
PX-1082,0.0904,0.1704,0.0444,0.6056,Forest
PX-1083,0.078,0.0332,0.2673,0.1331,Urban
PX-1084,0.1254,0.0627,0.3109,0.0889,Urban
PX-1085,0.0978,0.1935,0.0216,0.6601,Forest
PX-1086,0.0915,0.1731,0.0523,0.6824,Forest
PX-1087,0.0545,0.1744,0.1178,0.6415,Crops
PX-1088,0.0542,0.0701,0.2965,0.1292,Urban
PX-1089,0.0859,0.1906,0.1179,0.6769,Crops
PX-1090,0.0829,0.022,0.2448,0.1318,Urban
PX-1091,0.0677,0.1974,0.045,0.6441,Forest
PX-1092,0.0828,0.1723,0.0306,0.6448,Forest
PX-1093,0.1118,0.218,0.0516,0.6124,Forest
PX-1094,0.0939,0.1957,0.1487,0.6158,Crops
PX-1095,0.0572,0.162,0.0852,0.7285,Crops
PX-1096,0.0778,0.1647,0.104,0.6183,Crops
PX-1097,0.0639,0.1708,0.1089,0.6023,Crops
PX-1098,0.2422,0.0149,0.0424,0.1328,Water
PX-1099,0.0717,0.1867,0.1348,0.6456,Crops
PX-1100,0.0704,0.1745,0.1165,0.6422,Crops
PX-1101,0.0549,0.0794,0.2883,0.1764,Urban
PX-1102,0.0774,0.038,0.2675,0.142,Urban
PX-1103,0.0688,0.0476,0.2846,0.0988,Urban
PX-1104,0.0214,0.0299,0.2956,0.103,Urban
PX-1105,0.1211,0.1599,0.1054,0.6299,Crops
PX-1106,0.1018,0.1564,0.1356,0.685,Crops
PX-1107,0.2425,0.0799,0.051,0.1077,Water
PX-1108,0.2504,0.046,0.0709,0.0483,Water
PX-1109,0.0566,0.1825,0.116,0.6481,Crops
PX-1110,0.1139,0.0524,0.2876,0.0585,Urban
PX-1111,0.1179,0.1546,0.1192,0.7374,Crops
PX-1112,0.0831,0.1766,0.1181,0.6114,Crops
PX-1113,0.1005,0.212,0.0552,0.6635,Forest
PX-1114,0.0835,0.1758,0.0607,0.6803,Forest
PX-1115,0.0533,0.2162,0.025,0.6585,Forest
PX-1116,0.0718,0.163,0.1487,0.6384,Crops
PX-1117,0.0826,0.0503,0.2428,0.1369,Urban
PX-1118,0.0709,0.1906,0.1063,0.711,Crops
PX-1119,0.0756,0.1667,0.1181,0.6807,Crops
PX-1120,0.0782,0.0608,0.2882,0.1791,Urban
PX-1121,0.0784,0.0537,0.3115,0.0781,Urban
PX-1122,0.081,0.0626,0.2428,0.1327,Urban
PX-1123,0.0588,0.0124,0.2698,0.1262,Urban
PX-1124,0.2357,0.0234,0.01,0.134,Water
PX-1125,0.0543,0.2123,0.0506,0.725,Forest
PX-1126,0.0996,0.2007,0.1254,0.6412,Crops
PX-1127,0.0379,0.1818,0.0818,0.6538,Forest
PX-1128,0.1031,0.1751,0.1224,0.6714,Crops
PX-1129,0.1077,0.1859,0.1409,0.5789,Crops
PX-1130,0.244,0.0739,0.0617,0.1105,Water
PX-1131,0.0279,0.1594,0.0413,0.6646,Forest
PX-1132,0.0728,0.1623,0.0918,0.6132,Crops
PX-1133,0.0787,0.1733,0.1255,0.6923,Crops
PX-1134,0.2298,0.0741,0.0202,0.0775,Water
PX-1135,0.0697,0.23,0.1459,0.6446,Crops
PX-1136,0.1106,0.0554,0.2768,0.1317,Urban
PX-1137,0.0933,0.1719,0.0739,0.7241,Forest
PX-1138,0.0615,0.208,0.0404,0.6696,Forest
PX-1139,0.048,0.2264,0.0554,0.7074,Forest
PX-1140,0.0735,0.0622,0.2842,0.148,Urban
PX-1141,0.0757,0.1619,0.1191,0.6549,Crops
PX-1142,0.2599,0.0792,0.0413,0.0764,Water
PX-1143,0.0693,0.2133,0.0578,0.6126,Forest
PX-1144,0.0902,0.1595,0.1015,0.6543,Crops
PX-1145,0.1187,0.0676,0.2558,0.0983,Urban
PX-1146,0.2663,0.0799,0.0749,0.1568,Water
PX-1147,0.249,0.0836,0.0645,0.1498,Water
PX-1148,0.0763,0.0587,0.2813,0.1126,Urban
PX-1149,0.0729,0.0528,0.3133,0.0737,Urban
PX-1150,0.2736,0.0845,0.0446,0.1404,Water
PX-1151,0.0675,0.0358,0.3065,0.0793,Urban
PX-1152,0.2509,0.0688,0.0535,0.0897,Water
PX-1153,0.251,0.0326,0.0295,0.0808,Water
PX-1154,0.07,0.2213,0.087,0.6645,Forest
PX-1155,0.2226,0.0548,0.0698,0.1668,Water
PX-1156,0.0865,0.2054,0.1176,0.6498,Crops
PX-1157,0.0788,0.0698,0.2945,0.1023,Urban
PX-1158,0.09,0.0355,0.2719,0.059,Urban
PX-1159,0.0693,0.2085,0.1366,0.6721,Crops
PX-1160,0.1044,0.091,0.2322,0.0888,Urban
PX-1161,0.0625,0.1976,0.0996,0.6547,Crops
PX-1162,0.1142,0.1648,0.1396,0.6358,Crops
PX-1163,0.215,0.0539,0.045,0.1535,Water
PX-1164,0.0887,0.1829,0.1242,0.6437,Crops
PX-1165,0.0895,0.0459,0.2531,0.1176,Urban
PX-1166,0.0641,0.0938,0.317,0.1394,Urban
PX-1167,0.0885,0.2029,0.0738,0.7543,Forest
PX-1168,0.1056,0.1259,0.116,0.6855,Crops
PX-1169,0.0357,0.1868,0.1119,0.6465,Crops
PX-1170,0.0901,0.193,0.0706,0.6701,Forest
PX-1171,0.0301,0.0585,0.3196,0.099,Urban
PX-1172,0.0607,0.1926,0.0691,0.632,Forest
PX-1173,0.1126,0.1961,0.1634,0.6279,Crops
PX-1174,0.0684,0.2224,0.0316,0.6391,Forest
PX-1175,0.0565,0.2057,0.0336,0.6961,Forest
PX-1176,0.246,0.0532,0.0262,0.0772,Water
PX-1177,0.1214,0.1792,0.1288,0.7033,Crops
PX-1178,0.2134,0.0604,0.0535,0.1501,Water
PX-1179,0.059,0.184,0.047,0.6708,Forest
PX-1180,0.1099,0.0716,0.2962,0.12,Urban
PX-1181,0.1172,0.1892,0.1446,0.6277,Crops
PX-1182,0.0779,0.2308,0.0195,0.6808,Forest
PX-1183,0.0552,0.0851,0.2681,0.1635,Urban
PX-1184,0.1219,0.1663,0.1364,0.6219,Crops
PX-1185,0.1119,0.0764,0.2706,0.0587,Urban
PX-1186,0.2636,0.041,0.034,0.1481,Water
PX-1187,0.0638,0.1939,0.1404,0.663,Crops
PX-1188,0.079,0.1697,0.0942,0.6052,Crops
PX-1189,0.2468,0.0395,0.044,0.0907,Water
PX-1190,0.0866,0.1856,0.1266,0.6156,Crops
PX-1191,0.109,0.1465,0.0385,0.641,Forest
PX-1192,0.0976,0.145,0.1357,0.6371,Crops
PX-1193,0.0585,0.1965,0.0386,0.6593,Forest
PX-1194,0.1075,0.1816,0.1482,0.624,Crops
PX-1195,0.0863,0.0526,0.2775,0.0897,Urban
PX-1196,0.0937,0.0284,0.2934,0.1108,Urban
PX-1197,0.1093,0.0436,0.2949,0.1267,Urban
PX-1198,0.2278,0.0678,0.0374,0.1073,Water
PX-1199,0.0793,0.1916,0.0789,0.6963,Crops
PX-1200,0.2394,0.0597,0.0572,0.1403,Water
PX-1201,0.0486,0.2031,0.1214,0.5864,Crops
PX-1202,0.0869,0.1879,0.1311,0.6709,Crops
PX-1203,0.1302,0.1651,0.1155,0.6742,Crops
PX-1204,0.0432,0.1944,0.0414,0.6526,Forest
PX-1205,0.2494,0.0319,0.0902,0.0602,Water
PX-1206,0.2628,0.0578,0.0206,0.1203,Water
PX-1207,0.0825,0.2222,0.0647,0.6697,Forest
PX-1208,0.0777,0.1937,0.1085,0.6051,Crops
PX-1209,0.054,0.088,0.2733,0.062,Urban
PX-1210,0.0847,0.1939,0.0437,0.6665,Forest
PX-1211,0.0649,0.2269,0.0339,0.6607,Forest
PX-1212,0.0362,0.1761,0.1314,0.6333,Crops
PX-1213,0.2739,0.0894,0.0778,0.1167,Water
PX-1214,0.2692,0.0596,0.0594,0.0759,Water
PX-1215,0.081,0.1941,0.1221,0.6326,Crops
PX-1216,0.0846,0.2095,0.1003,0.6713,Crops
PX-1217,0.2715,0.0561,0.0603,0.106,Water
PX-1218,0.2545,0.0644,0.0931,0.0531,Water
PX-1219,0.0981,0.2058,0.1124,0.6311,Crops
PX-1220,0.0741,0.0573,0.2725,0.0772,Urban
PX-1221,0.1062,0.1536,0.1088,0.6607,Crops
PX-1222,0.0864,0.2429,0.0402,0.6828,Forest
PX-1223,0.0839,0.0506,0.2251,0.0536,Urban
PX-1224,0.0546,0.2032,0.0581,0.7004,Forest
PX-1225,0.0857,0.2231,0.0331,0.6255,Forest
PX-1226,0.0634,0.1678,0.0878,0.7124,Crops
PX-1227,0.0672,0.1598,0.1351,0.648,Crops
PX-1228,0.0637,0.0651,0.2584,0.0701,Urban
PX-1229,0.0587,0.1641,0.0432,0.6243,Forest
PX-1230,0.1225,0.0542,0.3093,0.1339,Urban
PX-1231,0.1066,0.1849,0.0918,0.6343,Crops
PX-1232,0.1184,0.1746,0.0893,0.6461,Crops
PX-1233,0.0555,0.1491,0.1254,0.7145,Crops
PX-1234,0.2514,0.0919,0.073,0.092,Water
PX-1235,0.0541,0.1821,0.0885,0.6524,Crops
PX-1236,0.0661,0.0886,0.2882,0.1768,Urban
PX-1237,0.0616,0.1948,0.0616,0.6808,Forest
PX-1238,0.1048,0.0424,0.2388,0.0557,Urban
PX-1239,0.0721,0.1854,0.136,0.6702,Crops
PX-1240,0.1014,0.0557,0.2975,0.0735,Urban
PX-1241,0.2621,0.0364,0.0438,0.1763,Water
PX-1242,0.2961,0.0894,0.075,0.0871,Water
PX-1243,0.0504,0.0476,0.3027,0.2388,Urban
PX-1244,0.2752,0.0232,0.0521,0.1787,Water
PX-1245,0.1029,0.2266,0.041,0.6381,Forest
PX-1246,0.0605,0.1699,0.1005,0.6508,Crops
PX-1247,0.1001,0.1678,0.1192,0.6801,Crops
PX-1248,0.0867,0.0247,0.2914,0.1513,Urban
PX-1249,0.0755,0.2348,0.0435,0.6877,Forest
PX-1250,0.2335,0.0342,0.01,0.1701,Water
PX-1251,0.0656,0.2012,0.0754,0.6651,Forest
PX-1252,0.121,0.1983,0.1238,0.6353,Crops
PX-1253,0.08,0.1884,0.1124,0.6361,Crops
PX-1254,0.2656,0.0588,0.0671,0.1543,Water
PX-1255,0.0642,0.166,0.0805,0.6846,Forest
PX-1256,0.0644,0.1638,0.064,0.6617,Crops
PX-1257,0.1016,0.2038,0.0587,0.7018,Forest
PX-1258,0.053,0.1643,0.0915,0.568,Crops
PX-1259,0.0717,0.2041,0.06,0.6824,Forest
PX-1260,0.0807,0.1936,0.1226,0.6587,Crops
PX-1261,0.2522,0.0793,0.0627,0.1868,Water
PX-1262,0.0764,0.1555,0.11,0.5889,Crops
PX-1263,0.0879,0.2439,0.0125,0.7323,Forest
PX-1264,0.0939,0.1953,0.111,0.653,Crops
PX-1265,0.0947,0.18,0.1281,0.6696,Crops
PX-1266,0.0603,0.2018,0.1403,0.717,Crops
PX-1267,0.0743,0.2473,0.0266,0.6924,Forest
PX-1268,0.1039,0.1712,0.0705,0.686,Forest
PX-1269,0.0979,0.1755,0.107,0.6597,Crops
PX-1270,0.2225,0.0124,0.0572,0.1007,Water
PX-1271,0.087,0.0639,0.2698,0.1189,Urban
PX-1272,0.2104,0.0673,0.0536,0.0914,Water
PX-1273,0.0809,0.1792,0.1378,0.6482,Crops
PX-1274,0.118,0.1869,0.0255,0.5766,Forest
PX-1275,0.061,0.139,0.1064,0.6672,Crops
PX-1276,0.0633,0.1875,0.1237,0.6451,Crops
PX-1277,0.0953,0.0891,0.328,0.1066,Urban
PX-1278,0.0491,0.1682,0.1027,0.6588,Crops
PX-1279,0.0673,0.2088,0.0908,0.6127,Forest
PX-1280,0.0919,0.1686,0.0901,0.7472,Forest
PX-1281,0.2373,0.0691,0.0481,0.1159,Water
PX-1282,0.0753,0.1921,0.044,0.6642,Forest
PX-1283,0.0949,0.1648,0.1062,0.6114,Crops
PX-1284,0.0884,0.1648,0.1186,0.651,Crops
PX-1285,0.0853,0.1921,0.0219,0.7255,Forest
PX-1286,0.0732,0.1876,0.1185,0.6914,Crops
PX-1287,0.0874,0.1538,0.1499,0.6842,Crops
PX-1288,0.0775,0.1721,0.1078,0.6719,Crops
PX-1289,0.0892,0.1792,0.1152,0.6357,Crops
PX-1290,0.0701,0.158,0.086,0.592,Crops
PX-1291,0.0763,0.2159,0.1275,0.642,Crops
PX-1292,0.0602,0.1829,0.0553,0.6606,Forest
PX-1293,0.2493,0.0466,0.0513,0.162,Water
PX-1294,0.0638,0.0404,0.2757,0.1324,Urban
PX-1295,0.0577,0.216,0.1141,0.7145,Crops
PX-1296,0.0852,0.1911,0.13,0.6979,Crops
PX-1297,0.0843,0.1613,0.1194,0.6317,Crops
PX-1298,0.0957,0.2221,0.0563,0.5982,Forest
PX-1299,0.2414,0.064,0.0543,0.1754,Water
PX-1300,0.0882,0.1851,0.1425,0.7044,Crops
PX-1301,0.091,0.0531,0.2935,0.0654,Urban
PX-1302,0.0889,0.165,0.1239,0.7104,Crops
PX-1303,0.0635,0.2068,0.0804,0.6853,Forest
PX-1304,0.253,0.0491,0.0584,0.1264,Water
PX-1305,0.0873,0.0963,0.3061,0.1846,Urban
PX-1306,0.2501,0.0346,0.0621,0.1738,Water
PX-1307,0.0383,0.0907,0.2432,0.1461,Urban
PX-1308,0.0832,0.1778,0.1461,0.6689,Crops
PX-1309,0.1243,0.066,0.2827,0.1447,Urban
PX-1310,0.0728,0.1967,0.119,0.634,Crops
PX-1311,0.0654,0.0474,0.2856,0.1178,Urban
PX-1312,0.0875,0.2173,0.0431,0.6339,Forest
PX-1313,0.0862,0.01,0.2845,0.1067,Urban
PX-1314,0.1039,0.1856,0.0382,0.6553,Forest
PX-1315,0.0548,0.1815,0.0755,0.6446,Forest
PX-1316,0.0946,0.1749,0.0477,0.6755,Forest
PX-1317,0.2618,0.0557,0.0423,0.107,Water
PX-1318,0.0772,0.1877,0.1015,0.6701,Crops
PX-1319,0.0868,0.1941,0.1254,0.5851,Crops
PX-1320,0.1006,0.1848,0.1237,0.6455,Crops
PX-1321,0.0974,0.1667,0.1278,0.6553,Crops
PX-1322,0.0571,0.0674,0.2595,0.1076,Urban
PX-1323,0.0964,0.1825,0.088,0.6431,Crops
PX-1324,0.0787,0.0787,0.2925,0.0566,Urban
PX-1325,0.0815,0.1955,0.1497,0.6643,Crops
PX-1326,0.0815,0.1806,0.0995,0.6759,Crops
PX-1327,0.247,0.0421,0.0818,0.1397,Water
PX-1328,0.2738,0.0469,0.0557,0.1615,Water
PX-1329,0.0783,0.189,0.0499,0.6781,Forest
PX-1330,0.0576,0.1937,0.042,0.6891,Forest
PX-1331,0.2421,0.0654,0.0223,0.1262,Water
PX-1332,0.0836,0.1943,0.1398,0.6775,Crops
PX-1333,0.1046,0.059,0.2645,0.0569,Urban
PX-1334,0.0921,0.0603,0.2644,0.0843,Urban
PX-1335,0.233,0.0629,0.0698,0.1835,Water
PX-1336,0.1297,0.1697,0.0823,0.5516,Crops
PX-1337,0.2553,0.0415,0.0195,0.1144,Water
PX-1338,0.1055,0.1449,0.1196,0.6969,Crops
PX-1339,0.077,0.1661,0.1259,0.6463,Crops
PX-1340,0.0907,0.1895,0.1297,0.6338,Crops
PX-1341,0.0968,0.1859,0.044,0.6752,Forest
PX-1342,0.1044,0.0552,0.3306,0.1059,Urban
PX-1343,0.2711,0.0693,0.0454,0.1212,Water
PX-1344,0.2674,0.0704,0.0454,0.0927,Water
PX-1345,0.0737,0.1784,0.0341,0.7143,Forest
PX-1346,0.0686,0.1999,0.1225,0.7069,Crops
PX-1347,0.0867,0.2025,0.1323,0.6447,Crops
PX-1348,0.0987,0.0374,0.3041,0.0645,Urban
PX-1349,0.0755,0.1635,0.0902,0.629,Crops
PX-1350,0.1013,0.0838,0.2751,0.1126,Urban
PX-1351,0.1091,0.1971,0.0589,0.6902,Forest
PX-1352,0.0617,0.1556,0.0617,0.6297,Forest
PX-1353,0.2333,0.032,0.0501,0.0892,Water
PX-1354,0.0772,0.195,0.0608,0.6904,Forest
PX-1355,0.0862,0.0367,0.2638,0.1576,Urban
PX-1356,0.0695,0.0517,0.3112,0.0951,Urban
PX-1357,0.107,0.2006,0.0699,0.6167,Forest
PX-1358,0.0885,0.2092,0.0931,0.7814,Crops
PX-1359,0.0808,0.1942,0.0285,0.7013,Forest
PX-1360,0.0513,0.0815,0.2591,0.1093,Urban
PX-1361,0.0537,0.2086,0.1336,0.6848,Crops
PX-1362,0.0856,0.2287,0.0243,0.665,Forest
PX-1363,0.0373,0.2057,0.0434,0.7047,Forest
PX-1364,0.2703,0.0207,0.0591,0.1264,Water
PX-1365,0.0768,0.1892,0.1187,0.6537,Crops
PX-1366,0.3149,0.081,0.0552,0.1155,Water
PX-1367,0.1262,0.0584,0.2587,0.0621,Urban
PX-1368,0.0764,0.2149,0.1319,0.7275,Crops
PX-1369,0.0779,0.1972,0.1077,0.6123,Crops
PX-1370,0.0999,0.0714,0.2735,0.0656,Urban
PX-1371,0.1141,0.2017,0.1248,0.6415,Crops
PX-1372,0.0472,0.0667,0.2821,0.0815,Urban
PX-1373,0.0443,0.1501,0.0505,0.6679,Forest
PX-1374,0.0676,0.17,0.105,0.6775,Crops
PX-1375,0.0917,0.0839,0.274,0.1598,Urban
PX-1376,0.0899,0.1838,0.05,0.7026,Forest
PX-1377,0.1014,0.1955,0.0225,0.6578,Forest
PX-1378,0.056,0.1591,0.1107,0.652,Crops
PX-1379,0.0337,0.2357,0.0578,0.6863,Forest
PX-1380,0.0972,0.2136,0.0945,0.5797,Crops
PX-1381,0.0634,0.1623,0.1431,0.6728,Crops
PX-1382,0.0396,0.0629,0.3054,0.0617,Urban
PX-1383,0.0829,0.1664,0.0951,0.7316,Crops
PX-1384,0.2659,0.0723,0.0772,0.1038,Water
PX-1385,0.0776,0.1902,0.1171,0.6426,Crops
PX-1386,0.2408,0.0762,0.0584,0.0892,Water
PX-1387,0.0768,0.1866,0.1101,0.6248,Crops
PX-1388,0.0726,0.1187,0.2985,0.211,Urban
PX-1389,0.053,0.1794,0.0581,0.7076,Forest
PX-1390,0.0657,0.1458,0.1037,0.588,Crops
PX-1391,0.0904,0.1721,0.0967,0.7102,Crops
PX-1392,0.0864,0.1486,0.0908,0.6977,Crops
PX-1393,0.0834,0.1702,0.0538,0.6588,Forest
PX-1394,0.0601,0.16,0.1314,0.6623,Crops
PX-1395,0.0764,0.0416,0.293,0.1194,Urban
PX-1396,0.0365,0.1809,0.0476,0.7489,Forest
PX-1397,0.0836,0.1904,0.0969,0.6181,Crops
PX-1398,0.1086,0.1899,0.0364,0.6758,Forest
PX-1399,0.2205,0.0564,0.073,0.1029,Water
PX-1400,0.0683,0.1979,0.1103,0.5927,Crops
PX-1401,0.0866,0.1647,0.1229,0.7377,Crops
PX-1402,0.1051,0.1747,0.0985,0.6027,Crops
PX-1403,0.241,0.0673,0.0567,0.1288,Water
PX-1404,0.2362,0.0212,0.0408,0.0504,Water
PX-1405,0.0406,0.1523,0.0709,0.654,Forest
PX-1406,0.0821,0.0669,0.2955,0.1369,Urban
PX-1407,0.1208,0.0698,0.2701,0.087,Urban
PX-1408,0.0855,0.2413,0.0475,0.6935,Forest
PX-1409,0.0796,0.0632,0.269,0.1092,Urban
PX-1410,0.0864,0.1964,0.0916,0.6964,Crops
PX-1411,0.0798,0.1761,0.1029,0.7045,Crops
PX-1412,0.0637,0.1859,0.124,0.6265,Crops
PX-1413,0.0965,0.2133,0.1265,0.6531,Crops
PX-1414,0.0845,0.1575,0.053,0.6773,Forest
PX-1415,0.0804,0.0683,0.274,0.1448,Urban
PX-1416,0.0605,0.2227,0.1387,0.6506,Crops
PX-1417,0.1061,0.1856,0.1213,0.6576,Crops
PX-1418,0.0933,0.233,0.0641,0.6603,Forest
PX-1419,0.0689,0.0474,0.2445,0.1246,Urban
PX-1420,0.1,0.1794,0.0416,0.7019,Crops
PX-1421,0.07,0.2007,0.0557,0.6958,Forest
PX-1422,0.0644,0.1356,0.0915,0.6781,Crops
PX-1423,0.0648,0.1566,0.1158,0.6789,Crops
PX-1424,0.0446,0.0381,0.274,0.1138,Urban
PX-1425,0.0894,0.0764,0.3117,0.1328,Urban
PX-1426,0.0434,0.1974,0.128,0.6066,Crops
PX-1427,0.0554,0.0665,0.2833,0.1708,Urban
PX-1428,0.0385,0.2165,0.0667,0.5587,Forest
PX-1429,0.0783,0.0567,0.2874,0.1165,Urban
PX-1430,0.077,0.224,0.0408,0.7156,Forest
PX-1431,0.0735,0.2002,0.0714,0.6154,Forest
PX-1432,0.0591,0.2012,0.0278,0.686,Forest
PX-1433,0.2266,0.0547,0.0565,0.0928,Water
PX-1434,0.0893,0.1937,0.089,0.6352,Crops
PX-1435,0.069,0.1716,0.1241,0.6878,Crops
PX-1436,0.0863,0.1995,0.1239,0.6579,Crops
PX-1437,0.2323,0.0374,0.0835,0.0386,Water
PX-1438,0.0836,0.158,0.0887,0.6109,Crops
PX-1439,0.2761,0.0737,0.038,0.159,Water
PX-1440,0.0917,0.0582,0.2965,0.138,Urban
PX-1441,0.0718,0.1709,0.1267,0.7199,Crops
PX-1442,0.2551,0.0778,0.0536,0.1873,Water
PX-1443,0.0752,0.1879,0.0309,0.6563,Forest
PX-1444,0.0802,0.056,0.2682,0.2201,Urban
PX-1445,0.0735,0.208,0.1449,0.651,Crops
PX-1446,0.2467,0.0908,0.049,0.0815,Water
PX-1447,0.0842,0.0914,0.2875,0.0947,Urban
PX-1448,0.0601,0.0544,0.2777,0.0297,Urban
PX-1449,0.2297,0.0846,0.0263,0.1843,Water
PX-1450,0.0522,0.181,0.0687,0.7338,Forest
PX-1451,0.048,0.1819,0.0601,0.6294,Forest
PX-1452,0.0557,0.013,0.3261,0.1109,Urban
PX-1453,0.0832,0.2335,0.0297,0.6738,Forest
PX-1454,0.0621,0.1627,0.1365,0.6116,Crops
PX-1455,0.0903,0.0575,0.2538,0.0498,Urban
PX-1456,0.2507,0.0418,0.0531,0.1116,Water
PX-1457,0.2106,0.0739,0.0695,0.1072,Water
PX-1458,0.0931,0.1725,0.0786,0.6345,Crops
PX-1459,0.2662,0.0339,0.0459,0.1289,Water
PX-1460,0.0601,0.1888,0.1087,0.7072,Crops
PX-1461,0.2584,0.0313,0.036,0.1079,Water
PX-1462,0.0629,0.1633,0.1277,0.6568,Crops
PX-1463,0.252,0.0179,0.0724,0.1491,Water
PX-1464,0.0547,0.0315,0.2773,0.1422,Urban
PX-1465,0.0441,0.1836,0.1241,0.6254,Crops
PX-1466,0.0723,0.0207,0.2823,0.1239,Urban
PX-1467,0.0775,0.1704,0.05,0.6919,Forest
PX-1468,0.072,0.06,0.2582,0.0749,Urban
PX-1469,0.2263,0.0491,0.0722,0.1705,Water
PX-1470,0.072,0.2398,0.0559,0.7273,Forest
PX-1471,0.2554,0.0967,0.0579,0.0911,Water
PX-1472,0.0791,0.0426,0.2639,0.1277,Urban
PX-1473,0.0837,0.2111,0.0408,0.6957,Forest
PX-1474,0.0666,0.195,0.1165,0.6282,Crops
PX-1475,0.2734,0.0481,0.0193,0.1393,Water
PX-1476,0.0565,0.0301,0.2462,0.1265,Urban
PX-1477,0.2598,0.0598,0.038,0.0613,Water
PX-1478,0.2736,0.0565,0.0605,0.1384,Water
PX-1479,0.0896,0.1913,0.0369,0.626,Forest
PX-1480,0.0759,0.0688,0.2596,0.1576,Urban
PX-1481,0.0694,0.165,0.1037,0.6232,Crops
PX-1482,0.1007,0.177,0.0409,0.6635,Forest
PX-1483,0.0515,0.1822,0.1129,0.7049,Crops
PX-1484,0.0606,0.1877,0.1633,0.6699,Crops
PX-1485,0.072,0.1565,0.1411,0.6068,Crops
PX-1486,0.1048,0.1986,0.1405,0.6094,Crops
PX-1487,0.2576,0.0246,0.0734,0.096,Water
PX-1488,0.0606,0.1684,0.1,0.6658,Crops
PX-1489,0.0738,0.1948,0.0256,0.6843,Forest
PX-1490,0.0677,0.1673,0.0979,0.6163,Crops
PX-1491,0.0658,0.1687,0.1467,0.6033,Crops
PX-1492,0.0996,0.2174,0.1091,0.6613,Crops
PX-1493,0.0526,0.163,0.095,0.6427,Crops
PX-1494,0.1122,0.2488,0.0414,0.7563,Forest
PX-1495,0.2666,0.0687,0.0452,0.1215,Water
PX-1496,0.1018,0.2018,0.0554,0.7426,Forest
PX-1497,0.0707,0.2095,0.055,0.6232,Forest
PX-1498,0.077,0.2306,0.1034,0.5871,Crops
PX-1499,0.0513,0.0401,0.2937,0.0752,Urban
PX-1500,0.0695,0.1776,0.0372,0.7176,Forest
PX-1501,0.0899,0.1849,0.0469,0.7402,Forest
PX-1502,0.1059,0.1806,0.1337,0.6187,Crops
PX-1503,0.0579,0.1455,0.1072,0.6316,Crops
PX-1504,0.0727,0.1804,0.1086,0.6032,Crops
PX-1505,0.077,0.2139,0.1318,0.5775,Crops
PX-1506,0.0521,0.203,0.0328,0.6987,Forest
PX-1507,0.0918,0.1941,0.0423,0.6789,Forest
PX-1508,0.0655,0.1876,0.0611,0.6704,Forest
PX-1509,0.2461,0.078,0.0911,0.064,Water
PX-1510,0.071,0.0435,0.2921,0.1856,Urban
PX-1511,0.2342,0.0969,0.0595,0.0999,Water
PX-1512,0.0799,0.0987,0.2906,0.1413,Urban
PX-1513,0.0757,0.1851,0.0985,0.5918,Crops
PX-1514,0.0726,0.1798,0.1223,0.6424,Crops
PX-1515,0.0654,0.2006,0.1194,0.6617,Crops
PX-1516,0.0864,0.2219,0.0564,0.6831,Forest
PX-1517,0.1131,0.0439,0.2823,0.1262,Urban
PX-1518,0.0828,0.1695,0.1276,0.6698,Crops
PX-1519,0.0999,0.0336,0.2738,0.0748,Urban
PX-1520,0.0522,0.1882,0.1212,0.6579,Crops
PX-1521,0.0832,0.0733,0.2554,0.1246,Urban
PX-1522,0.0581,0.153,0.1136,0.6593,Crops
PX-1523,0.0505,0.1709,0.1478,0.6529,Crops
PX-1524,0.0652,0.1731,0.0564,0.6191,Forest
PX-1525,0.1038,0.162,0.1196,0.5973,Crops
PX-1526,0.099,0.191,0.1579,0.5614,Crops
PX-1527,0.0849,0.1653,0.0928,0.6827,Crops
PX-1528,0.0493,0.054,0.2578,0.1531,Urban
PX-1529,0.0761,0.1675,0.0843,0.7037,Forest
PX-1530,0.086,0.1837,0.1209,0.6623,Crops
PX-1531,0.0835,0.1991,0.0451,0.5847,Forest
PX-1532,0.2131,0.0454,0.026,0.0789,Water
PX-1533,0.0622,0.1762,0.129,0.6568,Crops
PX-1534,0.0787,0.2036,0.0609,0.6754,Forest
PX-1535,0.0907,0.1637,0.0981,0.6411,Crops
PX-1536,0.0361,0.1505,0.1172,0.6648,Crops
PX-1537,0.2468,0.0961,0.0433,0.1205,Water
PX-1538,0.0829,0.1673,0.1251,0.6548,Crops
PX-1539,0.097,0.1981,0.0276,0.6444,Forest
PX-1540,0.2639,0.0802,0.075,0.1593,Water
PX-1541,0.0917,0.2506,0.1383,0.6328,Crops
PX-1542,0.064,0.1751,0.0427,0.6168,Forest
PX-1543,0.0418,0.189,0.1157,0.6192,Crops
PX-1544,0.0721,0.0458,0.2773,0.1061,Urban
PX-1545,0.1,0.1892,0.0344,0.7098,Forest
PX-1546,0.1079,0.0456,0.2711,0.1183,Urban
PX-1547,0.0942,0.1775,0.0446,0.6626,Forest
PX-1548,0.0886,0.1792,0.1523,0.6001,Crops
PX-1549,0.0876,0.1705,0.0689,0.7014,Forest
PX-1550,0.0689,0.0789,0.2987,0.0939,Urban
PX-1551,0.0774,0.2011,0.0574,0.666,Forest
PX-1552,0.1134,0.0684,0.2577,0.1792,Urban
PX-1553,0.0611,0.0507,0.2792,0.1404,Urban
PX-1554,0.1123,0.1727,0.1394,0.5849,Crops
PX-1555,0.0736,0.1858,0.0948,0.5792,Crops
PX-1556,0.1065,0.1767,0.0627,0.6674,Forest
PX-1557,0.0519,0.1928,0.0965,0.6215,Forest
PX-1558,0.0917,0.0428,0.3012,0.1459,Urban
PX-1559,0.0653,0.0422,0.3083,0.1217,Urban
PX-1560,0.0517,0.1378,0.1244,0.6566,Crops
PX-1561,0.0844,0.2068,0.1394,0.6217,Crops
PX-1562,0.2702,0.0463,0.0356,0.1897,Water
PX-1563,0.0631,0.2033,0.1359,0.7637,Crops
PX-1564,0.05,0.0814,0.2931,0.1089,Urban
PX-1565,0.0782,0.1743,0.0558,0.6841,Forest
PX-1566,0.2483,0.0382,0.0763,0.1239,Water
PX-1567,0.091,0.2312,0.1092,0.6396,Crops
PX-1568,0.099,0.235,0.0463,0.6367,Forest
PX-1569,0.0788,0.1994,0.0519,0.6266,Forest
PX-1570,0.1171,0.2051,0.0294,0.6246,Forest
PX-1571,0.0845,0.1674,0.1245,0.6662,Crops
PX-1572,0.2431,0.0686,0.0156,0.0992,Water
PX-1573,0.0478,0.0457,0.3009,0.0169,Urban
PX-1574,0.0747,0.1394,0.1209,0.6678,Crops
PX-1575,0.0733,0.1536,0.1096,0.6485,Crops
PX-1576,0.0992,0.1804,0.1033,0.7039,Crops
PX-1577,0.0892,0.1774,0.0453,0.6849,Forest
PX-1578,0.0564,0.1987,0.0638,0.6109,Forest
PX-1579,0.0834,0.1785,0.061,0.5808,Forest
PX-1580,0.0934,0.1644,0.1059,0.6212,Crops
PX-1581,0.1106,0.1971,0.1031,0.625,Crops
PX-1582,0.0978,0.2049,0.0631,0.7077,Forest
PX-1583,0.0952,0.1998,0.0356,0.6696,Forest
PX-1584,0.0812,0.0776,0.2812,0.1653,Urban
PX-1585,0.0878,0.1896,0.1225,0.597,Crops
PX-1586,0.275,0.0889,0.0562,0.1586,Water
PX-1587,0.0533,0.1908,0.0672,0.6988,Forest
PX-1588,0.073,0.1914,0.0247,0.5893,Forest
PX-1589,0.2345,0.034,0.0118,0.1729,Water
PX-1590,0.2576,0.0514,0.0387,0.1237,Water
PX-1591,0.1046,0.0793,0.316,0.1357,Urban
PX-1592,0.0681,0.206,0.1604,0.6154,Crops
PX-1593,0.0322,0.1992,0.1566,0.701,Crops
PX-1594,0.2418,0.0241,0.0461,0.0726,Water
PX-1595,0.0983,0.2217,0.0144,0.7033,Forest
PX-1596,0.0908,0.1432,0.0731,0.6828,Crops
PX-1597,0.0886,0.198,0.1077,0.611,Crops
PX-1598,0.0744,0.1726,0.116,0.7293,Crops
PX-1599,0.0544,0.0741,0.306,0.1293,Urban
PX-1600,0.0903,0.1534,0.1374,0.6762,Crops
PX-1601,0.0633,0.2034,0.1245,0.5889,Crops
PX-1602,0.1237,0.1507,0.1022,0.7347,Crops
PX-1603,0.0914,0.1666,0.1008,0.601,Crops
PX-1604,0.0684,0.16,0.1251,0.691,Crops
PX-1605,0.0678,0.1649,0.0639,0.6302,Forest
PX-1606,0.0781,0.1819,0.1278,0.6252,Crops
PX-1607,0.0752,0.0961,0.2593,0.1516,Urban
PX-1608,0.1023,0.2333,0.133,0.6911,Crops
PX-1609,0.0837,0.2019,0.0585,0.6191,Forest
PX-1610,0.0654,0.0823,0.2586,0.1636,Urban
PX-1611,0.2878,0.0646,0.0343,0.1618,Water
PX-1612,0.081,0.21,0.0638,0.6325,Forest
PX-1613,0.0954,0.1732,0.1153,0.7139,Crops
PX-1614,0.0678,0.1839,0.1518,0.5917,Crops
PX-1615,0.2573,0.0707,0.06,0.095,Water
PX-1616,0.0862,0.0484,0.2703,0.1392,Urban
PX-1617,0.2122,0.0585,0.0498,0.0859,Water
PX-1618,0.1203,0.1988,0.0513,0.6806,Forest
PX-1619,0.2758,0.0765,0.0354,0.1296,Water
PX-1620,0.0721,0.1787,0.0317,0.6625,Forest
PX-1621,0.058,0.179,0.134,0.6833,Crops
PX-1622,0.087,0.2382,0.0669,0.6609,Forest
PX-1623,0.0817,0.0833,0.2921,0.1293,Urban
PX-1624,0.0871,0.207,0.1503,0.6959,Crops
PX-1625,0.2538,0.0605,0.0392,0.1516,Water
PX-1626,0.0901,0.1864,0.1535,0.6814,Crops
PX-1627,0.1089,0.22,0.032,0.624,Forest
PX-1628,0.0914,0.2112,0.0997,0.671,Crops
PX-1629,0.059,0.161,0.0148,0.6349,Forest
PX-1630,0.2773,0.0337,0.0411,0.0687,Water
PX-1631,0.1128,0.2062,0.1099,0.6471,Crops
PX-1632,0.313,0.0545,0.0605,0.0838,Water
PX-1633,0.2275,0.0466,0.0549,0.1516,Water
PX-1634,0.0849,0.0349,0.2561,0.1526,Urban
PX-1635,0.0384,0.1689,0.1121,0.5739,Crops
PX-1636,0.0911,0.152,0.1126,0.6169,Crops
PX-1637,0.069,0.2218,0.0845,0.5916,Crops
PX-1638,0.1185,0.0596,0.2604,0.1015,Urban
PX-1639,0.0645,0.0588,0.2646,0.1382,Urban
PX-1640,0.0462,0.2118,0.0787,0.6603,Forest
PX-1641,0.0706,0.0792,0.2838,0.0964,Urban
PX-1642,0.0405,0.2189,0.0632,0.722,Forest
PX-1643,0.095,0.2215,0.02,0.5778,Forest
PX-1644,0.0387,0.1674,0.1439,0.6995,Crops
PX-1645,0.2506,0.054,0.076,0.0982,Water
PX-1646,0.0384,0.1954,0.08,0.6469,Crops
PX-1647,0.0736,0.0495,0.2659,0.0989,Urban
PX-1648,0.2829,0.0599,0.0599,0.1817,Water
PX-1649,0.2572,0.068,0.0629,0.0708,Water
PX-1650,0.0627,0.1957,0.1064,0.6505,Crops
PX-1651,0.0794,0.1444,0.1139,0.6711,Crops
PX-1652,0.0804,0.1943,0.1081,0.5856,Crops
PX-1653,0.0895,0.1753,0.1222,0.6132,Crops
PX-1654,0.0527,0.1941,0.1439,0.6441,Crops
PX-1655,0.0919,0.0755,0.2646,0.0845,Urban
PX-1656,0.0259,0.2322,0.07,0.6374,Forest
PX-1657,0.0674,0.2071,0.1044,0.636,Crops
PX-1658,0.0702,0.2069,0.103,0.676,Crops
PX-1659,0.0927,0.2289,0.0664,0.6563,Forest
PX-1660,0.0805,0.2058,0.0684,0.7131,Forest
PX-1661,0.0519,0.2006,0.067,0.6301,Forest
PX-1662,0.0603,0.0775,0.2537,0.0699,Urban
PX-1663,0.084,0.2146,0.0407,0.7471,Forest
PX-1664,0.0784,0.0538,0.2965,0.0937,Urban
PX-1665,0.0684,0.0681,0.2808,0.0676,Urban
PX-1666,0.0704,0.1793,0.0985,0.5803,Crops
PX-1667,0.0939,0.0429,0.2892,0.163,Urban
PX-1668,0.0696,0.2058,0.1057,0.6363,Crops
PX-1669,0.0782,0.0611,0.3159,0.1099,Urban
PX-1670,0.1234,0.221,0.1509,0.6436,Crops
PX-1671,0.0515,0.0275,0.2921,0.1605,Urban
PX-1672,0.043,0.0489,0.3072,0.1128,Urban
PX-1673,0.0957,0.0607,0.2813,0.2138,Urban
PX-1674,0.2364,0.0827,0.0653,0.1254,Water
PX-1675,0.0736,0.188,0.1496,0.6925,Crops
PX-1676,0.0644,0.1862,0.1249,0.6822,Crops
PX-1677,0.0748,0.1775,0.0449,0.6685,Forest
PX-1678,0.112,0.1569,0.0859,0.6265,Crops
PX-1679,0.266,0.0665,0.0483,0.1333,Water
PX-1680,0.0972,0.1527,0.1365,0.6704,Crops
PX-1681,0.0517,0.0494,0.2989,0.0971,Urban
PX-1682,0.057,0.21,0.0601,0.6767,Forest
PX-1683,0.0232,0.0404,0.2692,0.1694,Urban
PX-1684,0.0638,0.2121,0.0805,0.7328,Crops
PX-1685,0.0991,0.0845,0.2701,0.1542,Urban
PX-1686,0.0903,0.0286,0.2739,0.1945,Urban
PX-1687,0.0756,0.1814,0.0437,0.6448,Forest
PX-1688,0.0796,0.1543,0.0624,0.6981,Forest
PX-1689,0.2362,0.0443,0.0897,0.1735,Water
PX-1690,0.0841,0.1953,0.1225,0.6141,Crops
PX-1691,0.0953,0.1917,0.0457,0.6506,Forest
PX-1692,0.0477,0.1892,0.1148,0.7195,Crops
PX-1693,0.086,0.1496,0.1225,0.611,Crops
PX-1694,0.0986,0.196,0.1034,0.5964,Crops
PX-1695,0.0717,0.1689,0.1224,0.7111,Crops
PX-1696,0.094,0.1802,0.129,0.6979,Crops
PX-1697,0.1363,0.1781,0.1242,0.6673,Crops
PX-1698,0.0779,0.0346,0.2892,0.1182,Urban
PX-1699,0.0879,0.1769,0.0587,0.6525,Forest
PX-1700,0.0652,0.0794,0.2446,0.1313,Urban
PX-1701,0.0836,0.208,0.0627,0.7332,Forest
PX-1702,0.0892,0.201,0.1066,0.6595,Crops
PX-1703,0.0839,0.2065,0.0281,0.7567,Forest
PX-1704,0.0596,0.2029,0.0279,0.6341,Forest
PX-1705,0.0841,0.1455,0.1287,0.6492,Crops
PX-1706,0.1092,0.1946,0.0455,0.6551,Forest
PX-1707,0.089,0.1795,0.0864,0.6066,Crops
PX-1708,0.0992,0.2391,0.0596,0.6639,Forest
PX-1709,0.2453,0.0737,0.0212,0.1367,Water
PX-1710,0.095,0.2107,0.1228,0.671,Crops
PX-1711,0.0856,0.192,0.1248,0.7368,Crops
PX-1712,0.231,0.0458,0.0677,0.1386,Water
PX-1713,0.0864,0.2023,0.0856,0.716,Forest
PX-1714,0.0602,0.1847,0.0927,0.6526,Crops
PX-1715,0.0673,0.0412,0.279,0.1871,Urban
PX-1716,0.0838,0.1723,0.1145,0.7459,Crops
PX-1717,0.2559,0.0559,0.0587,0.1412,Water
PX-1718,0.0562,0.0921,0.2843,0.0803,Urban
PX-1719,0.1011,0.1384,0.1129,0.628,Crops
PX-1720,0.0914,0.2041,0.1112,0.6613,Crops
PX-1721,0.0659,0.1613,0.0977,0.6683,Crops
PX-1722,0.0492,0.1526,0.1398,0.6779,Crops
PX-1723,0.0771,0.2036,0.1292,0.6684,Crops
PX-1724,0.2411,0.0746,0.0684,0.1203,Water
PX-1725,0.0823,0.2051,0.1138,0.6246,Crops
PX-1726,0.0727,0.216,0.0369,0.686,Forest
PX-1727,0.0399,0.1012,0.2584,0.1942,Urban
PX-1728,0.0722,0.0712,0.2872,0.1608,Urban
PX-1729,0.0739,0.1969,0.0292,0.6914,Forest
PX-1730,0.0927,0.1869,0.157,0.6912,Crops
PX-1731,0.066,0.2249,0.0238,0.6552,Forest
PX-1732,0.1136,0.1844,0.0555,0.6497,Forest
PX-1733,0.0418,0.187,0.0813,0.6401,Forest
PX-1734,0.1062,0.1738,0.132,0.645,Crops
PX-1735,0.0755,0.0179,0.2835,0.1031,Urban
PX-1736,0.0972,0.2028,0.0306,0.7183,Forest
PX-1737,0.0816,0.1423,0.0924,0.631,Crops
PX-1738,0.1028,0.1811,0.1354,0.6179,Crops
PX-1739,0.0723,0.2173,0.0801,0.7477,Forest
PX-1740,0.058,0.0505,0.2712,0.1019,Urban
PX-1741,0.2784,0.0935,0.0272,0.1261,Water
PX-1742,0.2477,0.0308,0.01,0.1381,Water
PX-1743,0.0844,0.2038,0.1004,0.6045,Crops
PX-1744,0.1047,0.2135,0.0477,0.7194,Forest
PX-1745,0.0594,0.1657,0.082,0.6955,Forest
PX-1746,0.0919,0.2342,0.1335,0.7123,Crops
PX-1747,0.0682,0.1787,0.1261,0.6228,Crops
PX-1748,0.2474,0.0425,0.042,0.124,Water
PX-1749,0.0814,0.1519,0.1083,0.6516,Crops
PX-1750,0.05,0.1956,0.0781,0.6806,Forest
PX-1751,0.0644,0.1775,0.124,0.5918,Crops
PX-1752,0.107,0.1821,0.0779,0.6544,Crops
PX-1753,0.0977,0.174,0.1065,0.5929,Crops
PX-1754,0.0787,0.0727,0.2628,0.1343,Urban
PX-1755,0.0849,0.0522,0.2691,0.0349,Urban
PX-1756,0.0741,0.0213,0.2913,0.0459,Urban
PX-1757,0.1071,0.197,0.0479,0.7027,Forest
PX-1758,0.076,0.1327,0.1185,0.6281,Crops
PX-1759,0.0846,0.2071,0.0763,0.6305,Forest
PX-1760,0.1029,0.1804,0.0361,0.7208,Forest
PX-1761,0.0645,0.0633,0.3173,0.1331,Urban
PX-1762,0.1112,0.2063,0.1066,0.6849,Crops
PX-1763,0.0494,0.181,0.0518,0.6634,Forest
PX-1764,0.1126,0.2012,0.1144,0.7572,Crops
PX-1765,0.0725,0.1713,0.1225,0.6258,Crops
PX-1766,0.2451,0.0951,0.0589,0.1898,Water
PX-1767,0.0422,0.1927,0.0587,0.6675,Forest
PX-1768,0.0709,0.1632,0.1049,0.5838,Crops
PX-1769,0.0592,0.1937,0.0975,0.6693,Crops
PX-1770,0.0678,0.1913,0.1001,0.6826,Forest
PX-1771,0.2473,0.0432,0.0403,0.0779,Water
PX-1772,0.0992,0.0504,0.294,0.0831,Urban
PX-1773,0.0842,0.0591,0.2478,0.119,Urban
PX-1774,0.2562,0.0868,0.0444,0.134,Water
PX-1775,0.0581,0.1413,0.1175,0.5512,Crops
PX-1776,0.2324,0.0605,0.0595,0.1621,Water
PX-1777,0.116,0.2125,0.01,0.6502,Forest
PX-1778,0.0653,0.1839,0.1233,0.5967,Crops
PX-1779,0.1131,0.0862,0.257,0.1576,Urban
PX-1780,0.0751,0.1785,0.1265,0.6491,Crops
PX-1781,0.08,0.0563,0.2593,0.1686,Urban
PX-1782,0.1014,0.2118,0.0329,0.6875,Forest
PX-1783,0.1054,0.202,0.0445,0.6699,Forest
PX-1784,0.2478,0.0522,0.029,0.1139,Water
PX-1785,0.0722,0.0703,0.2705,0.1393,Urban
PX-1786,0.0789,0.1869,0.0261,0.6535,Forest
PX-1787,0.0868,0.1878,0.0133,0.6359,Forest
PX-1788,0.0978,0.1694,0.1404,0.6744,Crops
PX-1789,0.0801,0.2271,0.0241,0.6642,Forest
PX-1790,0.0924,0.1156,0.1164,0.6513,Crops
PX-1791,0.2828,0.0679,0.0651,0.1636,Water
PX-1792,0.0876,0.2007,0.0377,0.6654,Forest
PX-1793,0.2562,0.0264,0.0335,0.1206,Water
PX-1794,0.0496,0.1862,0.1245,0.626,Crops
PX-1795,0.0274,0.1895,0.1424,0.6672,Crops
PX-1796,0.2578,0.0718,0.0266,0.134,Water
PX-1797,0.0781,0.127,0.117,0.686,Crops
PX-1798,0.0697,0.2073,0.0854,0.6268,Crops
PX-1799,0.0849,0.1652,0.1121,0.6317,Crops
PX-1800,0.0788,0.0737,0.2807,0.1517,Urban
PX-1801,0.2726,0.0748,0.0329,0.1301,Water
PX-1802,0.0817,0.1625,0.1109,0.6138,Crops
PX-1803,0.0651,0.1932,0.0918,0.7023,Crops
PX-1804,0.0998,0.1723,0.1215,0.5821,Crops
PX-1805,0.2457,0.0186,0.0711,0.1514,Water
PX-1806,0.2605,0.0834,0.0281,0.0694,Water
PX-1807,0.0705,0.1645,0.1075,0.7254,Crops
PX-1808,0.067,0.1629,0.1301,0.5882,Crops
PX-1809,0.0817,0.1719,0.1442,0.6961,Crops
PX-1810,0.2503,0.0654,0.0201,0.1167,Water
PX-1811,0.2596,0.0589,0.0466,0.1053,Water
PX-1812,0.0746,0.191,0.1257,0.6574,Crops
PX-1813,0.0433,0.1532,0.118,0.6753,Crops
PX-1814,0.0713,0.1652,0.0705,0.6138,Crops
PX-1815,0.0959,0.0577,0.29,0.0874,Urban
PX-1816,0.0741,0.218,0.1504,0.676,Crops
PX-1817,0.2451,0.0577,0.0523,0.0517,Water
PX-1818,0.0997,0.2217,0.0294,0.6466,Forest
PX-1819,0.0658,0.1808,0.1097,0.7716,Crops
PX-1820,0.0491,0.1703,0.1554,0.6113,Crops
PX-1821,0.0768,0.1751,0.1382,0.6959,Crops
PX-1822,0.0703,0.1966,0.0628,0.6466,Forest
PX-1823,0.2307,0.0721,0.0571,0.1404,Water
PX-1824,0.0765,0.2275,0.0368,0.6962,Forest
PX-1825,0.0898,0.2072,0.046,0.7152,Forest
PX-1826,0.0798,0.2037,0.1184,0.642,Crops
PX-1827,0.0861,0.0407,0.291,0.1996,Urban
PX-1828,0.2863,0.0517,0.0802,0.0964,Water
PX-1829,0.0731,0.1655,0.1424,0.6594,Crops
PX-1830,0.0856,0.0663,0.2516,0.1298,Urban
PX-1831,0.0698,0.1928,0.0545,0.6251,Forest
PX-1832,0.0631,0.2146,0.0647,0.6586,Forest
PX-1833,0.2383,0.0414,0.0624,0.1265,Water
PX-1834,0.0704,0.0609,0.2674,0.1027,Urban
PX-1835,0.2572,0.0737,0.1083,0.2176,Water
PX-1836,0.127,0.1387,0.0945,0.6165,Crops
PX-1837,0.0657,0.2224,0.0983,0.6972,Crops
PX-1838,0.0717,0.0543,0.2847,0.1543,Urban
PX-1839,0.0787,0.1395,0.1623,0.6494,Crops
PX-1840,0.0879,0.1832,0.1033,0.6154,Crops
PX-1841,0.0853,0.2007,0.0447,0.6393,Forest
PX-1842,0.1057,0.1984,0.0715,0.6493,Forest
PX-1843,0.0315,0.2198,0.0496,0.5986,Forest
PX-1844,0.0323,0.0749,0.2733,0.0799,Urban
PX-1845,0.0701,0.186,0.1313,0.5907,Crops
PX-1846,0.1019,0.189,0.1255,0.7038,Crops
PX-1847,0.0487,0.1779,0.1406,0.6747,Crops
PX-1848,0.0198,0.0955,0.3058,0.1514,Urban
PX-1849,0.0914,0.1704,0.0561,0.6936,Forest
PX-1850,0.0849,0.1828,0.1258,0.6567,Crops
PX-1851,0.0582,0.0613,0.2843,0.1784,Urban
PX-1852,0.0603,0.0763,0.2898,0.0956,Urban
PX-1853,0.0606,0.0431,0.2811,0.1243,Urban
PX-1854,0.0822,0.0251,0.28,0.1499,Urban
PX-1855,0.0675,0.1831,0.1439,0.5972,Crops
PX-1856,0.2599,0.0656,0.0803,0.2439,Water
PX-1857,0.0229,0.2298,0.0198,0.6711,Forest
PX-1858,0.0629,0.0346,0.2802,0.1257,Urban
PX-1859,0.2275,0.0831,0.0362,0.1703,Water
PX-1860,0.2449,0.1073,0.0438,0.1566,Water
PX-1861,0.2392,0.0524,0.0581,0.1215,Water
PX-1862,0.096,0.1542,0.1334,0.6552,Crops
PX-1863,0.0428,0.1919,0.0478,0.6098,Forest
PX-1864,0.0809,0.0603,0.2417,0.0977,Urban
PX-1865,0.0912,0.0713,0.2607,0.1407,Urban
PX-1866,0.1171,0.1682,0.1379,0.6678,Crops
PX-1867,0.0704,0.2111,0.0652,0.6988,Crops
PX-1868,0.0865,0.1577,0.1437,0.6452,Crops
PX-1869,0.2139,0.0252,0.0604,0.0645,Water
PX-1870,0.0322,0.0821,0.3063,0.1623,Urban
PX-1871,0.0969,0.1345,0.116,0.7074,Crops
PX-1872,0.0799,0.1959,0.01,0.7059,Forest
PX-1873,0.1036,0.1224,0.2886,0.1135,Urban
PX-1874,0.2225,0.0598,0.0755,0.1618,Water
PX-1875,0.0904,0.1776,0.0685,0.8072,Forest
PX-1876,0.1174,0.1989,0.0367,0.6746,Forest
PX-1877,0.0884,0.199,0.0517,0.6175,Forest
PX-1878,0.0855,0.1832,0.1093,0.6265,Crops
PX-1879,0.0802,0.2132,0.0336,0.695,Forest
PX-1880,0.2186,0.0392,0.0691,0.0558,Water
PX-1881,0.1071,0.0938,0.256,0.1268,Urban
PX-1882,0.0678,0.2049,0.0321,0.6852,Forest
PX-1883,0.2601,0.0745,0.0279,0.1814,Water
PX-1884,0.0487,0.1674,0.0902,0.7024,Crops
PX-1885,0.0564,0.2257,0.0529,0.7046,Forest
PX-1886,0.1087,0.1749,0.1432,0.5635,Crops
PX-1887,0.0731,0.1856,0.1163,0.6868,Crops
PX-1888,0.2791,0.0413,0.0199,0.1482,Water
PX-1889,0.0784,0.0401,0.2968,0.1302,Urban
PX-1890,0.0432,0.1938,0.1537,0.5808,Crops
PX-1891,0.0978,0.1911,0.0371,0.6389,Forest
PX-1892,0.0682,0.0429,0.2704,0.0733,Urban
PX-1893,0.094,0.1671,0.1303,0.5694,Crops
PX-1894,0.0805,0.214,0.0824,0.6699,Forest
PX-1895,0.2191,0.0474,0.0396,0.0881,Water
PX-1896,0.0833,0.1976,0.0234,0.775,Forest
PX-1897,0.1239,0.1803,0.1326,0.6432,Crops
PX-1898,0.0899,0.1417,0.136,0.7018,Crops
PX-1899,0.2488,0.0306,0.0501,0.0572,Water
PX-1900,0.1015,0.2067,0.0388,0.6488,Forest
PX-1901,0.0842,0.1653,0.1399,0.6539,Crops
PX-1902,0.2542,0.0811,0.0606,0.0837,Water
PX-1903,0.0582,0.1993,0.1046,0.6331,Crops
PX-1904,0.2547,0.0744,0.051,0.1113,Water
PX-1905,0.1007,0.2164,0.093,0.6406,Crops
PX-1906,0.0633,0.0583,0.2937,0.1942,Urban
PX-1907,0.1085,0.193,0.1148,0.6651,Crops
PX-1908,0.0782,0.1683,0.1113,0.6692,Crops
PX-1909,0.0622,0.229,0.1193,0.6716,Crops
PX-1910,0.1,0.2197,0.1208,0.6745,Crops
PX-1911,0.0743,0.0602,0.2979,0.1167,Urban
PX-1912,0.0952,0.0677,0.2918,0.1072,Urban
PX-1913,0.0742,0.2072,0.1169,0.6567,Crops
PX-1914,0.0788,0.1971,0.0653,0.7163,Forest
PX-1915,0.2599,0.0469,0.058,0.165,Water
PX-1916,0.0858,0.0775,0.2715,0.1104,Urban
PX-1917,0.0401,0.2016,0.0475,0.7007,Forest
PX-1918,0.0576,0.1837,0.117,0.6422,Crops
PX-1919,0.0986,0.1833,0.0601,0.6714,Forest
PX-1920,0.2474,0.0256,0.0427,0.1011,Water
PX-1921,0.0695,0.1847,0.1122,0.6427,Crops
PX-1922,0.0528,0.2181,0.0894,0.7237,Forest
PX-1923,0.0584,0.1755,0.1388,0.6537,Crops
PX-1924,0.2096,0.0887,0.0348,0.1254,Water
PX-1925,0.078,0.1659,0.1314,0.5921,Crops
PX-1926,0.068,0.1789,0.0524,0.6576,Forest
PX-1927,0.0607,0.1987,0.0578,0.6603,Forest
PX-1928,0.0786,0.1983,0.0527,0.6368,Forest
PX-1929,0.0873,0.1954,0.1438,0.6509,Crops
PX-1930,0.1219,0.1845,0.0569,0.6528,Forest
PX-1931,0.0498,0.2274,0.0488,0.6732,Forest
PX-1932,0.1032,0.2393,0.0708,0.6749,Forest
PX-1933,0.0995,0.1992,0.0547,0.6318,Forest
PX-1934,0.2344,0.085,0.0524,0.1041,Water
PX-1935,0.0841,0.0389,0.2863,0.1231,Urban
PX-1936,0.0708,0.2015,0.1181,0.6974,Crops
PX-1937,0.0837,0.0809,0.2802,0.1303,Urban
PX-1938,0.1102,0.2173,0.0383,0.6435,Forest
PX-1939,0.0921,0.1797,0.105,0.666,Crops
PX-1940,0.0902,0.1209,0.1,0.7183,Crops
PX-1941,0.0714,0.1672,0.0922,0.6867,Crops
PX-1942,0.2203,0.0475,0.0324,0.1419,Water
PX-1943,0.2458,0.0404,0.0465,0.149,Water
PX-1944,0.2741,0.0624,0.0521,0.1776,Water
PX-1945,0.0495,0.1916,0.0446,0.713,Forest
PX-1946,0.0589,0.1835,0.01,0.6927,Forest
PX-1947,0.0825,0.1588,0.1515,0.6927,Crops
PX-1948,0.0603,0.1657,0.1417,0.6067,Crops
PX-1949,0.0641,0.2224,0.0589,0.6099,Forest
PX-1950,0.0715,0.1668,0.1581,0.6563,Crops
PX-1951,0.0527,0.1697,0.1005,0.6527,Crops
PX-1952,0.0605,0.1909,0.0878,0.6482,Forest
PX-1953,0.2641,0.0668,0.0307,0.153,Water
PX-1954,0.0539,0.0691,0.2848,0.0455,Urban
PX-1955,0.048,0.01,0.2545,0.0986,Urban
PX-1956,0.0674,0.2204,0.0503,0.6506,Forest
PX-1957,0.0946,0.2287,0.0577,0.6045,Forest
PX-1958,0.0761,0.179,0.0469,0.7298,Forest
PX-1959,0.2407,0.0406,0.0643,0.0656,Water
PX-1960,0.0809,0.171,0.122,0.6265,Crops
PX-1961,0.0451,0.1849,0.0396,0.7063,Forest
PX-1962,0.0899,0.0645,0.2687,0.1458,Urban
PX-1963,0.0877,0.1411,0.1362,0.6057,Crops
PX-1964,0.0718,0.1776,0.0369,0.6973,Forest
PX-1965,0.1001,0.2308,0.0683,0.6816,Forest
PX-1966,0.0575,0.1614,0.1445,0.7433,Crops
PX-1967,0.1026,0.2049,0.0866,0.6662,Crops
PX-1968,0.0831,0.1871,0.1427,0.6444,Crops
PX-1969,0.0733,0.1438,0.1612,0.6157,Crops
PX-1970,0.0796,0.1927,0.125,0.6202,Crops
PX-1971,0.0779,0.0576,0.292,0.087,Urban
PX-1972,0.1044,0.1709,0.1407,0.7048,Crops
PX-1973,0.0585,0.2049,0.0445,0.6707,Forest
PX-1974,0.0647,0.1895,0.1236,0.6726,Crops
PX-1975,0.1007,0.0742,0.2537,0.1806,Urban
PX-1976,0.0681,0.2036,0.1228,0.5557,Crops
PX-1977,0.098,0.2082,0.06,0.7212,Forest
PX-1978,0.114,0.0325,0.2903,0.1222,Urban
PX-1979,0.072,0.0505,0.3013,0.1374,Urban
PX-1980,0.0936,0.2389,0.1045,0.6169,Crops
PX-1981,0.0569,0.0745,0.2693,0.0898,Urban
PX-1982,0.0951,0.2474,0.0879,0.6896,Forest
PX-1983,0.084,0.2279,0.047,0.7654,Forest
PX-1984,0.0895,0.1848,0.124,0.6901,Crops
PX-1985,0.0671,0.186,0.1187,0.7006,Crops
PX-1986,0.2168,0.0593,0.0336,0.1123,Water
PX-1987,0.0901,0.1652,0.0825,0.646,Forest
PX-1988,0.0387,0.2004,0.0394,0.6388,Forest
PX-1989,0.2437,0.0842,0.0275,0.1005,Water
PX-1990,0.2688,0.048,0.041,0.0379,Water
PX-1991,0.0838,0.1882,0.08,0.621,Crops
PX-1992,0.119,0.217,0.037,0.6476,Forest
PX-1993,0.1005,0.1618,0.1006,0.643,Crops
PX-1994,0.2369,0.051,0.0623,0.1253,Water
PX-1995,0.2505,0.0396,0.0365,0.1345,Water
PX-1996,0.0791,0.0436,0.2978,0.1194,Urban
PX-1997,0.0484,0.1542,0.148,0.6267,Crops
PX-1998,0.0612,0.162,0.1356,0.5715,Crops
PX-1999,0.0688,0.2084,0.1157,0.627,Crops
PX-2000,0.0393,0.1617,0.1228,0.6111,Crops
PX-2001,0.0809,0.1825,0.0895,0.6686,Crops
PX-2002,0.075,0.0499,0.2773,0.1564,Urban
PX-2003,0.0465,0.2036,0.1028,0.6875,Crops
PX-2004,0.0881,0.2062,0.1339,0.6803,Crops
PX-2005,0.2643,0.0773,0.1015,0.1147,Water
PX-2006,0.0845,0.2061,0.06,0.6491,Forest
PX-2007,0.2435,0.0554,0.0102,0.0901,Water
PX-2008,0.0918,0.1562,0.1128,0.5897,Crops
PX-2009,0.0936,0.2389,0.0524,0.7097,Forest
PX-2010,0.0861,0.1648,0.1217,0.643,Crops
PX-2011,0.0635,0.1933,0.1054,0.6001,Crops
PX-2012,0.0855,0.0812,0.2849,0.0869,Urban
PX-2013,0.1039,0.1689,0.0951,0.6153,Crops
PX-2014,0.0681,0.2208,0.0311,0.6717,Forest
PX-2015,0.122,0.2153,0.0629,0.7127,Forest
PX-2016,0.0695,0.2146,0.0997,0.6361,Crops
PX-2017,0.0806,0.0506,0.2908,0.0299,Urban
PX-2018,0.0666,0.1543,0.0926,0.6424,Crops
PX-2019,0.2545,0.0499,0.0853,0.1138,Water
PX-2020,0.0452,0.0642,0.2645,0.111,Urban
PX-2021,0.0691,0.2012,0.0455,0.6449,Forest
PX-2022,0.0582,0.0521,0.2866,0.1287,Urban
PX-2023,0.0827,0.1418,0.1087,0.6526,Crops
PX-2024,0.0999,0.2094,0.0529,0.669,Forest
PX-2025,0.0929,0.2194,0.1315,0.6665,Crops
PX-2026,0.2026,0.0693,0.0692,0.1028,Water
PX-2027,0.1208,0.0722,0.2958,0.1005,Urban
PX-2028,0.0859,0.1914,0.1166,0.7052,Crops
PX-2029,0.2345,0.0679,0.0471,0.1424,Water
PX-2030,0.0831,0.1986,0.167,0.6831,Crops
PX-2031,0.0835,0.2079,0.069,0.719,Forest
PX-2032,0.0667,0.1937,0.0316,0.691,Forest
PX-2033,0.084,0.0441,0.282,0.1571,Urban
PX-2034,0.0679,0.195,0.0433,0.6068,Forest
PX-2035,0.0719,0.1863,0.1173,0.6582,Crops
PX-2036,0.0663,0.1737,0.0954,0.6427,Crops
PX-2037,0.0513,0.1863,0.1118,0.7171,Crops
PX-2038,0.0829,0.1888,0.1562,0.6871,Crops
PX-2039,0.0917,0.1967,0.1316,0.6248,Crops
PX-2040,0.0903,0.0857,0.2302,0.1349,Urban
PX-2041,0.0964,0.2016,0.0743,0.6767,Forest
PX-2042,0.0865,0.1738,0.0718,0.6882,Forest
PX-2043,0.0693,0.1731,0.1128,0.6092,Crops
PX-2044,0.0968,0.0609,0.2943,0.1344,Urban
PX-2045,0.2228,0.0233,0.0328,0.1109,Water
PX-2046,0.062,0.2078,0.1106,0.6613,Crops
PX-2047,0.2307,0.0628,0.08,0.091,Water
PX-2048,0.1016,0.2076,0.0446,0.6466,Forest
PX-2049,0.0989,0.2073,0.0826,0.697,Crops
PX-2050,0.0897,0.1874,0.0487,0.6279,Forest
PX-2051,0.1014,0.2115,0.0484,0.6309,Forest
PX-2052,0.0624,0.1778,0.144,0.6479,Crops
PX-2053,0.087,0.0563,0.2803,0.0891,Urban
PX-2054,0.0775,0.0446,0.2716,0.0846,Urban
PX-2055,0.2669,0.0933,0.0709,0.1242,Water
PX-2056,0.0777,0.1925,0.0524,0.6098,Forest
PX-2057,0.0723,0.214,0.035,0.6297,Forest
PX-2058,0.2608,0.0225,0.0731,0.2022,Water
PX-2059,0.0975,0.2236,0.0539,0.6884,Forest
PX-2060,0.0666,0.201,0.1201,0.6201,Crops
PX-2061,0.0788,0.2019,0.0536,0.6867,Forest
PX-2062,0.0588,0.0555,0.2586,0.1427,Urban
PX-2063,0.03,0.208,0.0394,0.7098,Forest
PX-2064,0.084,0.2258,0.1201,0.6449,Crops
PX-2065,0.2622,0.0247,0.0461,0.1591,Water
PX-2066,0.0852,0.1956,0.1454,0.5685,Crops
PX-2067,0.041,0.1618,0.1243,0.6077,Crops
PX-2068,0.073,0.1796,0.1371,0.6566,Crops
PX-2069,0.0356,0.175,0.1202,0.6632,Crops
PX-2070,0.2774,0.0514,0.0711,0.0835,Water
PX-2071,0.0583,0.1998,0.058,0.6804,Forest
PX-2072,0.1051,0.1573,0.1203,0.625,Crops
PX-2073,0.0989,0.0806,0.2797,0.1089,Urban
PX-2074,0.062,0.0241,0.2609,0.161,Urban
PX-2075,0.0573,0.0708,0.2901,0.1564,Urban
PX-2076,0.087,0.1735,0.1192,0.6101,Crops
PX-2077,0.0631,0.1766,0.04,0.6277,Forest
PX-2078,0.082,0.064,0.3021,0.1036,Urban
PX-2079,0.2403,0.0289,0.025,0.1189,Water
PX-2080,0.0444,0.1808,0.1116,0.6237,Crops
PX-2081,0.0354,0.1515,0.1406,0.6916,Crops
PX-2082,0.0845,0.2092,0.0563,0.6839,Forest
PX-2083,0.0688,0.0415,0.279,0.1362,Urban
PX-2084,0.0689,0.191,0.055,0.6193,Forest
PX-2085,0.0939,0.2059,0.0536,0.7167,Forest
PX-2086,0.1035,0.1645,0.0897,0.5372,Crops
PX-2087,0.2445,0.0588,0.043,0.1534,Water
PX-2088,0.0732,0.0297,0.3123,0.1574,Urban
PX-2089,0.09,0.1926,0.1068,0.6327,Crops
PX-2090,0.2229,0.0953,0.0436,0.1709,Water
PX-2091,0.0845,0.1158,0.2692,0.1175,Urban
PX-2092,0.091,0.1818,0.1183,0.6525,Crops
PX-2093,0.0936,0.2158,0.0383,0.6836,Forest
PX-2094,0.0413,0.1444,0.1297,0.7775,Crops
PX-2095,0.2348,0.0901,0.0539,0.1738,Water
PX-2096,0.0624,0.2155,0.0655,0.698,Forest
PX-2097,0.082,0.1903,0.029,0.6335,Forest
PX-2098,0.2596,0.0847,0.0432,0.1257,Water
PX-2099,0.1099,0.1749,0.1155,0.6175,Crops
PX-2100,0.0701,0.0508,0.2891,0.1529,Urban
PX-2101,0.07,0.2095,0.0341,0.6756,Forest
PX-2102,0.103,0.1587,0.1383,0.605,Crops
PX-2103,0.2559,0.0804,0.0737,0.1232,Water
PX-2104,0.2754,0.0389,0.0302,0.086,Water
PX-2105,0.0858,0.159,0.1102,0.656,Crops
PX-2106,0.0569,0.0418,0.2694,0.0856,Urban
PX-2107,0.0533,0.0752,0.3326,0.1211,Urban
PX-2108,0.049,0.1677,0.1114,0.68,Crops
PX-2109,0.0932,0.033,0.3136,0.1179,Urban
PX-2110,0.1038,0.1679,0.0947,0.6344,Crops
PX-2111,0.117,0.1794,0.1002,0.6581,Crops
PX-2112,0.0969,0.1564,0.1063,0.6779,Crops
PX-2113,0.1033,0.037,0.2631,0.0757,Urban
PX-2114,0.2384,0.1022,0.0446,0.1304,Water
PX-2115,0.0569,0.1628,0.1058,0.7027,Crops
PX-2116,0.097,0.1935,0.0336,0.6929,Forest
PX-2117,0.0884,0.1927,0.0732,0.6723,Forest
PX-2118,0.0821,0.1716,0.1445,0.6756,Crops
PX-2119,0.0877,0.0724,0.299,0.1381,Urban
PX-2120,0.0865,0.079,0.2905,0.1501,Urban
PX-2121,0.1057,0.1939,0.0519,0.589,Forest
PX-2122,0.1059,0.0353,0.2701,0.0579,Urban
PX-2123,0.0909,0.2255,0.0309,0.7102,Forest
PX-2124,0.0969,0.0581,0.2873,0.0598,Urban
PX-2125,0.2603,0.0946,0.0265,0.1361,Water
PX-2126,0.0708,0.1551,0.0301,0.6559,Forest
PX-2127,0.0951,0.1839,0.1431,0.6102,Crops
PX-2128,0.0521,0.0984,0.318,0.134,Urban
PX-2129,0.1011,0.1929,0.0579,0.678,Forest
PX-2130,0.0561,0.1755,0.1421,0.7344,Crops
PX-2131,0.0857,0.1859,0.1151,0.625,Crops
PX-2132,0.0631,0.1888,0.0232,0.7276,Forest
PX-2133,0.0911,0.1938,0.0622,0.6841,Forest
PX-2134,0.2493,0.0532,0.0614,0.0936,Water
PX-2135,0.0481,0.0475,0.2814,0.152,Urban
PX-2136,0.0884,0.2046,0.1152,0.6726,Crops
PX-2137,0.2384,0.0692,0.0692,0.1214,Water
PX-2138,0.0976,0.185,0.1003,0.6607,Crops
PX-2139,0.08,0.0762,0.2645,0.0961,Urban
PX-2140,0.0879,0.0547,0.2598,0.087,Urban
PX-2141,0.0608,0.1845,0.0517,0.7004,Forest
PX-2142,0.2382,0.0479,0.0282,0.111,Water
PX-2143,0.0708,0.18,0.1063,0.6468,Crops
PX-2144,0.0971,0.1788,0.0359,0.6812,Forest
PX-2145,0.1135,0.05,0.2748,0.1306,Urban
PX-2146,0.0639,0.1897,0.0203,0.6128,Forest
PX-2147,0.1015,0.2225,0.1217,0.7015,Crops
PX-2148,0.0366,0.1445,0.0749,0.6748,Forest
PX-2149,0.0561,0.0564,0.2827,0.1119,Urban
PX-2150,0.0608,0.2145,0.1508,0.6672,Crops
PX-2151,0.0529,0.1824,0.1467,0.6595,Crops
PX-2152,0.2183,0.0751,0.0656,0.1507,Water
PX-2153,0.0883,0.062,0.2815,0.1415,Urban
PX-2154,0.0757,0.1667,0.1205,0.6787,Crops
PX-2155,0.0876,0.1352,0.1353,0.704,Crops
PX-2156,0.0938,0.1841,0.1122,0.6853,Crops
PX-2157,0.0853,0.1645,0.0823,0.6436,Crops
PX-2158,0.0932,0.184,0.0598,0.6251,Forest
PX-2159,0.2486,0.05,0.0274,0.1867,Water
PX-2160,0.2263,0.0949,0.0308,0.1105,Water
PX-2161,0.1012,0.2481,0.05,0.6511,Forest
PX-2162,0.0682,0.1843,0.1181,0.5805,Crops
PX-2163,0.0613,0.0507,0.2518,0.1335,Urban
PX-2164,0.0764,0.1765,0.0533,0.676,Forest
PX-2165,0.0617,0.0694,0.2993,0.0594,Urban
PX-2166,0.0717,0.2357,0.0274,0.6881,Forest
PX-2167,0.0869,0.1751,0.1454,0.6301,Crops
PX-2168,0.257,0.0124,0.0188,0.2276,Water
PX-2169,0.062,0.1934,0.1623,0.6272,Crops
PX-2170,0.2402,0.0797,0.0418,0.1026,Water
PX-2171,0.1015,0.1483,0.1229,0.615,Crops
PX-2172,0.0899,0.1835,0.0822,0.7011,Crops
PX-2173,0.1215,0.069,0.2788,0.1051,Urban
PX-2174,0.1036,0.1785,0.1246,0.621,Crops
PX-2175,0.1029,0.0442,0.2783,0.1483,Urban
PX-2176,0.0522,0.2003,0.1087,0.5948,Crops
PX-2177,0.0953,0.1919,0.0311,0.695,Forest
PX-2178,0.2489,0.0303,0.0726,0.1913,Water
PX-2179,0.069,0.159,0.0506,0.6927,Forest
PX-2180,0.0834,0.2052,0.1508,0.6755,Crops
PX-2181,0.0989,0.1923,0.1095,0.6848,Crops
PX-2182,0.09,0.1818,0.1113,0.7184,Crops
PX-2183,0.0624,0.1712,0.1363,0.6984,Crops
PX-2184,0.2648,0.0494,0.0175,0.1376,Water
PX-2185,0.0672,0.0385,0.2557,0.1562,Urban
PX-2186,0.0843,0.0514,0.3019,0.0846,Urban
PX-2187,0.2439,0.0176,0.0266,0.1511,Water
PX-2188,0.2456,0.0453,0.0136,0.0798,Water
PX-2189,0.2653,0.0538,0.0874,0.1053,Water
PX-2190,0.0592,0.1922,0.0921,0.5267,Crops
PX-2191,0.1189,0.0592,0.2837,0.1361,Urban
PX-2192,0.2136,0.0759,0.0514,0.0942,Water
PX-2193,0.068,0.227,0.01,0.7144,Forest
PX-2194,0.0874,0.2012,0.1147,0.6656,Crops
PX-2195,0.0917,0.2094,0.059,0.715,Forest
PX-2196,0.078,0.2002,0.0571,0.6267,Forest
PX-2197,0.0789,0.0404,0.2981,0.1615,Urban
PX-2198,0.0882,0.2148,0.0423,0.7542,Forest
PX-2199,0.0754,0.2136,0.1343,0.6806,Crops
PX-2200,0.1079,0.0668,0.2662,0.1516,Urban
PX-2201,0.0968,0.2183,0.0918,0.6568,Crops
PX-2202,0.0975,0.1695,0.024,0.649,Forest
PX-2203,0.0607,0.1569,0.0908,0.6804,Crops
PX-2204,0.2484,0.0771,0.0702,0.0598,Water
PX-2205,0.074,0.0653,0.2497,0.1033,Urban
PX-2206,0.0599,0.2063,0.1255,0.5792,Crops
PX-2207,0.0872,0.0597,0.2747,0.0919,Urban
PX-2208,0.0692,0.1626,0.1179,0.6757,Crops
PX-2209,0.0931,0.0557,0.3073,0.1402,Urban
PX-2210,0.2286,0.0293,0.0412,0.122,Water
PX-2211,0.1144,0.0374,0.2922,0.1268,Urban
PX-2212,0.0621,0.1994,0.1208,0.5746,Crops
PX-2213,0.0844,0.0775,0.277,0.1051,Urban
PX-2214,0.2658,0.0673,0.096,0.0927,Water
PX-2215,0.0686,0.1456,0.0912,0.6236,Crops
PX-2216,0.097,0.0528,0.3058,0.144,Urban
PX-2217,0.0554,0.1555,0.1331,0.6156,Crops
PX-2218,0.109,0.0835,0.2704,0.0958,Urban
PX-2219,0.0803,0.1683,0.1526,0.5665,Crops
PX-2220,0.2381,0.0383,0.013,0.1082,Water
PX-2221,0.074,0.2006,0.0396,0.6265,Forest
PX-2222,0.0962,0.1672,0.0958,0.6532,Crops
PX-2223,0.0683,0.2097,0.1282,0.612,Crops
PX-2224,0.065,0.1653,0.0977,0.6542,Crops
PX-2225,0.0756,0.172,0.0587,0.6642,Forest
PX-2226,0.0565,0.1369,0.1163,0.7169,Crops
PX-2227,0.1164,0.1994,0.0404,0.6899,Forest
PX-2228,0.0687,0.1688,0.1278,0.5764,Crops
PX-2229,0.0966,0.1514,0.1146,0.5994,Crops
PX-2230,0.2542,0.0838,0.0282,0.1222,Water
PX-2231,0.0603,0.1933,0.176,0.6128,Crops
PX-2232,0.0799,0.0594,0.2703,0.01,Urban
PX-2233,0.0957,0.0873,0.2356,0.174,Urban
PX-2234,0.2462,0.0733,0.0332,0.1488,Water
PX-2235,0.1039,0.1835,0.0247,0.6908,Forest
PX-2236,0.1004,0.0392,0.2965,0.0957,Urban
PX-2237,0.0984,0.1964,0.1264,0.6671,Crops
PX-2238,0.0708,0.1879,0.128,0.6218,Crops
PX-2239,0.0584,0.1834,0.1126,0.6582,Crops
PX-2240,0.2377,0.0431,0.0444,0.0832,Water
PX-2241,0.0839,0.1922,0.1126,0.7107,Crops
PX-2242,0.0909,0.1849,0.0484,0.6072,Forest
PX-2243,0.0366,0.058,0.2967,0.1693,Urban
PX-2244,0.0798,0.0889,0.2867,0.1216,Urban
PX-2245,0.0832,0.1868,0.06,0.6504,Forest
PX-2246,0.0744,0.1485,0.13,0.6567,Crops
PX-2247,0.1058,0.0389,0.2977,0.1493,Urban
PX-2248,0.0884,0.2199,0.0558,0.7247,Forest
PX-2249,0.1062,0.1851,0.1272,0.6625,Crops
PX-2250,0.0757,0.1774,0.1438,0.6144,Crops
PX-2251,0.0987,0.0498,0.2667,0.1222,Urban
PX-2252,0.2827,0.0697,0.0329,0.1927,Water
PX-2253,0.1062,0.043,0.2563,0.1739,Urban
PX-2254,0.0582,0.0661,0.2837,0.1564,Urban
PX-2255,0.0749,0.1854,0.0129,0.7018,Forest
PX-2256,0.0731,0.182,0.0592,0.698,Forest
PX-2257,0.0898,0.1873,0.0478,0.7164,Forest
PX-2258,0.0937,0.1725,0.1427,0.6317,Crops
PX-2259,0.0632,0.199,0.0366,0.6158,Forest
PX-2260,0.2514,0.0647,0.0459,0.1228,Water
PX-2261,0.0396,0.1262,0.0724,0.6373,Forest
PX-2262,0.1088,0.0438,0.3077,0.0778,Urban
PX-2263,0.0698,0.1922,0.0364,0.6412,Forest
PX-2264,0.0811,0.2301,0.0536,0.7694,Forest
PX-2265,0.0738,0.1784,0.0559,0.6754,Forest
PX-2266,0.1029,0.2033,0.0575,0.6845,Forest
PX-2267,0.1932,0.0899,0.0447,0.0711,Water
PX-2268,0.0797,0.1537,0.1456,0.5762,Crops
PX-2269,0.0779,0.2079,0.0122,0.6372,Forest
PX-2270,0.0709,0.164,0.1116,0.7075,Crops
PX-2271,0.1145,0.1699,0.129,0.6634,Crops
PX-2272,0.0623,0.1839,0.0591,0.6939,Forest
PX-2273,0.2654,0.0454,0.0771,0.1495,Water
PX-2274,0.0871,0.1144,0.304,0.0963,Urban
PX-2275,0.1052,0.2169,0.0443,0.7255,Forest
PX-2276,0.2367,0.082,0.076,0.0947,Water
PX-2277,0.0653,0.2098,0.0357,0.7262,Forest
PX-2278,0.1019,0.1679,0.0686,0.6877,Forest
PX-2279,0.0885,0.1879,0.1562,0.5784,Crops
PX-2280,0.0491,0.2015,0.1443,0.6201,Crops
PX-2281,0.0692,0.1629,0.1221,0.5786,Crops
PX-2282,0.0877,0.2193,0.0434,0.7165,Forest
PX-2283,0.0968,0.1941,0.0894,0.649,Crops
PX-2284,0.0664,0.217,0.1262,0.5609,Crops
PX-2285,0.0217,0.1716,0.0977,0.665,Crops
PX-2286,0.0905,0.038,0.2641,0.0985,Urban
PX-2287,0.0556,0.1728,0.0962,0.5906,Crops
PX-2288,0.0397,0.2287,0.0408,0.7371,Forest
PX-2289,0.0234,0.1434,0.1194,0.6543,Crops
PX-2290,0.0963,0.1586,0.0555,0.6583,Forest
PX-2291,0.0826,0.1818,0.108,0.634,Crops
PX-2292,0.0755,0.1711,0.1414,0.5895,Crops
PX-2293,0.1078,0.2002,0.0458,0.6178,Forest
PX-2294,0.0927,0.1989,0.1042,0.7014,Crops
PX-2295,0.1123,0.1689,0.1245,0.631,Crops
PX-2296,0.0521,0.1425,0.1593,0.6509,Crops
PX-2297,0.0793,0.2209,0.1267,0.5682,Crops
PX-2298,0.0477,0.1601,0.1127,0.5973,Crops
PX-2299,0.0754,0.1588,0.0895,0.6744,Crops
PX-2300,0.075,0.0821,0.2756,0.1351,Urban
PX-2301,0.0925,0.1923,0.0547,0.7401,Forest
PX-2302,0.0809,0.1987,0.0422,0.7237,Forest
PX-2303,0.0925,0.1897,0.0867,0.6408,Crops
PX-2304,0.0941,0.0817,0.263,0.1389,Urban
PX-2305,0.1231,0.1733,0.1491,0.6373,Crops
PX-2306,0.0737,0.2104,0.1487,0.7322,Crops
PX-2307,0.0612,0.1573,0.0323,0.716,Forest
PX-2308,0.0849,0.1952,0.1335,0.6568,Crops
PX-2309,0.064,0.1632,0.0964,0.658,Crops
PX-2310,0.1096,0.2274,0.0781,0.7278,Forest
PX-2311,0.0743,0.0628,0.2849,0.1432,Urban
PX-2312,0.0687,0.1865,0.069,0.7323,Forest
PX-2313,0.2406,0.0733,0.0157,0.0323,Water
PX-2314,0.0944,0.0779,0.2936,0.1384,Urban
PX-2315,0.0768,0.1928,0.1198,0.6294,Crops
PX-2316,0.0672,0.1594,0.137,0.7203,Crops
PX-2317,0.1133,0.1703,0.1383,0.7119,Crops
PX-2318,0.0629,0.1999,0.0513,0.6713,Forest
PX-2319,0.0807,0.1992,0.038,0.7314,Forest
PX-2320,0.093,0.075,0.2956,0.1913,Urban
PX-2321,0.2174,0.0197,0.0488,0.123,Water
PX-2322,0.0896,0.2067,0.0325,0.7689,Forest
PX-2323,0.0589,0.1742,0.1016,0.6487,Crops
PX-2324,0.0965,0.0432,0.2505,0.1114,Urban
PX-2325,0.0607,0.0452,0.2698,0.1546,Urban
PX-2326,0.0939,0.0557,0.3021,0.1058,Urban
PX-2327,0.1021,0.108,0.1236,0.6534,Crops
PX-2328,0.0972,0.186,0.0394,0.7264,Forest
PX-2329,0.085,0.1625,0.1361,0.6508,Crops
PX-2330,0.0754,0.1907,0.1034,0.5822,Crops
PX-2331,0.0685,0.1639,0.1219,0.6647,Crops
PX-2332,0.1094,0.1957,0.0464,0.6421,Forest
PX-2333,0.236,0.0908,0.0656,0.1546,Water
PX-2334,0.0593,0.1999,0.0885,0.6778,Crops
PX-2335,0.0933,0.198,0.103,0.7089,Crops
PX-2336,0.0641,0.19,0.0172,0.7063,Forest
PX-2337,0.061,0.1909,0.1148,0.6936,Crops
PX-2338,0.0511,0.1753,0.1442,0.6232,Crops
PX-2339,0.0703,0.1961,0.0399,0.7022,Forest
PX-2340,0.2483,0.0682,0.0398,0.1987,Water
PX-2341,0.0849,0.1681,0.1374,0.6225,Crops
PX-2342,0.099,0.2099,0.1414,0.722,Crops
PX-2343,0.0905,0.1768,0.1182,0.628,Crops
PX-2344,0.0762,0.0724,0.2937,0.0859,Urban
PX-2345,0.246,0.0891,0.0285,0.1318,Water
PX-2346,0.2602,0.0806,0.0776,0.1486,Water
PX-2347,0.1055,0.1518,0.163,0.6865,Crops
PX-2348,0.0825,0.2089,0.0604,0.6315,Forest
PX-2349,0.0706,0.197,0.0783,0.6674,Crops
PX-2350,0.0601,0.2178,0.0388,0.6426,Forest
PX-2351,0.0511,0.0377,0.2923,0.0604,Urban
PX-2352,0.0933,0.1869,0.0416,0.6329,Forest
PX-2353,0.0916,0.0799,0.3054,0.09,Urban
PX-2354,0.2615,0.0448,0.0618,0.1409,Water
PX-2355,0.0774,0.174,0.1059,0.6961,Crops
PX-2356,0.1081,0.0915,0.2806,0.0611,Urban
PX-2357,0.0703,0.179,0.1021,0.6641,Crops
PX-2358,0.0991,0.1855,0.0463,0.6229,Forest
PX-2359,0.0792,0.1624,0.1089,0.6752,Crops
PX-2360,0.0678,0.1867,0.1435,0.6251,Crops
PX-2361,0.0919,0.1733,0.0923,0.6279,Forest
PX-2362,0.0882,0.1751,0.0914,0.682,Crops
PX-2363,0.0871,0.2067,0.0115,0.6465,Forest
PX-2364,0.0816,0.226,0.0451,0.6574,Forest
PX-2365,0.0792,0.1934,0.0896,0.5612,Crops
PX-2366,0.1278,0.1657,0.1209,0.6879,Crops
PX-2367,0.1037,0.2236,0.065,0.7028,Forest
PX-2368,0.0945,0.174,0.1499,0.6502,Crops
PX-2369,0.2522,0.0353,0.054,0.0589,Water
PX-2370,0.2701,0.0566,0.0461,0.1684,Water
PX-2371,0.0904,0.0888,0.2404,0.0933,Urban
PX-2372,0.2505,0.0633,0.0505,0.1019,Water
PX-2373,0.0739,0.2003,0.0514,0.7625,Forest
PX-2374,0.2484,0.0927,0.0628,0.0919,Water
PX-2375,0.0166,0.1514,0.1058,0.6797,Crops
PX-2376,0.0842,0.1543,0.1113,0.6725,Crops
PX-2377,0.2402,0.0277,0.0204,0.1356,Water
PX-2378,0.1119,0.2075,0.01,0.6813,Forest
PX-2379,0.2504,0.0633,0.0278,0.1351,Water
PX-2380,0.0562,0.0909,0.2486,0.1309,Urban
PX-2381,0.079,0.0649,0.2867,0.1179,Urban
PX-2382,0.0591,0.0519,0.2696,0.1805,Urban
PX-2383,0.0895,0.2,0.0392,0.6175,Forest
PX-2384,0.0858,0.1824,0.1003,0.6909,Crops
PX-2385,0.0992,0.1666,0.01,0.7029,Forest
PX-2386,0.0642,0.2342,0.1502,0.6779,Crops
PX-2387,0.0807,0.2104,0.03,0.7147,Forest
PX-2388,0.2227,0.0642,0.0418,0.1163,Water
PX-2389,0.264,0.0723,0.0209,0.0452,Water
PX-2390,0.0904,0.1942,0.1394,0.6471,Crops
PX-2391,0.0899,0.1772,0.1229,0.6104,Crops
PX-2392,0.08,0.1874,0.0335,0.6407,Forest
PX-2393,0.0883,0.192,0.1122,0.6003,Crops
PX-2394,0.1121,0.0677,0.3136,0.1009,Urban
PX-2395,0.0743,0.1638,0.1185,0.6261,Crops
PX-2396,0.0828,0.2084,0.1164,0.5549,Crops
PX-2397,0.0583,0.1859,0.1012,0.678,Crops
PX-2398,0.0626,0.2146,0.0121,0.7588,Forest
PX-2399,0.082,0.2278,0.0468,0.6942,Forest
PX-2400,0.1021,0.1804,0.1265,0.6419,Crops
PX-2401,0.0749,0.1863,0.142,0.6478,Crops
PX-2402,0.0753,0.2162,0.01,0.6532,Forest
PX-2403,0.0719,0.1655,0.0975,0.6536,Crops
PX-2404,0.2393,0.0611,0.0384,0.1185,Water
PX-2405,0.0859,0.2025,0.0499,0.6364,Forest
PX-2406,0.0501,0.1609,0.1171,0.7173,Crops
PX-2407,0.1056,0.2264,0.1176,0.5905,Crops
PX-2408,0.0667,0.0319,0.2882,0.1487,Urban
PX-2409,0.0944,0.174,0.0319,0.666,Forest
PX-2410,0.2246,0.0863,0.0687,0.196,Water
PX-2411,0.0934,0.1943,0.1287,0.6636,Crops
PX-2412,0.0934,0.1795,0.0436,0.6556,Forest
PX-2413,0.0877,0.1921,0.152,0.6401,Crops
PX-2414,0.0601,0.2294,0.0811,0.6716,Forest
PX-2415,0.085,0.0594,0.2987,0.0743,Urban
PX-2416,0.0563,0.232,0.0596,0.6193,Crops
PX-2417,0.0749,0.1455,0.1516,0.5786,Crops
PX-2418,0.1006,0.1939,0.1359,0.6131,Crops
PX-2419,0.0959,0.2033,0.1601,0.6538,Crops
PX-2420,0.0803,0.1978,0.1447,0.662,Crops
PX-2421,0.0605,0.1759,0.1516,0.5708,Crops
PX-2422,0.2629,0.0542,0.0676,0.1145,Water
PX-2423,0.0804,0.2089,0.077,0.6925,Forest
PX-2424,0.0336,0.1963,0.1599,0.6435,Crops
PX-2425,0.0957,0.072,0.2843,0.0946,Urban
PX-2426,0.0795,0.2008,0.0886,0.6335,Crops
PX-2427,0.104,0.0396,0.2739,0.0984,Urban
PX-2428,0.0581,0.1754,0.1278,0.6245,Crops
PX-2429,0.0165,0.0412,0.2815,0.127,Urban
PX-2430,0.0856,0.1923,0.0251,0.7623,Forest
PX-2431,0.0858,0.0803,0.2474,0.0903,Urban
PX-2432,0.0462,0.0622,0.2652,0.1073,Urban
PX-2433,0.0604,0.2321,0.1362,0.6479,Crops
PX-2434,0.1351,0.0639,0.3116,0.0925,Urban
PX-2435,0.0739,0.1812,0.1383,0.6939,Crops
PX-2436,0.0946,0.1821,0.1411,0.5552,Crops
PX-2437,0.067,0.1672,0.1184,0.6288,Crops
PX-2438,0.0382,0.1988,0.0152,0.7027,Forest
PX-2439,0.0766,0.2026,0.1109,0.6382,Crops
PX-2440,0.0747,0.2023,0.0448,0.6372,Forest
PX-2441,0.072,0.1841,0.0401,0.6876,Forest
PX-2442,0.2477,0.0415,0.0511,0.1563,Water
PX-2443,0.0853,0.051,0.2888,0.1284,Urban
PX-2444,0.077,0.2015,0.0671,0.638,Forest
PX-2445,0.0547,0.2039,0.1144,0.6682,Crops
PX-2446,0.0897,0.1532,0.0819,0.6339,Crops
PX-2447,0.041,0.1736,0.1103,0.6798,Crops
PX-2448,0.039,0.1829,0.1209,0.7093,Crops
PX-2449,0.0948,0.1433,0.1445,0.5458,Crops
PX-2450,0.0901,0.1633,0.1086,0.6544,Crops
PX-2451,0.0789,0.0464,0.2903,0.0506,Urban
PX-2452,0.0521,0.1841,0.0558,0.7677,Forest
PX-2453,0.0658,0.1838,0.1209,0.6313,Crops
PX-2454,0.0747,0.1968,0.0686,0.6999,Forest
PX-2455,0.0481,0.1689,0.1068,0.6486,Crops
PX-2456,0.0652,0.2086,0.0385,0.6379,Forest
PX-2457,0.093,0.2345,0.0498,0.6331,Forest
PX-2458,0.1085,0.2328,0.0372,0.7334,Forest
PX-2459,0.0716,0.1615,0.0602,0.7082,Forest
PX-2460,0.0951,0.0715,0.2657,0.1977,Urban
PX-2461,0.0417,0.0564,0.2845,0.1222,Urban
PX-2462,0.0932,0.2031,0.048,0.6815,Forest
PX-2463,0.0639,0.192,0.0543,0.6593,Forest
PX-2464,0.0861,0.2024,0.0408,0.6585,Forest
PX-2465,0.075,0.183,0.1132,0.6083,Crops
PX-2466,0.1064,0.1684,0.1219,0.6534,Crops
PX-2467,0.0625,0.1621,0.124,0.6184,Crops
PX-2468,0.0926,0.191,0.0499,0.6877,Forest
PX-2469,0.0744,0.2047,0.0841,0.6768,Forest
PX-2470,0.0768,0.192,0.1002,0.6615,Crops
PX-2471,0.0763,0.0771,0.2787,0.187,Urban
PX-2472,0.0631,0.0501,0.2485,0.1185,Urban
PX-2473,0.2497,0.0657,0.0574,0.1503,Water
PX-2474,0.0787,0.2193,0.0277,0.7521,Forest
PX-2475,0.0848,0.0833,0.2744,0.1723,Urban
PX-2476,0.0817,0.1788,0.1126,0.6961,Crops
PX-2477,0.266,0.0556,0.0556,0.1077,Water
PX-2478,0.0985,0.1838,0.1089,0.6592,Crops
PX-2479,0.229,0.037,0.0381,0.0673,Water
PX-2480,0.0974,0.1761,0.1487,0.67,Crops
PX-2481,0.0563,0.0749,0.2857,0.131,Urban
PX-2482,0.0918,0.0728,0.2688,0.1209,Urban
PX-2483,0.0924,0.1746,0.115,0.6911,Crops
PX-2484,0.0418,0.2044,0.0829,0.6217,Forest
PX-2485,0.0819,0.0435,0.2753,0.1854,Urban
PX-2486,0.0706,0.2141,0.0362,0.7061,Forest
PX-2487,0.0648,0.0584,0.2663,0.1172,Urban
PX-2488,0.107,0.1945,0.039,0.6641,Forest
PX-2489,0.0669,0.1728,0.1081,0.6692,Crops
PX-2490,0.0639,0.1787,0.0944,0.7108,Crops
PX-2491,0.0815,0.171,0.0975,0.6541,Crops
PX-2492,0.2637,0.0732,0.0334,0.1258,Water
PX-2493,0.0772,0.1721,0.1318,0.6507,Crops
PX-2494,0.1033,0.2319,0.0424,0.7413,Forest
PX-2495,0.0906,0.2293,0.0459,0.6552,Forest
PX-2496,0.0364,0.1822,0.0754,0.6688,Forest
PX-2497,0.0694,0.0614,0.3059,0.1785,Urban
PX-2498,0.0688,0.047,0.2744,0.1259,Urban
PX-2499,0.0896,0.1935,0.0374,0.7155,Forest
PX-2500,0.0275,0.1,0.2627,0.0835,Urban
PX-2501,0.301,0.0538,0.0639,0.1118,Water
PX-2502,0.0906,0.2072,0.0459,0.7294,Forest
PX-2503,0.083,0.0708,0.2723,0.0929,Urban
PX-2504,0.1036,0.16,0.1037,0.6439,Crops
PX-2505,0.1269,0.1629,0.1046,0.6603,Crops
PX-2506,0.0974,0.0359,0.2864,0.0804,Urban
PX-2507,0.099,0.1823,0.0237,0.6534,Forest
PX-2508,0.0826,0.01,0.2999,0.1245,Urban
PX-2509,0.0772,0.0709,0.2693,0.1219,Urban
PX-2510,0.0705,0.2211,0.117,0.7012,Crops
PX-2511,0.0635,0.063,0.2533,0.1817,Urban
PX-2512,0.0663,0.1717,0.0498,0.6358,Forest
PX-2513,0.053,0.1871,0.0434,0.6745,Forest
PX-2514,0.0785,0.1908,0.049,0.697,Forest
PX-2515,0.0463,0.0396,0.3094,0.1807,Urban
PX-2516,0.0838,0.1972,0.1236,0.6787,Crops
PX-2517,0.0793,0.2162,0.0341,0.6816,Forest
PX-2518,0.2529,0.0369,0.0358,0.1467,Water
PX-2519,0.2396,0.0745,0.0619,0.147,Water
PX-2520,0.3115,0.0905,0.076,0.0829,Water
PX-2521,0.1072,0.2181,0.1256,0.6577,Crops
PX-2522,0.0551,0.2373,0.1338,0.7084,Crops
PX-2523,0.0847,0.162,0.1322,0.6417,Crops
PX-2524,0.0678,0.1165,0.3084,0.1252,Urban
PX-2525,0.0597,0.1729,0.081,0.6403,Crops
PX-2526,0.0532,0.1682,0.1333,0.5574,Crops
PX-2527,0.0886,0.0665,0.2997,0.1208,Urban
PX-2528,0.0664,0.1684,0.0932,0.6621,Crops
PX-2529,0.0994,0.068,0.2623,0.0995,Urban
PX-2530,0.2699,0.0336,0.033,0.0738,Water
PX-2531,0.1075,0.0552,0.2654,0.0848,Urban
PX-2532,0.063,0.2057,0.1104,0.6806,Crops
PX-2533,0.0895,0.1789,0.1249,0.7289,Crops
PX-2534,0.2626,0.0628,0.0673,0.1753,Water
PX-2535,0.0705,0.0695,0.3016,0.0662,Urban
PX-2536,0.2346,0.0834,0.0332,0.1542,Water
PX-2537,0.1122,0.1469,0.1031,0.6235,Crops
PX-2538,0.2545,0.0717,0.0763,0.0967,Water
PX-2539,0.2627,0.0546,0.0629,0.1015,Water
PX-2540,0.2336,0.0633,0.0517,0.1482,Water
PX-2541,0.2256,0.0812,0.0595,0.1584,Water
PX-2542,0.0686,0.0361,0.2794,0.1161,Urban
PX-2543,0.0775,0.1797,0.0605,0.6668,Forest
PX-2544,0.0587,0.1413,0.1133,0.6686,Crops
PX-2545,0.0798,0.189,0.0554,0.6927,Forest
PX-2546,0.0462,0.2066,0.0898,0.697,Crops
PX-2547,0.0576,0.1976,0.0362,0.6186,Forest
PX-2548,0.0934,0.1732,0.0365,0.6708,Forest
PX-2549,0.0921,0.1703,0.1125,0.6073,Crops
PX-2550,0.0722,0.1502,0.1015,0.648,Crops
PX-2551,0.0596,0.1575,0.1093,0.641,Crops
PX-2552,0.0595,0.0678,0.2497,0.1181,Urban
PX-2553,0.0725,0.0365,0.291,0.088,Urban
PX-2554,0.0929,0.2023,0.1183,0.5905,Crops
PX-2555,0.0986,0.0586,0.2459,0.0362,Urban
PX-2556,0.0701,0.2017,0.0333,0.6648,Forest
PX-2557,0.0569,0.1744,0.1267,0.6328,Crops
PX-2558,0.0854,0.1955,0.1091,0.623,Crops
PX-2559,0.0635,0.2157,0.0361,0.7229,Forest
PX-2560,0.2396,0.0667,0.0485,0.0856,Water
PX-2561,0.2765,0.0713,0.0569,0.1767,Water
PX-2562,0.0965,0.1758,0.0913,0.715,Crops
PX-2563,0.0832,0.1908,0.131,0.572,Crops
PX-2564,0.0546,0.1932,0.034,0.6737,Forest
PX-2565,0.0842,0.18,0.1196,0.634,Crops
PX-2566,0.1013,0.1745,0.1193,0.5335,Crops
PX-2567,0.0725,0.1709,0.1095,0.5922,Crops
PX-2568,0.107,0.0462,0.2595,0.151,Urban
PX-2569,0.1059,0.0694,0.2743,0.2008,Urban
PX-2570,0.1133,0.2262,0.0825,0.7061,Forest
PX-2571,0.0861,0.0834,0.2528,0.1329,Urban
PX-2572,0.0917,0.1549,0.1538,0.6491,Crops
PX-2573,0.1083,0.2258,0.0448,0.7373,Forest
PX-2574,0.0889,0.1736,0.1207,0.7359,Crops
PX-2575,0.07,0.212,0.0283,0.6465,Forest
PX-2576,0.071,0.0419,0.2646,0.04,Urban
PX-2577,0.0848,0.2028,0.0399,0.5861,Forest
PX-2578,0.0542,0.1863,0.0991,0.7029,Crops
PX-2579,0.0771,0.1703,0.0458,0.6681,Forest
PX-2580,0.1019,0.1922,0.1119,0.6573,Crops
PX-2581,0.0362,0.0869,0.317,0.0484,Urban
PX-2582,0.1107,0.1965,0.0267,0.6399,Forest
PX-2583,0.1024,0.2272,0.0521,0.6582,Forest
PX-2584,0.0708,0.1962,0.055,0.6783,Forest
PX-2585,0.0909,0.217,0.0286,0.6541,Forest
PX-2586,0.0801,0.1356,0.1337,0.6085,Crops
PX-2587,0.2746,0.1084,0.042,0.0886,Water
PX-2588,0.0997,0.2099,0.0702,0.6983,Crops
PX-2589,0.222,0.0543,0.0632,0.1298,Water
PX-2590,0.0917,0.0206,0.2577,0.1445,Urban
PX-2591,0.0759,0.0658,0.259,0.084,Urban
PX-2592,0.0817,0.1711,0.0638,0.5518,Forest
PX-2593,0.0654,0.2089,0.0431,0.6491,Forest
PX-2594,0.115,0.1882,0.1384,0.6153,Crops
PX-2595,0.2708,0.0412,0.0742,0.134,Water
PX-2596,0.0652,0.2024,0.1071,0.7814,Crops
PX-2597,0.0533,0.2161,0.0659,0.6978,Forest
PX-2598,0.0723,0.1995,0.1049,0.7594,Crops
PX-2599,0.0887,0.1802,0.1647,0.6728,Crops
PX-2600,0.0848,0.1717,0.0361,0.6448,Forest
PX-2601,0.1051,0.1996,0.1405,0.6639,Crops
PX-2602,0.2658,0.0546,0.0669,0.1912,Water
PX-2603,0.0994,0.1522,0.1263,0.7232,Crops
PX-2604,0.0865,0.207,0.1066,0.627,Crops
PX-2605,0.0522,0.242,0.047,0.6801,Forest
PX-2606,0.0761,0.1792,0.0769,0.5928,Crops
PX-2607,0.1012,0.2232,0.1245,0.683,Crops
PX-2608,0.249,0.0618,0.057,0.1821,Water
PX-2609,0.0901,0.1724,0.1227,0.6516,Crops
PX-2610,0.0736,0.0474,0.2205,0.0933,Urban
PX-2611,0.0594,0.2127,0.0947,0.6644,Crops
PX-2612,0.0775,0.1644,0.105,0.6667,Crops
PX-2613,0.2562,0.0747,0.0558,0.1232,Water
PX-2614,0.0669,0.1688,0.1258,0.6571,Crops
PX-2615,0.0753,0.1708,0.1166,0.643,Crops
PX-2616,0.0612,0.2006,0.1327,0.6898,Crops
PX-2617,0.1024,0.1724,0.0995,0.6794,Crops
PX-2618,0.0741,0.0519,0.2922,0.0807,Urban
PX-2619,0.1091,0.2027,0.1295,0.6096,Crops
PX-2620,0.2806,0.0919,0.0576,0.1098,Water
PX-2621,0.0784,0.0729,0.2764,0.1495,Urban
PX-2622,0.0598,0.1869,0.0866,0.6759,Forest
PX-2623,0.0383,0.0498,0.2899,0.0943,Urban
PX-2624,0.0506,0.1816,0.1006,0.6605,Crops
PX-2625,0.0525,0.0664,0.285,0.1068,Urban
PX-2626,0.1076,0.1602,0.135,0.6852,Crops
PX-2627,0.2523,0.0745,0.0382,0.1333,Water
PX-2628,0.0878,0.2017,0.0718,0.6574,Forest
PX-2629,0.0356,0.1457,0.1276,0.6593,Crops
PX-2630,0.056,0.1814,0.01,0.7226,Forest
PX-2631,0.2677,0.0499,0.056,0.0972,Water
PX-2632,0.0857,0.1785,0.1119,0.6661,Crops
PX-2633,0.0771,0.2178,0.1307,0.6472,Crops
PX-2634,0.2613,0.0648,0.0689,0.1371,Water
PX-2635,0.2827,0.0432,0.0539,0.0938,Water
PX-2636,0.0756,0.0644,0.3133,0.1244,Urban
PX-2637,0.2514,0.053,0.0464,0.1643,Water
PX-2638,0.0839,0.0665,0.2925,0.0825,Urban
PX-2639,0.2978,0.0716,0.0661,0.0668,Water
PX-2640,0.038,0.2042,0.1181,0.5983,Crops
PX-2641,0.0937,0.1795,0.1356,0.6032,Crops
PX-2642,0.2477,0.0928,0.0381,0.1438,Water
PX-2643,0.0913,0.2182,0.0415,0.6138,Forest
PX-2644,0.0669,0.1659,0.0938,0.6381,Crops
PX-2645,0.079,0.2242,0.1248,0.6747,Crops
PX-2646,0.0942,0.0665,0.2865,0.1367,Urban
PX-2647,0.1423,0.1833,0.0736,0.6546,Forest
PX-2648,0.0962,0.2331,0.0658,0.6776,Forest
PX-2649,0.063,0.2416,0.0443,0.6743,Forest
PX-2650,0.0715,0.1793,0.0964,0.641,Crops
PX-2651,0.0709,0.1699,0.1287,0.6416,Crops
PX-2652,0.0441,0.1766,0.1422,0.7394,Crops
PX-2653,0.0734,0.1943,0.1351,0.6824,Crops
PX-2654,0.2647,0.0856,0.0717,0.2192,Water
PX-2655,0.0545,0.2114,0.0458,0.6501,Forest
PX-2656,0.101,0.062,0.2707,0.1166,Urban
PX-2657,0.0898,0.09,0.2653,0.0667,Urban
PX-2658,0.0653,0.1737,0.1189,0.6176,Crops
PX-2659,0.2472,0.0806,0.0484,0.1961,Water
PX-2660,0.112,0.1942,0.0541,0.6491,Forest
PX-2661,0.0947,0.0686,0.2774,0.1968,Urban
PX-2662,0.0802,0.1777,0.1173,0.6003,Crops
PX-2663,0.2452,0.0589,0.0345,0.0779,Water
PX-2664,0.0815,0.1925,0.0688,0.6564,Forest
PX-2665,0.0698,0.2069,0.1215,0.6475,Crops
PX-2666,0.0379,0.1653,0.1165,0.6869,Crops
PX-2667,0.2908,0.0452,0.0351,0.138,Water
PX-2668,0.2531,0.1024,0.0234,0.1033,Water
PX-2669,0.088,0.1996,0.1462,0.6447,Crops
PX-2670,0.0788,0.1523,0.0611,0.6572,Forest
PX-2671,0.0653,0.1687,0.0875,0.6134,Crops
PX-2672,0.2463,0.0238,0.0653,0.0845,Water
PX-2673,0.048,0.161,0.1384,0.6911,Crops
PX-2674,0.1255,0.01,0.2825,0.0469,Urban
PX-2675,0.0553,0.1773,0.152,0.7147,Crops
PX-2676,0.0594,0.1572,0.1243,0.6363,Crops
PX-2677,0.0712,0.1812,0.0917,0.6191,Crops
PX-2678,0.1058,0.1475,0.1273,0.6796,Crops
PX-2679,0.0803,0.2017,0.0549,0.7294,Forest
PX-2680,0.0553,0.1717,0.1079,0.6947,Crops
PX-2681,0.1051,0.09,0.2915,0.1401,Urban
PX-2682,0.0946,0.2082,0.0866,0.6935,Crops
PX-2683,0.0908,0.1957,0.1398,0.5813,Crops
PX-2684,0.0943,0.1735,0.1024,0.6291,Crops
PX-2685,0.1279,0.2197,0.1003,0.6136,Crops
PX-2686,0.1237,0.1489,0.1177,0.699,Crops
PX-2687,0.0663,0.1719,0.0587,0.6547,Forest
PX-2688,0.1125,0.1983,0.0533,0.7038,Forest
PX-2689,0.0877,0.2451,0.0351,0.6914,Forest
PX-2690,0.09,0.196,0.0399,0.6355,Forest
PX-2691,0.0462,0.1963,0.0273,0.6465,Forest
PX-2692,0.0766,0.1512,0.1155,0.7018,Crops
PX-2693,0.0637,0.2189,0.0715,0.639,Forest
PX-2694,0.0966,0.0791,0.2799,0.125,Urban
PX-2695,0.1014,0.2158,0.0672,0.6387,Forest
PX-2696,0.2085,0.0474,0.0791,0.1074,Water
PX-2697,0.0796,0.1659,0.1082,0.6482,Crops
PX-2698,0.2724,0.0341,0.0463,0.0887,Water
PX-2699,0.2463,0.0617,0.0934,0.0816,Water
PX-2700,0.0946,0.1784,0.0789,0.6815,Forest
PX-2701,0.087,0.0365,0.2466,0.0862,Urban
PX-2702,0.0868,0.1715,0.1277,0.6176,Crops
PX-2703,0.0746,0.1702,0.12,0.6124,Crops
PX-2704,0.2257,0.0492,0.0665,0.1169,Water
PX-2705,0.0576,0.0693,0.2651,0.1577,Urban
PX-2706,0.0942,0.1816,0.1032,0.7103,Crops
PX-2707,0.0804,0.1742,0.1065,0.621,Crops
PX-2708,0.0772,0.1837,0.1086,0.736,Crops
PX-2709,0.0715,0.1602,0.1363,0.6098,Crops
PX-2710,0.2439,0.0621,0.0264,0.1633,Water
PX-2711,0.1009,0.203,0.0375,0.6411,Forest
PX-2712,0.0733,0.1499,0.0842,0.6152,Crops
PX-2713,0.0532,0.1999,0.1401,0.6202,Crops
PX-2714,0.0949,0.1624,0.1454,0.6479,Crops
PX-2715,0.0759,0.1818,0.1135,0.6732,Crops
PX-2716,0.0806,0.2233,0.044,0.6968,Forest
PX-2717,0.1122,0.0785,0.2891,0.0822,Urban
PX-2718,0.0796,0.0607,0.3095,0.0804,Urban
PX-2719,0.0858,0.1728,0.1282,0.6133,Crops
PX-2720,0.0564,0.079,0.266,0.1155,Urban
PX-2721,0.2456,0.0735,0.0176,0.1116,Water
PX-2722,0.2622,0.0476,0.0277,0.082,Water
PX-2723,0.0489,0.1841,0.0515,0.6808,Forest
PX-2724,0.084,0.1386,0.1069,0.7405,Crops
PX-2725,0.082,0.1831,0.1239,0.6298,Crops
PX-2726,0.0808,0.1783,0.1089,0.6327,Crops
PX-2727,0.1007,0.2027,0.0988,0.6724,Crops
PX-2728,0.0867,0.1872,0.0965,0.6276,Crops
PX-2729,0.1096,0.2267,0.0812,0.6968,Forest
PX-2730,0.2301,0.0461,0.0678,0.0913,Water
PX-2731,0.0827,0.2228,0.0846,0.7433,Forest
PX-2732,0.0817,0.1694,0.1308,0.6638,Crops
PX-2733,0.0586,0.0756,0.2714,0.0952,Urban
PX-2734,0.0991,0.0308,0.3065,0.0965,Urban
PX-2735,0.2965,0.0647,0.0493,0.0994,Water
PX-2736,0.0797,0.0203,0.2844,0.1749,Urban
PX-2737,0.0901,0.1947,0.0491,0.6192,Forest
PX-2738,0.0817,0.0688,0.2211,0.0933,Urban
PX-2739,0.0657,0.1696,0.1521,0.6275,Crops
PX-2740,0.0436,0.159,0.1298,0.6494,Crops
PX-2741,0.0659,0.1969,0.1266,0.6392,Crops
PX-2742,0.0522,0.1779,0.1188,0.5904,Crops
PX-2743,0.1141,0.1702,0.1233,0.634,Crops
PX-2744,0.0777,0.2008,0.0381,0.666,Forest
PX-2745,0.2431,0.1127,0.0623,0.0949,Water
PX-2746,0.0978,0.2231,0.0239,0.6975,Forest
PX-2747,0.0576,0.2033,0.1237,0.6868,Crops
PX-2748,0.0647,0.0687,0.2912,0.1169,Urban
PX-2749,0.0814,0.2033,0.046,0.6792,Forest
PX-2750,0.1006,0.1321,0.1274,0.5636,Crops
PX-2751,0.26,0.0464,0.0302,0.1032,Water
PX-2752,0.085,0.1704,0.1007,0.6902,Crops
PX-2753,0.0816,0.1425,0.1247,0.6331,Crops
PX-2754,0.088,0.0369,0.2936,0.0905,Urban
PX-2755,0.084,0.1404,0.0825,0.7411,Crops
PX-2756,0.0594,0.1992,0.0604,0.7428,Forest
PX-2757,0.0809,0.0764,0.2691,0.1387,Urban
PX-2758,0.2285,0.0821,0.0461,0.1656,Water
PX-2759,0.0816,0.1883,0.0932,0.561,Crops
PX-2760,0.0704,0.1607,0.103,0.6185,Crops
PX-2761,0.1308,0.1414,0.1393,0.6312,Crops
PX-2762,0.0792,0.1649,0.0507,0.6606,Forest
PX-2763,0.0519,0.1746,0.0423,0.6504,Forest
PX-2764,0.0773,0.1622,0.1177,0.548,Crops
PX-2765,0.0904,0.0568,0.2898,0.1354,Urban
PX-2766,0.1135,0.1797,0.0588,0.6917,Forest
PX-2767,0.0682,0.1868,0.1185,0.7141,Crops
PX-2768,0.0484,0.1954,0.0719,0.6385,Forest
PX-2769,0.2663,0.0602,0.0694,0.0852,Water
PX-2770,0.0524,0.2028,0.1283,0.5428,Crops
PX-2771,0.0713,0.1564,0.1211,0.6383,Crops
PX-2772,0.0748,0.0684,0.2931,0.156,Urban
PX-2773,0.0786,0.1997,0.0563,0.6455,Forest
PX-2774,0.0938,0.1933,0.0712,0.7557,Forest
PX-2775,0.0663,0.2177,0.068,0.6597,Forest
PX-2776,0.0745,0.1976,0.0996,0.6559,Crops
PX-2777,0.0797,0.1611,0.0983,0.5955,Crops
PX-2778,0.083,0.1964,0.036,0.6815,Forest
PX-2779,0.082,0.1856,0.1395,0.5708,Crops
PX-2780,0.0887,0.1745,0.0885,0.6777,Crops
PX-2781,0.0969,0.0717,0.2879,0.149,Urban
PX-2782,0.0879,0.0656,0.2873,0.1744,Urban
PX-2783,0.2591,0.0967,0.0733,0.0792,Water
PX-2784,0.0484,0.0294,0.2836,0.1264,Urban
PX-2785,0.081,0.1776,0.0931,0.6726,Crops
PX-2786,0.0896,0.0418,0.2608,0.1377,Urban
PX-2787,0.0946,0.1921,0.0964,0.6154,Crops
PX-2788,0.0662,0.0277,0.2692,0.0243,Urban
PX-2789,0.0668,0.0669,0.2763,0.1339,Urban
PX-2790,0.2385,0.0474,0.0267,0.1139,Water
PX-2791,0.0907,0.0453,0.3094,0.0973,Urban
PX-2792,0.1007,0.1711,0.0235,0.7006,Forest
PX-2793,0.0719,0.1707,0.1469,0.6482,Crops
PX-2794,0.0982,0.2217,0.0737,0.6172,Forest
PX-2795,0.0825,0.1995,0.068,0.5927,Forest
PX-2796,0.0775,0.1926,0.1061,0.6048,Crops
PX-2797,0.0758,0.2333,0.0568,0.7657,Forest
PX-2798,0.0949,0.0653,0.2545,0.1489,Urban
PX-2799,0.0865,0.1688,0.1382,0.6575,Crops
PX-2800,0.2955,0.0693,0.0485,0.1127,Water
PX-2801,0.063,0.0491,0.2718,0.1101,Urban
PX-2802,0.0904,0.0499,0.2555,0.1667,Urban
PX-2803,0.0694,0.0296,0.2304,0.1004,Urban
PX-2804,0.0626,0.2185,0.0292,0.6931,Forest
PX-2805,0.0798,0.0523,0.3023,0.1061,Urban
PX-2806,0.2527,0.0636,0.0419,0.1976,Water
PX-2807,0.1384,0.1593,0.1166,0.6797,Crops
PX-2808,0.0763,0.2087,0.0631,0.7198,Forest
PX-2809,0.2274,0.0448,0.0861,0.0966,Water
PX-2810,0.0855,0.1772,0.1465,0.6923,Crops
PX-2811,0.0385,0.2176,0.0306,0.6575,Forest
PX-2812,0.2482,0.0758,0.0111,0.1244,Water
PX-2813,0.0803,0.1796,0.1672,0.7154,Crops
PX-2814,0.0959,0.1646,0.0954,0.6283,Forest
PX-2815,0.2695,0.1199,0.0538,0.1281,Water
PX-2816,0.0699,0.2349,0.0246,0.6875,Forest
PX-2817,0.077,0.1945,0.1393,0.6708,Crops
PX-2818,0.0647,0.1649,0.1178,0.632,Crops
PX-2819,0.0574,0.1777,0.1177,0.7335,Crops
PX-2820,0.0862,0.0491,0.2979,0.0682,Urban
PX-2821,0.0545,0.2053,0.1267,0.7084,Crops
PX-2822,0.0717,0.2053,0.0263,0.7186,Forest
PX-2823,0.0601,0.1643,0.1135,0.726,Crops
PX-2824,0.091,0.1706,0.1332,0.5865,Crops
PX-2825,0.116,0.0824,0.2902,0.0852,Urban
PX-2826,0.224,0.092,0.0552,0.1797,Water
PX-2827,0.0429,0.2106,0.1387,0.5749,Crops
PX-2828,0.0775,0.2151,0.0428,0.6057,Forest
PX-2829,0.0803,0.1749,0.1236,0.6305,Crops
PX-2830,0.0844,0.1352,0.01,0.6777,Forest
PX-2831,0.2411,0.0659,0.041,0.1837,Water
PX-2832,0.076,0.18,0.1353,0.6426,Crops
PX-2833,0.0874,0.1828,0.1122,0.6257,Crops
PX-2834,0.1008,0.1811,0.1107,0.6625,Crops
PX-2835,0.0409,0.0335,0.2592,0.1388,Urban
PX-2836,0.0726,0.0711,0.3001,0.1376,Urban
PX-2837,0.0843,0.1926,0.131,0.6429,Crops
PX-2838,0.2316,0.0736,0.0665,0.0418,Water
PX-2839,0.1146,0.1989,0.0855,0.6133,Crops
PX-2840,0.0673,0.1921,0.1168,0.7068,Crops
PX-2841,0.2492,0.0518,0.0444,0.1275,Water
PX-2842,0.0911,0.0586,0.2744,0.1071,Urban
PX-2843,0.0682,0.0618,0.2677,0.1647,Urban
PX-2844,0.0431,0.2022,0.0431,0.6248,Forest
PX-2845,0.0714,0.2,0.137,0.641,Crops
PX-2846,0.2706,0.0729,0.0117,0.1255,Water
PX-2847,0.0733,0.2215,0.1555,0.6323,Crops
PX-2848,0.0631,0.2441,0.0597,0.674,Forest
PX-2849,0.0985,0.1816,0.1192,0.6425,Crops
PX-2850,0.2434,0.01,0.0681,0.064,Water
PX-2851,0.0698,0.2047,0.091,0.6573,Crops
PX-2852,0.083,0.1692,0.1067,0.5969,Crops
PX-2853,0.0954,0.044,0.2776,0.1266,Urban
PX-2854,0.1276,0.172,0.1473,0.705,Crops
PX-2855,0.0965,0.1911,0.0491,0.6588,Forest
PX-2856,0.1032,0.1922,0.129,0.6031,Crops
PX-2857,0.0699,0.1488,0.1082,0.6449,Crops
PX-2858,0.0595,0.1584,0.1297,0.6167,Crops
PX-2859,0.0812,0.1869,0.1535,0.6738,Crops
PX-2860,0.0821,0.0725,0.2999,0.1141,Urban
PX-2861,0.0584,0.1928,0.1184,0.7184,Crops
PX-2862,0.0765,0.0443,0.2935,0.1665,Urban
PX-2863,0.088,0.1804,0.0616,0.6639,Forest
PX-2864,0.0872,0.1899,0.0601,0.6986,Forest
PX-2865,0.0901,0.2048,0.0722,0.6543,Forest
PX-2866,0.0858,0.2297,0.0721,0.6714,Forest
PX-2867,0.2399,0.0191,0.0475,0.1055,Water
PX-2868,0.0697,0.1756,0.1328,0.6807,Crops
PX-2869,0.056,0.1533,0.1123,0.7073,Crops
PX-2870,0.1157,0.027,0.2615,0.1519,Urban
PX-2871,0.0803,0.0793,0.2746,0.1569,Urban
PX-2872,0.0755,0.0709,0.2785,0.1569,Urban
PX-2873,0.0614,0.209,0.0168,0.6921,Forest
PX-2874,0.3087,0.0784,0.0672,0.0744,Water
PX-2875,0.0585,0.1904,0.01,0.738,Forest
PX-2876,0.0714,0.1913,0.1043,0.7422,Forest
PX-2877,0.0883,0.2237,0.15,0.6406,Crops
PX-2878,0.092,0.1951,0.0448,0.6552,Forest
PX-2879,0.0992,0.1947,0.1202,0.6745,Crops
PX-2880,0.1162,0.1801,0.1261,0.672,Crops
PX-2881,0.0901,0.023,0.2682,0.1119,Urban
PX-2882,0.0589,0.1391,0.1239,0.6,Crops
PX-2883,0.0749,0.1684,0.1171,0.6622,Crops
PX-2884,0.0862,0.2011,0.1181,0.6721,Crops
PX-2885,0.1214,0.0758,0.2836,0.149,Urban
PX-2886,0.052,0.2183,0.0237,0.684,Forest
PX-2887,0.1041,0.1803,0.0508,0.6592,Forest
PX-2888,0.0836,0.0923,0.2833,0.1598,Urban
PX-2889,0.0968,0.0407,0.2826,0.1226,Urban
PX-2890,0.078,0.1843,0.1157,0.6314,Crops
PX-2891,0.2332,0.0598,0.0728,0.1128,Water
PX-2892,0.265,0.0565,0.0429,0.0502,Water
PX-2893,0.2631,0.0868,0.0545,0.1127,Water
PX-2894,0.0994,0.1659,0.1459,0.6775,Crops
PX-2895,0.0797,0.033,0.2784,0.1336,Urban
PX-2896,0.068,0.2004,0.0543,0.7308,Forest
PX-2897,0.0488,0.172,0.1181,0.6395,Crops
PX-2898,0.0964,0.2675,0.0747,0.6895,Forest
PX-2899,0.0885,0.1935,0.1148,0.6817,Crops
PX-2900,0.0607,0.1718,0.1457,0.7437,Crops
PX-2901,0.2392,0.0389,0.0479,0.1258,Water
PX-2902,0.0707,0.1424,0.1028,0.6082,Crops
PX-2903,0.0503,0.1795,0.0636,0.7039,Forest
PX-2904,0.0636,0.2023,0.0439,0.7446,Forest
PX-2905,0.0573,0.2085,0.1324,0.6371,Crops
PX-2906,0.0718,0.0824,0.2254,0.1536,Urban
PX-2907,0.0652,0.1846,0.1201,0.6991,Crops
PX-2908,0.0475,0.1735,0.1108,0.6907,Crops
PX-2909,0.1205,0.1854,0.0987,0.655,Crops
PX-2910,0.1051,0.1696,0.1089,0.6221,Crops
PX-2911,0.0644,0.2144,0.1085,0.6467,Crops
PX-2912,0.2554,0.0562,0.049,0.1383,Water
PX-2913,0.0883,0.0583,0.2527,0.1563,Urban
PX-2914,0.1038,0.1357,0.1263,0.6634,Crops
PX-2915,0.2336,0.0561,0.0773,0.1048,Water
PX-2916,0.2718,0.0767,0.0556,0.1422,Water
PX-2917,0.069,0.0386,0.2962,0.1544,Urban
PX-2918,0.0533,0.185,0.0719,0.6852,Forest
PX-2919,0.0945,0.1959,0.1447,0.6166,Crops
PX-2920,0.1058,0.1505,0.1574,0.6427,Crops
PX-2921,0.3018,0.0812,0.04,0.1579,Water
PX-2922,0.056,0.0494,0.2656,0.0647,Urban
PX-2923,0.094,0.1722,0.1357,0.5663,Crops
PX-2924,0.0718,0.1575,0.1342,0.7103,Crops
PX-2925,0.0957,0.0676,0.2955,0.1405,Urban
PX-2926,0.0506,0.1092,0.3178,0.1443,Urban
PX-2927,0.0547,0.0756,0.2802,0.0769,Urban
PX-2928,0.2345,0.0427,0.0585,0.1495,Water
PX-2929,0.0816,0.2027,0.1004,0.661,Crops
PX-2930,0.0672,0.1937,0.0927,0.6066,Forest
PX-2931,0.2632,0.0875,0.0433,0.177,Water
PX-2932,0.1005,0.1961,0.1138,0.6563,Crops
PX-2933,0.092,0.1411,0.0431,0.6542,Forest
PX-2934,0.2824,0.0399,0.0371,0.1049,Water
PX-2935,0.0883,0.1989,0.1054,0.5694,Crops
PX-2936,0.2257,0.063,0.0395,0.1437,Water
PX-2937,0.1073,0.1795,0.0227,0.6805,Forest
PX-2938,0.0679,0.0473,0.2643,0.1122,Urban
PX-2939,0.0982,0.1419,0.159,0.7011,Crops
PX-2940,0.1115,0.1782,0.1347,0.5946,Crops
PX-2941,0.0891,0.2442,0.0685,0.6461,Forest
PX-2942,0.0501,0.1961,0.1435,0.616,Crops
PX-2943,0.2316,0.1038,0.0867,0.1088,Water
PX-2944,0.2765,0.0776,0.0146,0.1227,Water
PX-2945,0.0766,0.2005,0.0954,0.6672,Crops
PX-2946,0.0816,0.2395,0.0339,0.6561,Forest
PX-2947,0.0952,0.2075,0.0406,0.6349,Forest
PX-2948,0.0939,0.1763,0.114,0.7174,Crops
PX-2949,0.0856,0.0807,0.2711,0.2165,Urban
PX-2950,0.0758,0.0891,0.2844,0.1257,Urban
PX-2951,0.2437,0.0504,0.0507,0.0897,Water
PX-2952,0.2672,0.0456,0.0355,0.179,Water
PX-2953,0.0911,0.2028,0.01,0.6121,Forest
PX-2954,0.0749,0.0766,0.2601,0.1066,Urban
PX-2955,0.2716,0.076,0.039,0.0922,Water
PX-2956,0.2474,0.0315,0.0451,0.0736,Water
PX-2957,0.063,0.0982,0.2574,0.1088,Urban
PX-2958,0.0648,0.1672,0.1102,0.6154,Crops
PX-2959,0.0604,0.0547,0.2574,0.1205,Urban
PX-2960,0.0746,0.1619,0.1175,0.6511,Crops
PX-2961,0.1047,0.234,0.0985,0.6251,Crops
PX-2962,0.0639,0.1848,0.103,0.6352,Crops
PX-2963,0.0838,0.043,0.2538,0.1108,Urban
PX-2964,0.0669,0.0773,0.2769,0.1524,Urban
PX-2965,0.2448,0.0754,0.0327,0.1141,Water
PX-2966,0.2198,0.0562,0.0681,0.153,Water
PX-2967,0.0756,0.2168,0.0581,0.6934,Forest
PX-2968,0.0761,0.0435,0.2786,0.1429,Urban
PX-2969,0.0908,0.1901,0.0341,0.7255,Forest
PX-2970,0.0845,0.1398,0.1276,0.6052,Crops
PX-2971,0.056,0.1535,0.1338,0.6311,Crops
PX-2972,0.2717,0.0962,0.0529,0.1905,Water
PX-2973,0.2542,0.0928,0.0821,0.1097,Water
PX-2974,0.084,0.1813,0.1292,0.5374,Crops
PX-2975,0.0798,0.2133,0.1383,0.6419,Crops
PX-2976,0.0696,0.0568,0.2827,0.1254,Urban
PX-2977,0.0844,0.1751,0.1335,0.5453,Crops
PX-2978,0.2595,0.0611,0.0341,0.1734,Water
PX-2979,0.0451,0.0575,0.2708,0.0915,Urban
PX-2980,0.0692,0.1957,0.057,0.6831,Forest
PX-2981,0.0749,0.2029,0.1268,0.641,Crops
PX-2982,0.2551,0.063,0.0602,0.0685,Water
PX-2983,0.1039,0.0742,0.302,0.0772,Urban
PX-2984,0.0646,0.2206,0.0215,0.6326,Forest
PX-2985,0.07,0.0678,0.2605,0.1634,Urban
PX-2986,0.0697,0.1606,0.1246,0.6441,Crops
PX-2987,0.064,0.1729,0.0355,0.6491,Forest
PX-2988,0.2431,0.063,0.1176,0.0826,Water
PX-2989,0.0954,0.0566,0.2903,0.1678,Urban
PX-2990,0.0589,0.1817,0.1184,0.7086,Crops
PX-2991,0.0886,0.0597,0.2697,0.1674,Urban
PX-2992,0.046,0.2517,0.0404,0.6897,Forest
PX-2993,0.0688,0.1534,0.1206,0.6616,Crops
PX-2994,0.0734,0.1402,0.1222,0.6014,Crops
PX-2995,0.1135,0.0666,0.2709,0.1102,Urban
PX-2996,0.0745,0.1725,0.1145,0.6226,Crops
PX-2997,0.036,0.1863,0.1469,0.577,Crops
PX-2998,0.04,0.1917,0.1477,0.6923,Crops
PX-2999,0.0807,0.0857,0.285,0.0922,Urban
