applicant_id,age,gender,annual_income,credit_score,debt_to_income_ratio,employment_years,open_credit_lines,delinquencies_2yr,loan_amount,loan_purpose,default_status
APP-20000,59,Male,18000,597,0.347,15.2,6,0,5415,Small Business,1
APP-20001,49,Female,65020,518,0.271,6.0,8,0,26004,Small Business,1
APP-20002,35,Female,39713,751,0.465,4.8,8,0,27114,Debt Consolidation,0
APP-20003,63,Female,23804,574,0.394,4.3,9,1,4448,Home Improvement,1
APP-20004,28,Female,52679,710,0.555,1.0,7,0,20319,Credit Card Refinance,1
APP-20005,41,Male,32654,746,0.151,2.8,5,0,14771,Credit Card Refinance,0
APP-20006,59,Male,62813,694,0.161,2.1,5,0,17915,Major Purchase,0
APP-20007,39,Female,72344,685,0.181,15.3,8,0,22275,Major Purchase,0
APP-20008,43,Female,33322,696,0.286,1.4,9,0,2000,Home Improvement,1
APP-20009,31,Male,43023,724,0.511,3.2,6,1,26554,Major Purchase,1
APP-20010,31,Female,55170,708,0.245,13.9,9,1,22170,Small Business,1
APP-20011,44,Female,22609,590,0.248,7.8,6,0,26693,Debt Consolidation,1
APP-20012,56,Female,55168,788,0.37,16.7,5,0,3169,Major Purchase,0
APP-20013,60,Female,22313,673,0.421,4.7,7,0,17730,Credit Card Refinance,0
APP-20014,44,Male,66912,703,0.052,2.0,7,2,22295,Small Business,1
APP-20015,23,Female,38586,716,0.445,8.8,3,0,21484,Credit Card Refinance,0
APP-20016,42,Female,22245,745,0.241,1.7,7,0,24831,Major Purchase,0
APP-20017,22,Female,35632,738,0.308,0.9,9,0,21645,Major Purchase,1
APP-20018,44,Female,36471,678,0.49,6.1,6,0,2411,Small Business,1
APP-20019,64,Female,88228,674,0.294,5.1,6,0,27218,Credit Card Refinance,1
APP-20020,50,Male,53923,696,0.136,10.6,8,0,14154,Debt Consolidation,0
APP-20021,58,Female,28970,741,0.143,16.3,11,2,19611,Debt Consolidation,1
APP-20022,22,Female,121417,597,0.317,9.7,3,1,30431,Small Business,1
APP-20023,41,Female,69187,711,0.28,0.3,6,0,17926,Major Purchase,0
APP-20024,53,Female,40742,612,0.327,5.5,5,0,15199,Small Business,0
APP-20025,32,Female,20855,790,0.272,7.7,4,0,8692,Credit Card Refinance,0
APP-20026,42,Male,38811,693,0.469,20.1,10,1,7346,Debt Consolidation,1
APP-20027,64,Male,43421,642,0.323,2.3,9,0,8335,Major Purchase,1
APP-20028,45,Male,60052,697,0.108,0.9,7,0,17708,Credit Card Refinance,0
APP-20029,69,Male,68459,670,0.418,9.6,8,3,35522,Debt Consolidation,1
APP-20030,47,Female,76390,659,0.549,1.9,10,0,15536,Debt Consolidation,1
APP-20031,62,Female,20205,552,0.339,4.6,6,0,17766,Home Improvement,1
APP-20032,48,Male,54977,603,0.348,2.5,11,1,23539,Major Purchase,1
APP-20033,36,Male,44900,660,0.226,2.6,8,0,12384,Small Business,1
APP-20034,35,Female,213819,560,0.291,6.6,7,0,28986,Home Improvement,1
APP-20035,67,Male,50796,631,0.38,2.2,8,0,14090,Debt Consolidation,1
APP-20036,71,Male,34805,637,0.456,5.9,3,0,27808,Major Purchase,1
APP-20037,64,Male,52088,619,0.374,0.1,5,0,22805,Major Purchase,0
APP-20038,23,Male,48790,720,0.538,2.0,5,0,18688,Home Improvement,1
APP-20039,57,Male,18000,612,0.332,1.9,6,0,13131,Credit Card Refinance,1
APP-20040,71,Male,61363,675,0.185,6.9,3,0,25557,Credit Card Refinance,0
APP-20041,27,Male,41323,647,0.189,1.9,4,0,17108,Small Business,0
APP-20042,41,Female,48306,662,0.468,5.0,3,1,13943,Major Purchase,1
APP-20043,29,Male,30319,774,0.441,5.8,7,1,30724,Home Improvement,0
APP-20044,59,Female,26858,681,0.123,5.4,10,1,2000,Debt Consolidation,0
APP-20045,38,Male,79489,694,0.295,4.6,10,0,30105,Credit Card Refinance,0
APP-20046,24,Male,90187,620,0.299,2.7,3,1,34235,Home Improvement,1
APP-20047,45,Female,61694,710,0.23,2.3,5,0,10873,Small Business,1
APP-20048,34,Male,18107,707,0.151,4.2,9,0,12748,Small Business,0
APP-20049,70,Male,63939,701,0.227,0.3,8,0,9075,Major Purchase,0
APP-20050,29,Female,18255,591,0.206,10.4,7,0,24976,Small Business,1
APP-20051,46,Female,34076,631,0.154,8.7,7,0,12878,Small Business,1
APP-20052,22,Male,78909,763,0.419,2.1,10,0,17013,Credit Card Refinance,1
APP-20053,40,Male,70381,625,0.354,4.2,8,0,23089,Credit Card Refinance,1
APP-20054,48,Female,63027,772,0.264,13.5,12,0,5144,Small Business,0
APP-20055,67,Male,100921,634,0.072,1.6,5,1,5707,Major Purchase,0
APP-20056,27,Female,66703,679,0.284,6.8,7,0,20673,Credit Card Refinance,1
APP-20057,64,Female,18000,657,0.383,0.4,5,0,14919,Credit Card Refinance,1
APP-20058,28,Female,40004,615,0.232,3.7,1,1,10063,Small Business,1
APP-20059,67,Male,47911,616,0.182,10.8,5,0,18002,Major Purchase,0
APP-20060,55,Female,44922,624,0.305,4.0,8,0,17019,Small Business,0
APP-20061,34,Female,34911,679,0.36,4.8,7,0,10716,Debt Consolidation,0
APP-20062,37,Male,27817,727,0.08,11.9,9,0,19270,Debt Consolidation,0
APP-20063,56,Male,183580,675,0.482,6.3,11,0,10044,Major Purchase,1
APP-20064,70,Female,39584,667,0.17,6.0,9,0,23751,Debt Consolidation,0
APP-20065,60,Male,178685,748,0.269,4.4,7,0,16424,Major Purchase,0
APP-20066,24,Male,26167,672,0.462,5.0,5,1,32718,Debt Consolidation,1
APP-20067,22,Male,70360,634,0.335,8.1,5,2,7569,Home Improvement,1
APP-20068,26,Female,55620,605,0.452,19.4,6,2,13272,Credit Card Refinance,1
APP-20069,62,Female,29523,752,0.506,7.9,6,0,25467,Small Business,0
APP-20070,24,Female,37905,648,0.145,6.1,5,0,9591,Major Purchase,0
APP-20071,49,Male,48614,632,0.428,0.7,10,0,18263,Debt Consolidation,1
APP-20072,38,Male,30814,626,0.479,8.5,8,0,2178,Home Improvement,1
APP-20073,46,Female,42579,748,0.275,6.7,8,0,9434,Debt Consolidation,0
APP-20074,64,Male,18000,632,0.284,7.4,7,0,10527,Home Improvement,0
APP-20075,54,Male,72499,734,0.09,1.3,6,0,16633,Small Business,1
APP-20076,30,Female,96272,655,0.414,11.7,4,0,25929,Credit Card Refinance,0
APP-20077,56,Female,62937,591,0.05,0.5,11,0,15824,Credit Card Refinance,1
APP-20078,34,Female,170304,648,0.436,1.5,5,1,15409,Home Improvement,1
APP-20079,51,Female,71335,667,0.15,5.4,9,0,11570,Debt Consolidation,1
APP-20080,68,Female,91908,662,0.487,5.6,4,1,8854,Credit Card Refinance,1
APP-20081,35,Male,96867,660,0.368,1.9,6,0,26146,Debt Consolidation,0
APP-20082,28,Female,18000,649,0.441,6.0,8,0,19408,Major Purchase,1
APP-20083,34,Female,61884,618,0.222,2.5,5,0,15409,Debt Consolidation,1
APP-20084,43,Male,22911,670,0.16,0.0,8,0,30822,Major Purchase,1
APP-20085,60,Female,25603,705,0.108,0.9,6,0,2000,Major Purchase,0
APP-20086,41,Female,28174,574,0.451,10.7,8,0,26176,Credit Card Refinance,1
APP-20087,36,Female,41274,754,0.4,1.3,7,0,5417,Major Purchase,0
APP-20088,65,Female,70105,450,0.404,0.6,4,0,19061,Debt Consolidation,1
APP-20089,38,Female,62236,674,0.355,5.7,5,0,25718,Small Business,0
APP-20090,67,Female,48682,700,0.385,2.9,8,0,3714,Debt Consolidation,0
APP-20091,44,Male,72946,630,0.285,8.0,8,1,27888,Home Improvement,1
APP-20092,46,Female,75426,531,0.364,9.9,6,0,16899,Home Improvement,0
APP-20093,45,Male,62532,663,0.217,9.4,7,1,11570,Debt Consolidation,0
APP-20094,65,Male,18987,681,0.279,1.9,9,0,19774,Home Improvement,1
APP-20095,61,Male,32642,595,0.65,3.5,7,0,22180,Small Business,1
APP-20096,49,Male,49735,616,0.325,5.3,7,0,36980,Home Improvement,1
APP-20097,35,Male,73379,732,0.083,1.9,10,0,16464,Credit Card Refinance,0
APP-20098,65,Female,23606,677,0.271,0.2,4,0,24769,Small Business,1
APP-20099,21,Female,48715,571,0.193,3.4,7,1,18960,Credit Card Refinance,1
APP-20100,45,Female,20721,699,0.339,0.1,8,0,20843,Credit Card Refinance,1
APP-20101,27,Male,86185,609,0.213,15.0,5,0,15980,Small Business,0
APP-20102,29,Female,56010,619,0.295,8.0,6,0,11928,Credit Card Refinance,1
APP-20103,44,Female,23379,682,0.231,1.1,3,0,21074,Home Improvement,1
APP-20104,21,Female,23295,676,0.344,1.7,7,0,10030,Debt Consolidation,0
APP-20105,64,Male,60662,643,0.245,20.3,5,0,2000,Small Business,0
APP-20106,28,Male,104416,637,0.363,2.3,16,0,18857,Debt Consolidation,1
APP-20107,44,Male,26816,653,0.554,7.7,5,0,11400,Small Business,0
APP-20108,31,Male,75556,619,0.181,3.0,7,0,15678,Small Business,0
APP-20109,71,Male,36379,740,0.407,10.0,4,0,4657,Credit Card Refinance,1
APP-20110,37,Female,77092,568,0.05,6.1,7,0,25627,Debt Consolidation,1
APP-20111,28,Male,71378,654,0.292,0.1,7,0,2000,Home Improvement,0
APP-20112,55,Male,53391,575,0.347,1.7,6,0,21415,Debt Consolidation,1
APP-20113,55,Male,18000,730,0.23,4.1,12,0,22211,Small Business,0
APP-20114,53,Male,71300,654,0.106,13.0,7,0,19596,Home Improvement,1
APP-20115,25,Male,64609,601,0.315,0.5,12,0,26230,Credit Card Refinance,1
APP-20116,62,Male,61435,714,0.504,4.6,11,0,8579,Home Improvement,1
APP-20117,59,Male,54590,521,0.302,1.8,6,0,33694,Home Improvement,1
APP-20118,61,Female,30232,688,0.387,11.0,12,0,10816,Debt Consolidation,1
APP-20119,48,Female,88932,744,0.455,7.2,7,0,23287,Small Business,1
APP-20120,27,Male,80336,681,0.617,2.3,5,0,32576,Small Business,1
APP-20121,29,Male,27133,637,0.194,0.9,9,0,16310,Small Business,1
APP-20122,28,Female,100998,589,0.206,0.1,12,0,12238,Major Purchase,0
APP-20123,32,Male,52702,740,0.285,4.9,7,0,24351,Credit Card Refinance,0
APP-20124,54,Male,52629,730,0.394,2.6,6,0,13413,Debt Consolidation,0
APP-20125,53,Female,44489,628,0.05,1.9,2,0,11093,Small Business,0
APP-20126,68,Male,46962,629,0.398,21.2,7,0,23536,Home Improvement,1
APP-20127,43,Female,104192,747,0.338,3.1,10,0,24025,Major Purchase,1
APP-20128,44,Female,86525,704,0.256,6.9,5,0,17756,Credit Card Refinance,1
APP-20129,57,Male,85520,553,0.371,1.0,3,1,18526,Small Business,1
APP-20130,55,Male,54258,657,0.427,0.1,14,0,19335,Major Purchase,1
APP-20131,64,Female,79941,654,0.443,2.7,5,0,16466,Credit Card Refinance,0
APP-20132,60,Male,30980,686,0.322,5.5,7,0,15781,Home Improvement,0
APP-20133,42,Male,67568,670,0.359,3.5,10,2,7155,Major Purchase,0
APP-20134,47,Female,45052,636,0.355,11.1,7,0,12154,Debt Consolidation,1
APP-20135,55,Female,18000,681,0.468,2.8,13,0,17934,Credit Card Refinance,1
APP-20136,21,Male,20489,640,0.366,1.9,10,0,34864,Major Purchase,1
APP-20137,55,Female,34042,850,0.397,12.4,9,0,8847,Major Purchase,0
APP-20138,57,Male,61594,677,0.427,2.6,9,0,14039,Credit Card Refinance,0
APP-20139,67,Female,34059,669,0.555,1.6,3,0,7649,Major Purchase,1
APP-20140,34,Female,35414,789,0.25,0.5,7,1,2000,Major Purchase,1
APP-20141,23,Female,74592,581,0.515,7.9,9,0,29083,Credit Card Refinance,1
APP-20142,21,Male,36125,662,0.617,8.7,5,2,22241,Home Improvement,1
APP-20143,25,Female,101920,608,0.257,0.2,6,0,28842,Debt Consolidation,1
APP-20144,46,Male,93043,711,0.294,2.2,4,0,2947,Credit Card Refinance,0
APP-20145,34,Female,49614,637,0.269,6.9,7,0,23056,Small Business,1
APP-20146,59,Male,74191,707,0.399,14.6,8,0,35105,Major Purchase,0
APP-20147,47,Male,68836,703,0.097,2.4,7,0,25672,Debt Consolidation,0
APP-20148,29,Male,42825,720,0.26,10.3,7,0,22522,Debt Consolidation,1
APP-20149,35,Female,78739,704,0.287,2.5,10,1,11848,Credit Card Refinance,0
APP-20150,35,Female,85382,655,0.277,1.0,7,0,29664,Small Business,0
APP-20151,46,Male,29032,579,0.275,0.0,7,0,12844,Small Business,1
APP-20152,62,Male,53340,735,0.261,2.0,6,0,22035,Home Improvement,0
APP-20153,33,Female,53017,761,0.413,2.4,13,0,9691,Small Business,1
APP-20154,71,Male,78220,609,0.385,14.5,3,0,17230,Credit Card Refinance,0
APP-20155,52,Male,38402,717,0.524,1.2,12,0,25813,Debt Consolidation,1
APP-20156,59,Female,35285,593,0.414,2.4,4,1,25228,Debt Consolidation,1
APP-20157,69,Female,53795,683,0.188,0.1,10,0,18139,Small Business,1
APP-20158,52,Female,93877,696,0.3,7.2,5,1,35218,Major Purchase,1
APP-20159,24,Male,25345,642,0.287,12.3,5,0,16321,Home Improvement,1
APP-20160,50,Male,27899,676,0.351,1.4,11,0,27165,Small Business,1
APP-20161,57,Female,36817,725,0.451,2.8,7,0,13499,Credit Card Refinance,0
APP-20162,43,Female,40602,662,0.342,0.7,5,0,8042,Home Improvement,1
APP-20163,59,Female,18563,626,0.343,3.1,6,0,16404,Small Business,1
APP-20164,65,Female,111748,590,0.321,0.7,3,0,4552,Home Improvement,0
APP-20165,35,Male,45630,644,0.417,3.7,9,2,20568,Major Purchase,1
APP-20166,63,Female,42021,593,0.252,6.6,8,0,18855,Credit Card Refinance,1
APP-20167,49,Male,119664,645,0.145,4.0,5,0,22935,Small Business,0
APP-20168,56,Male,72750,639,0.397,1.4,7,0,17888,Debt Consolidation,1
APP-20169,33,Female,36516,722,0.365,2.2,7,0,15613,Credit Card Refinance,0
APP-20170,52,Male,53665,674,0.479,5.1,9,1,18609,Major Purchase,0
APP-20171,27,Male,47908,835,0.05,4.5,7,0,27040,Major Purchase,0
APP-20172,71,Female,108726,539,0.308,0.7,9,0,26202,Debt Consolidation,1
APP-20173,42,Male,44708,690,0.333,9.3,5,0,28226,Credit Card Refinance,1
APP-20174,48,Female,22178,640,0.139,3.2,7,0,2000,Small Business,1
APP-20175,22,Male,18000,607,0.31,0.9,9,0,26558,Debt Consolidation,1
APP-20176,62,Female,110341,668,0.462,0.7,5,0,23577,Small Business,1
APP-20177,65,Male,31769,663,0.57,16.8,8,0,34374,Home Improvement,0
APP-20178,26,Male,70870,740,0.438,1.7,6,0,13795,Small Business,0
APP-20179,48,Female,50994,675,0.281,12.0,8,1,15582,Home Improvement,0
APP-20180,48,Female,38981,624,0.471,2.6,5,0,20121,Small Business,1
APP-20181,64,Male,42492,691,0.429,2.4,10,0,2000,Home Improvement,1
APP-20182,64,Male,117108,655,0.262,6.0,9,0,2000,Credit Card Refinance,1
APP-20183,40,Female,22105,596,0.25,0.0,5,0,20506,Major Purchase,1
APP-20184,50,Female,39634,653,0.3,2.1,5,0,8728,Credit Card Refinance,1
APP-20185,31,Female,80709,685,0.194,1.8,7,0,7293,Debt Consolidation,0
APP-20186,48,Female,24203,674,0.283,10.1,4,0,22334,Credit Card Refinance,1
APP-20187,45,Male,101164,691,0.378,3.8,9,0,5298,Credit Card Refinance,0
APP-20188,59,Male,80076,635,0.445,2.3,5,0,23583,Major Purchase,1
APP-20189,53,Female,56924,690,0.275,1.5,9,0,11069,Credit Card Refinance,0
APP-20190,21,Male,37170,677,0.487,4.5,4,0,10736,Debt Consolidation,0
APP-20191,47,Male,22553,678,0.398,0.8,4,0,20881,Credit Card Refinance,1
APP-20192,33,Female,72321,672,0.403,1.4,9,0,8102,Credit Card Refinance,1
APP-20193,61,Female,222293,811,0.21,1.7,5,1,31862,Credit Card Refinance,0
APP-20194,23,Female,53116,742,0.537,4.7,2,0,17157,Credit Card Refinance,0
APP-20195,59,Female,18000,689,0.386,2.3,6,1,17857,Major Purchase,1
APP-20196,26,Female,63046,617,0.28,3.5,7,0,23060,Major Purchase,1
APP-20197,28,Male,78680,650,0.259,5.3,7,0,26567,Debt Consolidation,1
APP-20198,47,Male,29589,775,0.283,15.6,7,0,13809,Debt Consolidation,0
APP-20199,29,Male,34370,633,0.198,7.2,1,0,23536,Debt Consolidation,0
APP-20200,57,Male,32498,659,0.439,2.6,7,0,24013,Credit Card Refinance,1
APP-20201,53,Female,36598,655,0.21,6.9,2,1,29737,Small Business,1
APP-20202,71,Male,44592,693,0.355,14.9,7,0,14248,Credit Card Refinance,0
APP-20203,62,Male,30531,641,0.266,3.5,9,0,24018,Small Business,0
APP-20204,64,Male,24841,681,0.4,2.6,11,0,22566,Debt Consolidation,1
APP-20205,44,Male,53955,643,0.417,0.4,11,0,21415,Credit Card Refinance,1
APP-20206,35,Male,44335,755,0.243,11.1,8,0,2000,Debt Consolidation,0
APP-20207,52,Male,38563,625,0.316,1.4,9,1,28056,Major Purchase,1
APP-20208,52,Male,51315,733,0.147,0.3,5,1,26315,Debt Consolidation,1
APP-20209,44,Male,21245,631,0.524,3.9,2,0,23279,Credit Card Refinance,1
APP-20210,61,Male,56656,614,0.448,9.4,2,0,13128,Major Purchase,1
APP-20211,69,Female,39002,624,0.153,2.6,6,0,31182,Major Purchase,1
APP-20212,69,Male,55922,558,0.216,7.6,9,0,17536,Small Business,0
APP-20213,32,Male,61071,698,0.304,9.1,6,0,21891,Home Improvement,0
APP-20214,59,Female,91320,594,0.325,3.0,3,0,8838,Major Purchase,1
APP-20215,22,Male,51876,646,0.238,4.5,12,2,15490,Home Improvement,1
APP-20216,23,Female,88141,719,0.183,3.8,9,0,18540,Debt Consolidation,1
APP-20217,69,Female,41066,717,0.367,14.0,7,0,10953,Debt Consolidation,1
APP-20218,57,Male,42158,576,0.529,6.5,5,0,12723,Major Purchase,1
APP-20219,69,Female,46629,690,0.327,13.0,10,0,22287,Small Business,1
APP-20220,37,Male,75039,744,0.285,1.2,8,0,26366,Debt Consolidation,0
APP-20221,69,Female,69357,628,0.272,1.9,2,0,6347,Home Improvement,1
APP-20222,22,Male,52801,703,0.188,0.4,4,0,36368,Major Purchase,1
APP-20223,22,Female,24952,595,0.239,3.5,7,0,11079,Major Purchase,1
APP-20224,48,Male,68677,695,0.456,10.4,9,2,9717,Small Business,1
APP-20225,43,Male,30522,678,0.071,2.0,9,0,30244,Major Purchase,0
APP-20226,57,Female,29621,712,0.328,0.7,6,0,23515,Credit Card Refinance,1
APP-20227,52,Male,26208,708,0.323,0.4,6,0,25774,Home Improvement,0
APP-20228,53,Male,46828,582,0.334,3.0,10,0,11244,Credit Card Refinance,1
APP-20229,21,Female,95458,678,0.407,0.9,6,0,21614,Credit Card Refinance,1
APP-20230,39,Female,28826,764,0.327,2.1,7,0,38450,Home Improvement,0
APP-20231,22,Male,123403,527,0.266,8.6,6,0,11172,Major Purchase,1
APP-20232,64,Female,80853,732,0.241,2.4,6,0,23854,Major Purchase,0
APP-20233,46,Female,21904,774,0.476,4.7,7,1,11804,Credit Card Refinance,0
APP-20234,52,Female,39714,573,0.445,3.5,7,0,9643,Home Improvement,1
APP-20235,26,Male,27663,626,0.65,6.3,5,0,16013,Debt Consolidation,1
APP-20236,52,Female,70666,703,0.286,0.8,9,0,17754,Home Improvement,0
APP-20237,24,Male,28467,612,0.243,12.7,9,0,16648,Credit Card Refinance,1
APP-20238,31,Female,20098,758,0.374,5.2,6,0,17423,Home Improvement,0
APP-20239,37,Male,40980,738,0.371,1.6,6,0,35613,Home Improvement,0
APP-20240,58,Male,93261,579,0.396,0.7,6,0,31662,Debt Consolidation,1
APP-20241,44,Female,44095,621,0.422,0.8,7,0,19397,Small Business,1
APP-20242,25,Male,61031,720,0.395,7.6,5,0,18765,Small Business,1
APP-20243,54,Female,62347,717,0.449,4.4,4,0,29613,Debt Consolidation,0
APP-20244,26,Female,21338,814,0.465,2.4,4,1,23884,Home Improvement,1
APP-20245,42,Female,29891,612,0.467,2.0,7,2,20131,Credit Card Refinance,1
APP-20246,31,Male,49195,764,0.05,9.7,7,0,35972,Debt Consolidation,1
APP-20247,68,Female,36078,610,0.348,10.4,16,0,11098,Small Business,1
APP-20248,36,Male,125172,702,0.209,4.4,7,1,17894,Small Business,0
APP-20249,53,Male,24944,728,0.447,3.7,5,0,16902,Debt Consolidation,0
APP-20250,29,Female,29729,475,0.05,8.5,5,1,21749,Home Improvement,1
APP-20251,26,Male,57514,729,0.496,6.9,8,1,9544,Major Purchase,0
APP-20252,36,Male,34705,759,0.216,2.6,6,0,21774,Credit Card Refinance,0
APP-20253,49,Female,18000,741,0.189,0.4,4,0,15818,Major Purchase,0
APP-20254,23,Male,142069,803,0.363,7.3,13,1,26291,Credit Card Refinance,1
APP-20255,40,Male,27149,732,0.275,0.9,8,0,15500,Major Purchase,0
APP-20256,56,Female,66735,635,0.534,0.1,10,0,13428,Major Purchase,1
APP-20257,39,Male,24603,750,0.484,9.3,7,0,23525,Credit Card Refinance,1
APP-20258,46,Female,30495,631,0.259,4.3,3,0,18901,Credit Card Refinance,1
APP-20259,23,Female,20078,675,0.445,11.1,3,1,15927,Small Business,1
APP-20260,39,Female,32609,724,0.255,3.3,7,0,16429,Home Improvement,0
APP-20261,40,Female,34394,699,0.254,13.1,8,0,14139,Home Improvement,0
APP-20262,52,Male,45573,757,0.406,2.2,4,1,34491,Small Business,0
APP-20263,27,Male,39938,831,0.495,6.4,3,1,22393,Major Purchase,0
APP-20264,61,Female,22184,596,0.267,1.8,9,1,24144,Credit Card Refinance,1
APP-20265,53,Female,36748,648,0.276,0.0,9,0,22172,Debt Consolidation,1
APP-20266,60,Female,108646,690,0.356,2.4,6,3,20255,Major Purchase,1
APP-20267,59,Male,101784,639,0.213,6.7,6,0,14647,Home Improvement,0
APP-20268,38,Male,62983,665,0.508,0.8,5,1,12470,Credit Card Refinance,1
APP-20269,60,Male,70594,720,0.212,3.5,8,0,14612,Small Business,0
APP-20270,21,Female,152276,711,0.244,1.2,4,2,23283,Major Purchase,1
APP-20271,31,Male,67116,686,0.532,0.4,7,0,14541,Debt Consolidation,1
APP-20272,48,Female,69863,679,0.346,4.8,8,0,28362,Major Purchase,0
APP-20273,45,Female,20732,655,0.553,15.2,8,0,31555,Small Business,1
APP-20274,70,Male,26583,761,0.294,1.9,6,1,4161,Debt Consolidation,1
APP-20275,43,Female,48147,778,0.622,4.3,6,1,30818,Major Purchase,1
APP-20276,51,Male,31442,736,0.394,15.4,12,0,9125,Small Business,0
APP-20277,50,Female,28314,595,0.23,5.3,5,0,15905,Major Purchase,1
APP-20278,62,Female,30171,652,0.228,5.6,5,1,19198,Credit Card Refinance,1
APP-20279,55,Female,22404,682,0.145,1.0,13,0,2000,Major Purchase,1
APP-20280,27,Female,31721,608,0.158,3.4,9,0,12510,Small Business,0
APP-20281,36,Male,59082,675,0.241,2.3,5,0,19358,Home Improvement,1
APP-20282,46,Male,131660,671,0.201,3.2,7,0,8232,Small Business,0
APP-20283,68,Female,75988,740,0.05,8.1,9,0,7891,Major Purchase,0
APP-20284,69,Male,69555,637,0.421,3.1,6,0,32840,Credit Card Refinance,1
APP-20285,22,Male,20071,745,0.413,0.3,12,0,19064,Home Improvement,1
APP-20286,21,Male,52345,607,0.357,11.8,4,0,26090,Small Business,0
APP-20287,68,Female,47248,616,0.184,3.9,6,0,33434,Home Improvement,0
APP-20288,32,Male,57521,645,0.518,12.9,6,0,24506,Credit Card Refinance,1
APP-20289,25,Female,40199,673,0.299,4.2,5,0,13997,Debt Consolidation,1
APP-20290,57,Female,122288,512,0.22,0.4,6,0,13245,Home Improvement,1
APP-20291,52,Male,50464,699,0.348,4.0,13,0,22287,Small Business,1
APP-20292,29,Male,53243,781,0.341,4.3,14,0,23567,Credit Card Refinance,0
APP-20293,61,Male,18000,712,0.05,1.2,7,0,20123,Small Business,0
APP-20294,55,Female,46227,656,0.316,3.2,4,0,24161,Credit Card Refinance,0
APP-20295,39,Male,92234,599,0.334,3.1,9,0,17065,Small Business,1
APP-20296,68,Male,66540,552,0.275,4.9,9,2,18114,Credit Card Refinance,1
APP-20297,36,Male,18000,563,0.161,1.5,10,0,14632,Major Purchase,1
APP-20298,23,Female,38279,661,0.165,4.4,11,0,11074,Small Business,0
APP-20299,40,Male,127076,806,0.382,1.4,3,2,10903,Credit Card Refinance,0
APP-20300,44,Female,45123,493,0.411,3.0,7,0,15056,Debt Consolidation,1
APP-20301,53,Female,58531,715,0.266,0.7,3,0,23895,Credit Card Refinance,0
APP-20302,44,Male,119426,625,0.366,0.2,10,0,18279,Debt Consolidation,1
APP-20303,31,Female,45024,648,0.265,1.9,7,0,14642,Home Improvement,1
APP-20304,69,Male,75740,609,0.218,1.6,10,0,15928,Credit Card Refinance,1
APP-20305,28,Female,61467,581,0.346,2.6,9,0,3483,Home Improvement,1
APP-20306,56,Female,69136,678,0.182,16.3,8,1,13748,Home Improvement,0
APP-20307,58,Female,60389,687,0.547,3.7,8,1,24079,Major Purchase,1
APP-20308,60,Male,36272,713,0.147,4.0,8,0,8757,Credit Card Refinance,0
APP-20309,40,Male,38319,560,0.354,14.2,4,0,5491,Major Purchase,1
APP-20310,55,Male,30637,726,0.338,12.7,5,0,8183,Major Purchase,0
APP-20311,68,Male,19893,727,0.327,10.8,5,0,14056,Home Improvement,1
APP-20312,45,Male,97196,697,0.498,0.5,7,0,17496,Small Business,1
APP-20313,55,Male,49293,642,0.05,5.0,11,0,19856,Home Improvement,0
APP-20314,45,Male,94540,690,0.369,8.3,7,2,23638,Home Improvement,1
APP-20315,49,Male,115954,659,0.287,9.0,5,0,16045,Debt Consolidation,0
APP-20316,38,Female,50482,732,0.39,4.3,9,0,23833,Small Business,0
APP-20317,66,Male,23803,646,0.327,0.1,7,1,8445,Home Improvement,1
APP-20318,38,Male,44006,677,0.311,18.2,9,0,27615,Small Business,1
APP-20319,22,Male,33889,557,0.175,3.2,5,0,20873,Debt Consolidation,1
APP-20320,55,Male,18000,689,0.239,2.5,9,0,2000,Small Business,1
APP-20321,36,Female,37199,621,0.65,2.5,5,0,18860,Credit Card Refinance,1
APP-20322,61,Male,47129,703,0.391,2.8,11,0,36539,Debt Consolidation,1
APP-20323,56,Female,34412,721,0.446,1.4,10,0,34403,Small Business,1
APP-20324,53,Female,32069,630,0.278,2.0,5,0,17855,Major Purchase,1
APP-20325,24,Female,24278,672,0.217,21.1,6,0,22780,Small Business,0
APP-20326,53,Female,54598,681,0.413,2.3,7,1,9109,Debt Consolidation,1
APP-20327,34,Female,137049,693,0.092,3.7,7,0,7775,Major Purchase,0
APP-20328,41,Female,99036,721,0.242,9.4,9,0,16486,Small Business,0
APP-20329,68,Female,70227,712,0.277,3.7,2,0,14099,Small Business,0
APP-20330,40,Female,71073,645,0.433,2.0,8,0,19187,Debt Consolidation,0
APP-20331,28,Female,45571,773,0.37,3.7,11,0,23031,Major Purchase,1
APP-20332,27,Female,18169,718,0.263,0.6,6,1,22733,Major Purchase,1
APP-20333,23,Female,40007,761,0.364,0.7,6,0,26160,Small Business,1
APP-20334,37,Male,28764,692,0.284,5.9,3,0,22056,Credit Card Refinance,0
APP-20335,53,Male,53374,696,0.448,12.5,6,0,27025,Debt Consolidation,1
APP-20336,68,Male,96593,662,0.348,6.5,7,0,26230,Debt Consolidation,1
APP-20337,32,Male,145128,641,0.528,0.4,11,0,16462,Home Improvement,1
APP-20338,71,Male,50794,733,0.287,2.6,8,0,2000,Major Purchase,1
APP-20339,42,Male,19595,687,0.467,0.0,6,0,8230,Major Purchase,1
APP-20340,42,Female,50740,661,0.331,3.6,6,0,22712,Home Improvement,1
APP-20341,66,Male,51504,603,0.236,1.1,7,1,19338,Small Business,1
APP-20342,50,Female,71208,771,0.632,10.1,9,1,34346,Small Business,1
APP-20343,58,Male,48505,677,0.477,0.6,3,0,5393,Debt Consolidation,1
APP-20344,58,Male,50847,590,0.348,0.0,4,0,25134,Small Business,1
APP-20345,65,Female,34626,675,0.412,3.0,10,0,17866,Credit Card Refinance,1
APP-20346,71,Female,41293,656,0.19,0.8,10,0,11556,Credit Card Refinance,1
APP-20347,28,Male,65008,654,0.194,6.7,11,1,32163,Credit Card Refinance,1
APP-20348,47,Female,18000,707,0.454,12.6,4,0,9249,Home Improvement,1
APP-20349,47,Female,41171,657,0.321,0.2,11,1,20719,Credit Card Refinance,1
APP-20350,54,Male,71563,650,0.301,2.5,11,0,27994,Home Improvement,1
APP-20351,41,Male,120861,758,0.285,28.7,10,0,11311,Debt Consolidation,0
APP-20352,50,Female,39376,556,0.338,6.6,7,0,3319,Debt Consolidation,1
APP-20353,53,Female,94084,666,0.289,15.3,8,0,22931,Credit Card Refinance,0
APP-20354,48,Female,124183,730,0.076,0.9,8,1,27113,Home Improvement,0
APP-20355,67,Female,39657,710,0.49,1.3,5,1,13948,Credit Card Refinance,1
APP-20356,53,Male,36061,736,0.307,0.8,8,0,5383,Small Business,0
APP-20357,25,Male,44349,801,0.54,1.8,11,0,19974,Home Improvement,0
APP-20358,68,Male,46860,780,0.109,6.4,13,0,15645,Home Improvement,0
APP-20359,39,Female,89317,594,0.108,0.9,5,0,3106,Home Improvement,1
APP-20360,24,Female,32030,565,0.287,3.7,5,0,22636,Home Improvement,0
APP-20361,55,Female,114226,691,0.437,1.6,6,0,12284,Small Business,1
APP-20362,69,Male,31558,581,0.174,8.8,3,0,22896,Credit Card Refinance,0
APP-20363,37,Male,24454,544,0.169,0.0,5,1,36401,Debt Consolidation,1
APP-20364,64,Male,65386,690,0.365,1.3,9,0,17745,Major Purchase,1
APP-20365,48,Female,96452,706,0.282,4.6,5,0,18670,Major Purchase,1
APP-20366,50,Female,54082,781,0.385,0.5,8,0,18956,Home Improvement,0
APP-20367,49,Male,62273,719,0.285,3.1,9,1,17181,Home Improvement,0
APP-20368,66,Female,143610,794,0.366,2.9,8,0,8677,Debt Consolidation,0
APP-20369,26,Male,97203,693,0.484,9.6,4,0,20475,Major Purchase,1
APP-20370,55,Female,49861,596,0.174,4.9,5,0,13478,Home Improvement,1
APP-20371,61,Male,38671,723,0.462,5.1,8,1,14418,Small Business,1
APP-20372,57,Female,89525,756,0.116,15.2,6,0,12120,Major Purchase,0
APP-20373,44,Male,77350,695,0.393,20.2,7,0,21640,Small Business,1
APP-20374,49,Female,61710,764,0.49,5.3,7,3,11741,Debt Consolidation,1
APP-20375,69,Male,40951,661,0.257,3.7,6,2,21052,Debt Consolidation,1
APP-20376,66,Male,47003,705,0.397,4.7,10,0,21952,Major Purchase,0
APP-20377,51,Male,45200,658,0.262,2.4,5,0,18502,Credit Card Refinance,1
APP-20378,55,Male,41328,824,0.39,21.9,11,0,6732,Major Purchase,0
APP-20379,53,Male,35219,724,0.05,6.1,12,0,13164,Small Business,0
APP-20380,41,Female,56718,597,0.339,1.7,7,0,17312,Credit Card Refinance,1
APP-20381,52,Male,34355,790,0.367,0.3,10,0,7460,Small Business,0
APP-20382,43,Female,54044,622,0.481,0.2,6,1,20505,Small Business,1
APP-20383,53,Female,18000,670,0.431,1.1,5,0,29484,Small Business,1
APP-20384,23,Female,35244,700,0.301,1.3,6,2,22040,Home Improvement,1
APP-20385,38,Male,89686,705,0.352,2.7,7,1,8116,Credit Card Refinance,1
APP-20386,45,Male,29874,701,0.146,1.2,8,0,37420,Home Improvement,1
APP-20387,62,Female,67890,596,0.517,5.0,6,0,13817,Home Improvement,1
APP-20388,51,Female,31272,701,0.403,1.2,7,0,20017,Small Business,1
APP-20389,23,Male,75107,741,0.097,1.0,8,0,12559,Debt Consolidation,0
APP-20390,60,Male,41630,739,0.35,3.2,5,1,19682,Major Purchase,1
APP-20391,66,Male,40735,585,0.359,11.0,6,0,29042,Debt Consolidation,1
APP-20392,44,Female,50508,627,0.227,3.2,5,0,9431,Small Business,1
APP-20393,70,Male,23414,602,0.332,2.7,9,2,14244,Major Purchase,1
APP-20394,52,Male,83671,692,0.215,4.3,5,0,19326,Major Purchase,0
APP-20395,67,Female,100397,569,0.151,1.5,6,0,4189,Small Business,1
APP-20396,42,Male,40214,597,0.246,2.2,6,0,24587,Home Improvement,1
APP-20397,43,Male,65402,626,0.341,1.2,8,0,12205,Major Purchase,1
APP-20398,22,Female,75237,553,0.431,4.2,12,1,18393,Major Purchase,1
APP-20399,47,Female,46621,668,0.328,6.0,10,0,9174,Major Purchase,0
APP-20400,62,Male,26647,533,0.433,5.6,9,0,8873,Major Purchase,1
APP-20401,22,Male,117800,701,0.398,1.5,3,1,17898,Credit Card Refinance,0
APP-20402,46,Male,39502,644,0.196,7.6,4,1,30461,Home Improvement,1
APP-20403,37,Male,35065,629,0.397,1.5,5,0,10353,Credit Card Refinance,1
APP-20404,60,Female,120732,640,0.4,0.8,10,0,25315,Credit Card Refinance,0
APP-20405,53,Male,68564,666,0.529,2.2,11,0,28482,Small Business,1
APP-20406,29,Male,56476,708,0.369,4.6,7,1,25815,Home Improvement,1
APP-20407,63,Male,28741,755,0.172,0.8,9,0,16629,Debt Consolidation,1
APP-20408,68,Female,76232,735,0.254,5.2,6,0,19893,Home Improvement,1
APP-20409,59,Female,241128,815,0.098,9.9,6,0,30233,Debt Consolidation,0
APP-20410,49,Female,79560,713,0.381,1.7,5,0,25597,Major Purchase,1
APP-20411,62,Male,64398,679,0.518,3.0,15,0,18168,Debt Consolidation,1
APP-20412,46,Female,72882,640,0.05,1.3,11,0,8618,Debt Consolidation,1
APP-20413,55,Female,40926,642,0.524,2.2,4,0,32689,Debt Consolidation,1
APP-20414,70,Male,40712,705,0.38,0.1,10,0,18940,Major Purchase,1
APP-20415,45,Male,40427,605,0.191,15.4,12,0,13628,Major Purchase,0
APP-20416,44,Male,35731,684,0.351,2.7,8,0,22219,Credit Card Refinance,0
APP-20417,33,Male,40382,668,0.195,7.8,6,0,2000,Debt Consolidation,0
APP-20418,27,Male,40279,622,0.373,0.8,4,3,23552,Home Improvement,1
APP-20419,56,Male,42848,601,0.328,8.4,10,0,22870,Small Business,1
APP-20420,65,Male,42193,834,0.36,9.8,3,0,20806,Credit Card Refinance,1
APP-20421,40,Female,56030,579,0.21,6.3,4,0,25515,Debt Consolidation,1
APP-20422,21,Male,51191,665,0.227,11.7,5,0,20251,Credit Card Refinance,1
APP-20423,28,Female,53747,749,0.38,0.9,6,0,22789,Debt Consolidation,0
APP-20424,66,Female,113239,704,0.26,3.2,12,0,23452,Debt Consolidation,1
APP-20425,36,Female,51133,639,0.338,4.8,5,0,26345,Credit Card Refinance,1
APP-20426,34,Female,165378,592,0.374,4.5,8,0,15377,Debt Consolidation,1
APP-20427,32,Male,59514,678,0.293,9.9,8,0,21519,Debt Consolidation,1
APP-20428,71,Female,38330,498,0.459,1.2,13,0,14315,Small Business,1
APP-20429,43,Male,102978,681,0.298,1.0,6,0,20501,Home Improvement,0
APP-20430,35,Male,46922,672,0.294,1.5,8,0,17851,Major Purchase,1
APP-20431,48,Female,18000,739,0.244,11.1,6,2,10790,Small Business,0
APP-20432,54,Male,48912,595,0.445,14.2,6,0,22510,Major Purchase,1
APP-20433,22,Male,42742,648,0.235,4.2,4,1,3778,Major Purchase,1
APP-20434,52,Female,118610,698,0.471,3.5,5,0,9230,Home Improvement,0
APP-20435,43,Female,29921,683,0.34,4.6,10,0,23700,Small Business,1
APP-20436,42,Female,40824,582,0.642,4.8,8,0,12673,Debt Consolidation,1
APP-20437,71,Male,98439,627,0.241,0.9,8,0,22244,Home Improvement,1
APP-20438,45,Female,60896,760,0.473,5.8,9,0,36369,Debt Consolidation,0
APP-20439,42,Male,44609,686,0.381,3.0,10,0,2000,Debt Consolidation,1
APP-20440,42,Female,32335,561,0.258,3.6,7,0,20325,Debt Consolidation,1
APP-20441,69,Female,59483,727,0.383,0.2,6,0,32782,Debt Consolidation,0
APP-20442,62,Female,48237,566,0.377,7.2,8,0,19997,Small Business,1
APP-20443,26,Female,32134,650,0.28,9.0,3,1,18053,Major Purchase,0
APP-20444,35,Male,33066,706,0.371,4.8,8,0,14791,Major Purchase,0
APP-20445,63,Female,31320,748,0.46,6.9,8,0,11650,Small Business,0
APP-20446,57,Female,28398,518,0.381,3.7,5,0,2000,Major Purchase,1
APP-20447,53,Male,81938,716,0.27,4.8,5,0,14192,Home Improvement,1
APP-20448,28,Female,76089,726,0.263,2.5,5,0,18473,Debt Consolidation,1
APP-20449,64,Male,82012,633,0.31,7.8,6,0,19213,Debt Consolidation,1
APP-20450,64,Female,49142,675,0.453,3.2,4,0,25435,Debt Consolidation,1
APP-20451,25,Female,42896,471,0.23,5.7,3,1,24998,Credit Card Refinance,1
APP-20452,59,Female,43329,491,0.367,4.9,11,3,19762,Home Improvement,1
APP-20453,24,Male,85957,742,0.133,6.1,5,1,20625,Credit Card Refinance,1
APP-20454,26,Female,18014,634,0.391,7.7,6,2,17533,Small Business,1
APP-20455,65,Female,36939,647,0.41,3.6,7,0,11957,Credit Card Refinance,1
APP-20456,52,Female,30090,685,0.563,8.4,7,0,25498,Major Purchase,1
APP-20457,50,Male,103563,646,0.431,3.4,10,0,16711,Major Purchase,1
APP-20458,67,Male,37699,640,0.272,15.7,5,0,20119,Home Improvement,1
APP-20459,55,Female,19934,695,0.136,7.0,4,0,38677,Credit Card Refinance,0
APP-20460,60,Male,55430,572,0.382,0.9,8,0,25295,Credit Card Refinance,1
APP-20461,36,Female,39992,745,0.281,8.8,9,0,16361,Debt Consolidation,0
APP-20462,33,Female,36087,655,0.36,4.0,8,0,5812,Home Improvement,1
APP-20463,70,Female,34097,604,0.234,20.8,6,0,26882,Debt Consolidation,1
APP-20464,62,Female,33365,595,0.299,6.3,6,0,2000,Home Improvement,1
APP-20465,50,Male,72381,672,0.116,0.4,7,0,14626,Home Improvement,0
APP-20466,39,Male,55441,650,0.194,2.5,8,0,2955,Credit Card Refinance,1
APP-20467,37,Male,43963,569,0.178,3.6,5,2,14099,Debt Consolidation,1
APP-20468,39,Male,26794,630,0.425,9.1,7,0,13997,Small Business,1
APP-20469,48,Male,44672,617,0.221,6.5,10,1,19188,Debt Consolidation,0
APP-20470,46,Female,56576,752,0.485,2.3,7,0,16340,Small Business,1
APP-20471,57,Female,57772,678,0.222,5.3,5,0,25575,Major Purchase,1
APP-20472,46,Female,53556,772,0.572,4.3,10,1,23122,Home Improvement,0
APP-20473,43,Female,29512,623,0.086,0.7,4,0,24715,Debt Consolidation,1
APP-20474,29,Female,18000,651,0.371,1.3,5,1,6710,Home Improvement,1
APP-20475,32,Female,131898,695,0.325,2.1,6,0,16945,Debt Consolidation,0
APP-20476,21,Female,23853,709,0.175,1.1,9,2,23014,Major Purchase,1
APP-20477,21,Female,18000,716,0.254,0.8,4,1,18696,Debt Consolidation,1
APP-20478,67,Male,52669,612,0.289,0.3,9,0,13308,Major Purchase,1
APP-20479,54,Male,19154,614,0.35,10.3,6,1,11957,Home Improvement,1
APP-20480,52,Male,31487,646,0.208,1.7,5,0,32804,Credit Card Refinance,1
APP-20481,68,Female,66294,766,0.371,1.7,6,0,21766,Small Business,0
APP-20482,45,Female,129959,604,0.334,1.2,7,1,2000,Home Improvement,1
APP-20483,60,Male,60665,635,0.414,3.2,4,1,7995,Credit Card Refinance,1
APP-20484,65,Male,38501,717,0.217,3.6,9,0,2000,Home Improvement,1
APP-20485,21,Female,47653,713,0.271,1.2,3,2,6868,Home Improvement,1
APP-20486,36,Male,18129,706,0.493,4.7,4,0,8587,Debt Consolidation,0
APP-20487,59,Male,38257,675,0.211,6.4,10,0,27746,Major Purchase,1
APP-20488,25,Female,38277,600,0.153,2.3,5,0,22267,Major Purchase,1
APP-20489,42,Male,53334,625,0.244,4.4,5,1,11197,Debt Consolidation,1
APP-20490,49,Male,142657,743,0.107,3.5,8,0,11659,Debt Consolidation,0
APP-20491,23,Female,18000,720,0.521,1.1,6,0,13153,Home Improvement,1
APP-20492,32,Female,39174,583,0.286,6.5,8,1,10842,Major Purchase,1
APP-20493,46,Female,18000,726,0.287,8.1,10,1,15734,Home Improvement,1
APP-20494,36,Male,37166,755,0.409,5.2,7,0,11329,Credit Card Refinance,1
APP-20495,71,Male,30469,673,0.233,2.0,3,0,16062,Credit Card Refinance,0
APP-20496,57,Male,21549,697,0.294,13.1,2,0,7484,Debt Consolidation,0
APP-20497,42,Female,80999,735,0.23,3.0,5,0,17463,Major Purchase,0
APP-20498,49,Female,56421,624,0.109,1.5,2,2,19766,Credit Card Refinance,0
APP-20499,34,Male,75941,821,0.326,2.6,4,0,9739,Major Purchase,0
APP-20500,48,Female,36592,749,0.443,5.9,6,0,12313,Major Purchase,1
APP-20501,25,Male,47150,704,0.33,9.4,12,2,16486,Small Business,1
APP-20502,67,Male,117836,667,0.43,2.2,4,0,24926,Credit Card Refinance,1
APP-20503,69,Male,48947,702,0.189,1.3,7,0,27106,Credit Card Refinance,0
APP-20504,50,Male,76448,568,0.23,4.9,7,0,17184,Home Improvement,1
APP-20505,66,Female,34905,805,0.165,12.7,9,3,20269,Home Improvement,1
APP-20506,25,Male,72679,743,0.364,1.0,8,0,16831,Major Purchase,0
APP-20507,32,Male,36246,765,0.282,8.1,9,0,27746,Debt Consolidation,0
APP-20508,36,Female,18000,671,0.277,3.2,4,0,31332,Home Improvement,1
APP-20509,46,Male,48816,646,0.4,8.0,5,0,24493,Home Improvement,0
APP-20510,46,Female,37847,626,0.263,3.5,12,0,21484,Major Purchase,0
APP-20511,68,Female,20057,722,0.45,2.4,5,0,21539,Credit Card Refinance,1
APP-20512,41,Male,54465,636,0.348,6.0,9,0,19062,Home Improvement,0
APP-20513,59,Male,29988,657,0.276,11.5,7,2,11907,Debt Consolidation,1
APP-20514,56,Male,250000,705,0.134,1.9,9,2,13743,Major Purchase,1
APP-20515,53,Male,21906,627,0.4,3.1,5,0,20015,Credit Card Refinance,1
APP-20516,50,Male,25156,737,0.354,1.3,4,0,13936,Small Business,0
APP-20517,57,Female,79082,668,0.36,1.0,8,0,7171,Debt Consolidation,1
APP-20518,43,Female,45562,571,0.364,7.5,5,0,16391,Credit Card Refinance,1
APP-20519,30,Male,78202,626,0.257,1.1,7,1,5136,Major Purchase,1
APP-20520,25,Female,60428,755,0.302,7.9,14,0,33220,Small Business,0
APP-20521,56,Female,35586,609,0.265,2.8,8,0,13468,Debt Consolidation,1
APP-20522,54,Female,22959,728,0.47,26.5,9,0,17773,Home Improvement,1
APP-20523,51,Female,88353,677,0.287,1.1,8,0,27543,Home Improvement,0
APP-20524,30,Female,24133,658,0.246,0.5,13,0,37708,Debt Consolidation,1
APP-20525,39,Male,66662,833,0.478,0.4,6,0,16459,Home Improvement,0
APP-20526,52,Male,81263,586,0.465,9.0,7,0,11640,Major Purchase,1
APP-20527,21,Female,45715,621,0.348,2.9,7,0,23162,Debt Consolidation,1
APP-20528,25,Male,41469,668,0.304,0.0,4,3,17669,Debt Consolidation,1
APP-20529,65,Female,28536,827,0.274,10.4,5,1,16885,Home Improvement,0
APP-20530,24,Female,63228,668,0.315,10.5,15,0,19533,Debt Consolidation,0
APP-20531,36,Male,18000,687,0.215,8.2,5,0,21519,Small Business,0
APP-20532,44,Male,72667,648,0.378,1.4,7,0,34175,Debt Consolidation,1
APP-20533,36,Male,52350,693,0.518,2.3,10,0,7286,Home Improvement,0
APP-20534,22,Female,43366,652,0.388,6.8,15,0,33465,Home Improvement,1
APP-20535,69,Male,56008,715,0.188,3.4,9,0,16258,Home Improvement,0
APP-20536,48,Male,23029,720,0.375,0.8,9,0,25172,Home Improvement,0
APP-20537,52,Male,18000,654,0.343,1.4,6,0,19214,Major Purchase,1
APP-20538,47,Male,63431,596,0.374,18.0,4,3,18178,Home Improvement,1
APP-20539,40,Male,101123,676,0.222,0.8,10,0,19559,Small Business,1
APP-20540,44,Male,18832,761,0.32,6.5,7,0,11657,Debt Consolidation,1
APP-20541,32,Female,27477,616,0.426,3.3,5,0,30836,Credit Card Refinance,1
APP-20542,70,Male,74145,691,0.192,6.9,7,0,22502,Credit Card Refinance,0
APP-20543,55,Male,59718,591,0.266,5.4,8,0,21072,Major Purchase,1
APP-20544,53,Male,250000,602,0.285,2.9,5,0,15524,Credit Card Refinance,0
APP-20545,53,Male,88575,754,0.44,2.2,3,0,6923,Home Improvement,0
APP-20546,71,Female,77612,714,0.458,7.0,7,0,23443,Credit Card Refinance,0
APP-20547,63,Female,32206,692,0.09,2.0,8,1,23907,Small Business,1
APP-20548,57,Male,65423,519,0.44,7.8,5,0,22757,Home Improvement,1
APP-20549,32,Female,111577,634,0.461,5.7,13,1,18731,Credit Card Refinance,1
APP-20550,23,Male,44783,709,0.454,4.3,7,0,16218,Home Improvement,0
APP-20551,21,Male,45960,575,0.256,2.3,9,1,27891,Major Purchase,1
APP-20552,53,Female,52983,646,0.292,1.1,9,0,21776,Small Business,1
APP-20553,60,Female,34013,719,0.132,6.2,11,0,20258,Debt Consolidation,0
APP-20554,30,Female,56836,571,0.069,0.5,6,0,6288,Home Improvement,1
APP-20555,63,Male,56060,560,0.277,17.6,9,0,3335,Small Business,1
APP-20556,64,Female,110635,572,0.329,19.3,9,0,36597,Major Purchase,1
APP-20557,49,Male,44171,691,0.341,0.7,5,0,24622,Major Purchase,1
APP-20558,33,Male,71047,633,0.419,0.5,2,0,28373,Small Business,0
APP-20559,32,Female,44902,727,0.65,2.7,7,0,5048,Credit Card Refinance,1
APP-20560,51,Male,69693,677,0.272,16.6,10,0,25944,Small Business,1
APP-20561,66,Female,42721,792,0.193,2.6,8,0,15727,Credit Card Refinance,0
APP-20562,22,Female,67198,589,0.386,2.3,7,2,18891,Credit Card Refinance,1
APP-20563,71,Male,73169,691,0.347,6.1,7,1,22322,Small Business,0
APP-20564,70,Male,27264,618,0.251,1.0,4,0,19439,Major Purchase,0
APP-20565,55,Female,89886,709,0.429,2.3,11,1,19392,Debt Consolidation,0
APP-20566,43,Male,44731,677,0.223,1.7,7,0,10946,Debt Consolidation,1
APP-20567,37,Female,37858,605,0.305,4.6,11,0,22895,Small Business,1
APP-20568,46,Female,33173,659,0.311,0.9,7,1,10870,Home Improvement,1
APP-20569,28,Male,57757,674,0.206,4.0,3,0,11396,Small Business,1
APP-20570,49,Female,48896,631,0.115,9.7,8,1,18829,Debt Consolidation,1
APP-20571,46,Female,60110,717,0.346,3.6,7,2,7908,Small Business,1
APP-20572,30,Male,60756,602,0.484,5.8,7,2,27404,Major Purchase,1
APP-20573,46,Female,68509,805,0.435,0.4,6,0,27449,Debt Consolidation,1
APP-20574,54,Male,225698,731,0.443,3.0,5,3,14596,Debt Consolidation,0
APP-20575,71,Female,50102,692,0.224,0.5,8,0,15993,Debt Consolidation,0
APP-20576,61,Female,32727,850,0.346,4.6,7,0,18284,Major Purchase,0
APP-20577,27,Male,18000,649,0.149,1.6,3,0,2256,Debt Consolidation,1
APP-20578,24,Male,25401,709,0.34,1.7,4,2,6227,Home Improvement,1
APP-20579,70,Female,96707,684,0.487,0.4,9,0,23770,Debt Consolidation,1
APP-20580,65,Male,72835,721,0.49,1.9,8,2,21117,Small Business,1
APP-20581,31,Female,23330,767,0.564,3.5,6,3,15108,Home Improvement,1
APP-20582,49,Male,190102,705,0.439,4.4,2,1,14504,Credit Card Refinance,0
APP-20583,56,Female,58672,737,0.377,0.3,4,0,23685,Debt Consolidation,0
APP-20584,45,Female,63144,634,0.425,5.3,3,1,2934,Credit Card Refinance,1
APP-20585,41,Female,168438,656,0.402,3.4,9,0,33049,Credit Card Refinance,1
APP-20586,56,Male,127605,776,0.223,3.8,7,0,25375,Major Purchase,0
APP-20587,30,Female,75329,708,0.138,8.9,3,3,14804,Small Business,0
APP-20588,57,Female,77347,686,0.426,2.1,5,0,21055,Small Business,0
APP-20589,29,Male,81432,621,0.571,1.0,11,0,29039,Credit Card Refinance,1
APP-20590,44,Male,42936,732,0.431,4.0,14,0,9620,Major Purchase,0
APP-20591,55,Male,57396,619,0.093,14.5,7,0,28272,Home Improvement,1
APP-20592,69,Female,67230,600,0.258,3.6,6,0,17884,Debt Consolidation,1
APP-20593,55,Female,45719,677,0.296,8.9,7,2,23452,Home Improvement,1
APP-20594,68,Male,28825,513,0.097,7.1,13,3,25013,Debt Consolidation,1
APP-20595,56,Female,42345,709,0.155,3.7,5,0,19332,Credit Card Refinance,0
APP-20596,38,Male,28470,694,0.316,5.2,7,0,26746,Major Purchase,1
APP-20597,69,Male,50787,647,0.351,2.6,6,0,14607,Major Purchase,1
APP-20598,59,Female,18411,652,0.202,3.8,7,0,17813,Small Business,0
APP-20599,52,Female,59134,662,0.149,3.5,11,2,11831,Small Business,0
APP-20600,44,Male,19986,618,0.463,6.2,6,0,12473,Home Improvement,1
APP-20601,43,Male,39265,681,0.274,2.6,7,0,19528,Small Business,1
APP-20602,52,Female,64683,653,0.291,0.5,7,1,24797,Debt Consolidation,1
APP-20603,57,Male,75745,677,0.254,7.8,8,0,7703,Major Purchase,1
APP-20604,32,Male,70954,659,0.227,5.8,3,0,21140,Major Purchase,1
APP-20605,69,Male,58445,647,0.476,15.0,11,1,27386,Credit Card Refinance,1
APP-20606,33,Female,26486,688,0.214,2.8,7,0,28554,Credit Card Refinance,1
APP-20607,43,Female,84064,720,0.342,0.4,9,1,17080,Home Improvement,1
APP-20608,45,Male,26822,635,0.321,0.6,5,0,9574,Credit Card Refinance,1
APP-20609,55,Female,89502,695,0.086,7.4,6,0,23353,Debt Consolidation,0
APP-20610,61,Female,69233,703,0.349,0.4,6,0,21551,Small Business,1
APP-20611,50,Male,103507,586,0.135,11.9,6,0,17990,Small Business,1
APP-20612,37,Female,49695,733,0.396,1.7,8,0,15713,Home Improvement,1
APP-20613,69,Female,31247,803,0.178,11.5,8,0,20693,Small Business,0
APP-20614,40,Male,24077,664,0.383,7.4,3,0,21364,Major Purchase,1
APP-20615,68,Male,25594,658,0.268,10.2,7,0,14719,Small Business,0
APP-20616,45,Female,19925,656,0.239,1.2,7,0,16256,Credit Card Refinance,1
APP-20617,42,Female,82297,710,0.345,4.5,9,0,6878,Major Purchase,0
APP-20618,33,Female,88175,703,0.143,0.5,13,0,20465,Credit Card Refinance,1
APP-20619,39,Male,66471,566,0.312,1.1,4,0,21316,Credit Card Refinance,1
APP-20620,69,Female,48138,613,0.414,1.9,6,0,8164,Home Improvement,1
APP-20621,56,Male,152287,702,0.445,6.8,9,1,17150,Home Improvement,0
APP-20622,32,Male,46444,660,0.264,0.1,7,0,13810,Major Purchase,1
APP-20623,61,Female,55354,594,0.282,11.7,8,0,27128,Small Business,1
APP-20624,39,Male,47747,767,0.141,0.4,6,0,7861,Debt Consolidation,0
APP-20625,32,Male,40697,618,0.23,2.4,9,0,26957,Small Business,0
APP-20626,29,Male,69357,672,0.133,0.4,7,0,28174,Major Purchase,0
APP-20627,27,Male,34598,658,0.373,7.3,7,1,2000,Debt Consolidation,1
APP-20628,48,Male,33345,599,0.421,0.8,5,0,23136,Credit Card Refinance,1
APP-20629,34,Female,71311,682,0.265,10.8,7,0,22053,Credit Card Refinance,0
APP-20630,51,Male,37283,695,0.193,3.8,7,0,5817,Debt Consolidation,0
APP-20631,39,Female,52755,639,0.357,14.8,7,0,15423,Credit Card Refinance,0
APP-20632,67,Female,40630,648,0.216,1.7,12,0,14518,Small Business,0
APP-20633,36,Female,48710,709,0.401,3.0,1,0,10428,Home Improvement,0
APP-20634,25,Male,33849,541,0.552,5.9,6,0,12904,Small Business,1
APP-20635,55,Female,34464,615,0.214,8.9,4,0,24803,Credit Card Refinance,1
APP-20636,32,Female,31230,683,0.231,2.7,4,0,18674,Home Improvement,0
APP-20637,45,Female,77950,635,0.145,11.1,9,0,13250,Small Business,1
APP-20638,41,Female,53881,634,0.338,0.6,11,2,8815,Credit Card Refinance,1
APP-20639,56,Female,81243,728,0.329,6.2,9,0,24725,Small Business,0
APP-20640,43,Male,86160,628,0.288,2.1,8,0,31548,Credit Card Refinance,0
APP-20641,36,Female,38064,798,0.322,0.5,3,0,16249,Major Purchase,0
APP-20642,59,Female,79608,555,0.195,2.4,5,0,17267,Debt Consolidation,1
APP-20643,65,Female,48641,526,0.12,10.6,7,0,38425,Credit Card Refinance,1
APP-20644,62,Female,44924,727,0.229,19.7,10,0,24710,Small Business,0
APP-20645,59,Male,97616,606,0.09,2.5,4,0,26822,Credit Card Refinance,1
APP-20646,34,Female,66474,607,0.214,10.9,4,1,13409,Credit Card Refinance,1
APP-20647,51,Male,40383,734,0.357,3.6,5,0,11230,Small Business,0
APP-20648,25,Male,64140,637,0.327,6.3,8,0,28293,Small Business,1
APP-20649,55,Male,24437,729,0.107,0.2,10,0,21657,Home Improvement,0
APP-20650,43,Male,56163,630,0.446,4.1,10,0,19534,Credit Card Refinance,0
APP-20651,49,Female,21487,693,0.297,0.4,10,2,21344,Major Purchase,1
APP-20652,63,Male,28526,636,0.164,1.6,5,0,31798,Debt Consolidation,1
APP-20653,31,Male,67612,610,0.276,4.2,7,1,12124,Credit Card Refinance,1
APP-20654,38,Female,18000,782,0.25,8.2,9,0,19267,Small Business,0
APP-20655,67,Female,132108,742,0.216,4.1,6,1,12542,Home Improvement,1
APP-20656,32,Female,77572,622,0.418,13.8,14,0,20224,Credit Card Refinance,1
APP-20657,29,Female,18000,658,0.187,8.3,6,0,24409,Major Purchase,1
APP-20658,30,Female,183354,765,0.342,0.8,10,0,20524,Small Business,0
APP-20659,64,Male,213364,605,0.159,2.5,10,0,31864,Major Purchase,0
APP-20660,37,Male,44388,609,0.316,5.5,8,0,13879,Major Purchase,1
APP-20661,58,Female,29449,700,0.352,13.9,10,0,22374,Debt Consolidation,1
APP-20662,27,Male,123929,817,0.352,22.0,5,0,28221,Debt Consolidation,1
APP-20663,66,Female,40575,673,0.33,7.2,9,0,14975,Credit Card Refinance,1
APP-20664,33,Male,53560,738,0.291,4.3,7,1,14261,Debt Consolidation,0
APP-20665,60,Male,95751,603,0.192,7.1,9,2,16778,Credit Card Refinance,1
APP-20666,62,Female,45051,693,0.194,1.6,5,0,6428,Credit Card Refinance,0
APP-20667,29,Female,42934,646,0.356,1.7,4,0,27087,Small Business,1
APP-20668,70,Female,24347,791,0.169,5.3,9,0,19288,Small Business,0
APP-20669,47,Female,34655,773,0.141,10.3,12,0,4490,Home Improvement,0
APP-20670,22,Male,42470,818,0.492,17.5,3,1,14588,Debt Consolidation,0
APP-20671,25,Male,24804,624,0.289,2.1,9,0,28492,Home Improvement,1
APP-20672,49,Female,26072,672,0.396,8.0,8,0,15373,Major Purchase,1
APP-20673,57,Female,49935,694,0.425,9.5,12,1,30551,Credit Card Refinance,1
APP-20674,58,Male,18000,627,0.326,4.9,10,0,15816,Credit Card Refinance,1
APP-20675,39,Female,30226,678,0.275,2.1,10,1,6413,Small Business,1
APP-20676,28,Male,142846,729,0.277,4.8,15,0,2000,Major Purchase,0
APP-20677,68,Male,40537,634,0.513,4.4,8,0,34792,Credit Card Refinance,1
APP-20678,65,Male,37839,624,0.253,4.7,3,0,11431,Credit Card Refinance,1
APP-20679,21,Female,40438,619,0.341,4.8,10,1,13292,Major Purchase,1
APP-20680,42,Female,40790,582,0.401,9.4,6,1,17094,Major Purchase,0
APP-20681,37,Male,67250,725,0.35,0.9,8,0,19997,Credit Card Refinance,0
APP-20682,27,Female,64710,624,0.45,2.3,7,0,10067,Major Purchase,1
APP-20683,45,Male,39540,617,0.274,4.4,8,0,28225,Debt Consolidation,1
APP-20684,65,Male,43581,704,0.401,1.7,11,0,20460,Major Purchase,0
APP-20685,24,Male,100914,669,0.105,19.1,7,2,27816,Home Improvement,1
APP-20686,56,Male,21361,635,0.482,1.5,9,2,2129,Home Improvement,1
APP-20687,26,Male,47492,722,0.455,3.2,5,1,21903,Credit Card Refinance,1
APP-20688,51,Female,52806,633,0.283,10.5,7,0,21221,Credit Card Refinance,1
APP-20689,39,Female,31978,528,0.373,0.4,7,0,17767,Small Business,1
APP-20690,64,Female,46012,756,0.427,8.6,8,0,13811,Major Purchase,1
APP-20691,59,Male,29690,616,0.195,4.2,8,0,6092,Home Improvement,1
APP-20692,47,Male,69594,623,0.303,0.2,4,0,7055,Small Business,0
APP-20693,30,Male,23481,623,0.163,11.7,7,0,28392,Credit Card Refinance,0
APP-20694,46,Male,87928,673,0.457,0.2,7,0,21002,Debt Consolidation,1
APP-20695,39,Female,47083,652,0.419,3.6,4,0,16398,Major Purchase,0
APP-20696,59,Male,38314,734,0.286,0.3,5,0,15924,Small Business,0
APP-20697,23,Female,28209,776,0.272,0.4,6,0,26170,Debt Consolidation,1
APP-20698,65,Female,86410,625,0.302,10.9,5,0,25834,Credit Card Refinance,1
APP-20699,33,Male,34251,609,0.212,7.3,3,0,11471,Home Improvement,1
APP-20700,70,Female,25796,636,0.299,1.1,7,2,6467,Small Business,1
APP-20701,48,Female,87404,698,0.195,4.8,7,0,20963,Small Business,0
APP-20702,40,Female,29810,662,0.428,7.9,3,0,27865,Credit Card Refinance,1
APP-20703,48,Female,46538,637,0.456,11.0,9,0,23520,Credit Card Refinance,1
APP-20704,28,Male,76906,585,0.433,3.2,5,0,31280,Home Improvement,1
APP-20705,61,Male,53470,526,0.177,11.4,5,0,16631,Home Improvement,1
APP-20706,59,Male,127003,604,0.295,3.5,4,0,20279,Home Improvement,1
APP-20707,21,Male,30970,752,0.39,5.8,12,1,17548,Debt Consolidation,1
APP-20708,23,Female,43661,698,0.412,19.3,10,1,24098,Debt Consolidation,0
APP-20709,33,Male,45558,657,0.099,1.3,11,0,12288,Credit Card Refinance,0
APP-20710,48,Female,68987,717,0.409,0.9,3,0,19554,Small Business,0
APP-20711,69,Female,99582,586,0.171,2.1,6,0,31178,Debt Consolidation,0
APP-20712,45,Male,51046,673,0.302,0.9,10,0,12167,Credit Card Refinance,0
APP-20713,53,Male,45446,553,0.471,1.7,7,0,2000,Debt Consolidation,1
APP-20714,58,Female,21684,692,0.455,6.8,8,0,22201,Home Improvement,0
APP-20715,26,Female,52146,686,0.479,3.2,5,0,35926,Credit Card Refinance,1
APP-20716,64,Female,34280,688,0.192,2.4,9,0,12559,Home Improvement,1
APP-20717,65,Male,68881,745,0.222,2.3,4,0,28213,Major Purchase,0
APP-20718,52,Male,39131,720,0.252,1.1,7,0,18111,Small Business,1
APP-20719,65,Male,42943,591,0.302,3.0,4,0,10140,Home Improvement,1
APP-20720,67,Male,21957,746,0.346,4.9,7,1,23508,Small Business,1
APP-20721,41,Female,18100,656,0.473,0.7,1,0,6617,Credit Card Refinance,1
APP-20722,36,Female,136426,541,0.209,18.0,6,0,30170,Major Purchase,1
APP-20723,41,Female,52644,662,0.245,2.9,9,0,18887,Small Business,1
APP-20724,31,Female,61229,712,0.491,14.8,6,3,4348,Debt Consolidation,1
APP-20725,57,Female,29680,604,0.181,0.7,3,1,32831,Credit Card Refinance,1
APP-20726,56,Male,79343,756,0.407,7.3,6,0,24859,Major Purchase,0
APP-20727,55,Male,71849,609,0.309,4.8,6,0,20528,Debt Consolidation,1
APP-20728,39,Female,31529,638,0.367,8.6,7,0,25106,Debt Consolidation,1
APP-20729,40,Male,27371,626,0.223,4.6,14,1,2000,Major Purchase,0
APP-20730,38,Female,32764,558,0.405,16.5,5,1,13004,Home Improvement,1
APP-20731,67,Female,48264,605,0.241,4.9,7,0,38072,Major Purchase,0
APP-20732,61,Male,53739,623,0.15,7.7,5,0,19037,Major Purchase,0
APP-20733,69,Female,50066,661,0.378,10.5,7,0,12875,Major Purchase,1
APP-20734,34,Female,100137,474,0.05,6.3,6,0,19351,Small Business,1
APP-20735,35,Female,33082,716,0.252,3.7,5,0,9212,Home Improvement,0
APP-20736,51,Female,26966,715,0.355,1.6,5,0,30620,Credit Card Refinance,1
APP-20737,21,Female,49023,746,0.411,9.6,6,0,14428,Debt Consolidation,0
APP-20738,23,Male,19318,573,0.467,3.3,7,0,5370,Small Business,1
APP-20739,36,Male,71872,650,0.533,4.8,10,1,19361,Home Improvement,1
APP-20740,43,Female,51734,731,0.497,0.4,8,0,25979,Major Purchase,1
APP-20741,31,Female,40703,736,0.343,3.4,6,0,23561,Small Business,0
APP-20742,32,Male,39479,766,0.455,6.0,7,2,6812,Small Business,0
APP-20743,30,Male,80861,676,0.341,4.4,8,0,10408,Debt Consolidation,0
APP-20744,52,Female,79457,666,0.402,3.0,7,0,2000,Credit Card Refinance,0
APP-20745,36,Female,42808,568,0.248,1.3,9,0,23709,Home Improvement,1
APP-20746,28,Female,67878,739,0.375,1.9,8,2,21760,Home Improvement,1
APP-20747,58,Female,78814,640,0.263,6.0,6,0,22527,Home Improvement,0
APP-20748,32,Male,58955,672,0.299,1.3,7,1,14519,Major Purchase,1
APP-20749,44,Male,43782,667,0.376,4.9,8,0,2781,Major Purchase,0
APP-20750,48,Female,60454,514,0.571,4.5,10,0,11606,Small Business,1
APP-20751,28,Male,27681,617,0.367,17.6,5,0,26873,Credit Card Refinance,1
APP-20752,48,Male,50975,699,0.319,0.3,4,1,20972,Debt Consolidation,1
APP-20753,56,Male,43121,666,0.22,0.6,8,0,4169,Debt Consolidation,0
APP-20754,46,Female,39560,700,0.428,3.5,5,1,15813,Credit Card Refinance,1
APP-20755,28,Female,18966,720,0.28,3.7,8,0,22528,Home Improvement,0
APP-20756,70,Male,27856,616,0.365,0.2,5,0,17194,Credit Card Refinance,0
APP-20757,48,Male,37524,636,0.404,8.7,3,0,6650,Debt Consolidation,1
APP-20758,48,Female,80199,660,0.472,3.4,7,1,14110,Major Purchase,1
APP-20759,57,Female,57365,720,0.421,2.1,9,0,12150,Credit Card Refinance,1
APP-20760,61,Male,82192,654,0.173,1.9,7,0,18268,Small Business,1
APP-20761,56,Male,97110,554,0.114,9.9,7,0,20248,Major Purchase,0
APP-20762,47,Male,58754,657,0.404,1.1,9,0,12753,Small Business,0
APP-20763,37,Female,52953,717,0.33,0.9,9,0,23168,Small Business,0
APP-20764,29,Male,28705,758,0.367,1.2,8,3,31075,Credit Card Refinance,1
APP-20765,53,Male,146190,688,0.526,4.9,11,1,42921,Small Business,0
APP-20766,40,Female,22475,573,0.246,8.3,5,0,10546,Home Improvement,1
APP-20767,33,Female,52328,643,0.475,2.0,5,1,18599,Credit Card Refinance,1
APP-20768,48,Male,77500,700,0.247,1.0,12,0,3491,Debt Consolidation,0
APP-20769,68,Female,78096,726,0.508,1.2,11,0,14182,Home Improvement,0
APP-20770,49,Male,25970,702,0.41,4.8,8,0,28230,Major Purchase,1
APP-20771,33,Female,38911,653,0.139,1.4,6,0,2000,Credit Card Refinance,1
APP-20772,66,Male,31589,725,0.27,10.5,12,1,14662,Debt Consolidation,1
APP-20773,55,Female,18000,628,0.55,0.5,7,0,17716,Debt Consolidation,1
APP-20774,26,Male,52663,682,0.535,0.2,6,0,5498,Credit Card Refinance,1
APP-20775,38,Female,33034,718,0.393,0.5,8,0,21011,Home Improvement,1
APP-20776,71,Female,112197,707,0.363,9.3,2,0,20033,Debt Consolidation,1
APP-20777,25,Female,68757,708,0.349,5.3,5,0,13104,Credit Card Refinance,1
APP-20778,67,Female,50149,707,0.372,15.8,5,0,23190,Credit Card Refinance,1
APP-20779,45,Female,37798,601,0.303,2.0,5,0,11357,Small Business,0
APP-20780,22,Male,52224,671,0.465,1.2,8,0,21646,Credit Card Refinance,1
APP-20781,30,Male,42585,610,0.389,4.1,6,0,18032,Debt Consolidation,1
APP-20782,50,Female,50931,651,0.204,3.9,6,1,19877,Small Business,1
APP-20783,70,Male,139511,594,0.399,4.5,5,0,16042,Debt Consolidation,1
APP-20784,65,Female,27292,692,0.34,2.1,7,0,7216,Home Improvement,0
APP-20785,25,Female,44678,542,0.283,0.0,8,0,6816,Home Improvement,1
APP-20786,53,Male,72295,710,0.548,0.2,13,0,11840,Debt Consolidation,0
APP-20787,21,Female,39337,670,0.332,5.5,11,1,13636,Major Purchase,1
APP-20788,38,Male,116926,793,0.085,3.7,6,0,20176,Major Purchase,0
APP-20789,52,Female,71193,656,0.291,8.6,3,1,17741,Major Purchase,1
APP-20790,67,Male,33011,656,0.439,1.8,2,0,14338,Debt Consolidation,0
APP-20791,69,Male,54843,714,0.209,8.4,6,0,2000,Credit Card Refinance,0
APP-20792,31,Female,33271,660,0.435,2.8,5,1,12435,Small Business,1
APP-20793,41,Female,31629,687,0.2,0.5,8,2,8725,Credit Card Refinance,1
APP-20794,46,Female,45382,734,0.48,19.1,7,3,31962,Debt Consolidation,1
APP-20795,45,Female,98230,652,0.251,3.6,7,0,18587,Credit Card Refinance,0
APP-20796,42,Male,73865,747,0.278,5.0,7,0,30524,Home Improvement,0
APP-20797,47,Female,48415,560,0.269,5.6,10,1,18616,Small Business,1
APP-20798,69,Male,75331,774,0.392,2.3,9,0,32920,Debt Consolidation,0
APP-20799,33,Female,56825,553,0.541,6.9,9,0,20523,Small Business,1
APP-20800,53,Female,25759,757,0.322,10.2,6,2,20829,Major Purchase,1
APP-20801,54,Female,45259,548,0.319,2.4,4,0,33577,Major Purchase,1
APP-20802,61,Female,47087,798,0.251,5.4,6,0,12309,Home Improvement,0
APP-20803,55,Male,74527,680,0.125,7.1,8,0,12679,Debt Consolidation,0
APP-20804,21,Female,35898,608,0.263,1.1,9,3,18998,Major Purchase,1
APP-20805,41,Male,29674,791,0.169,2.0,6,0,41341,Small Business,0
APP-20806,68,Female,47808,599,0.094,0.6,3,0,14981,Small Business,1
APP-20807,26,Male,34372,655,0.311,4.6,4,0,20470,Home Improvement,1
APP-20808,48,Female,41030,839,0.255,8.1,5,1,25229,Major Purchase,0
APP-20809,37,Female,46887,695,0.485,4.7,7,0,30791,Credit Card Refinance,1
APP-20810,25,Male,39708,538,0.217,1.0,3,1,25177,Major Purchase,1
APP-20811,51,Male,83262,652,0.4,4.0,3,0,29911,Home Improvement,1
APP-20812,25,Female,106709,646,0.398,9.0,10,0,24108,Major Purchase,1
APP-20813,58,Male,78794,682,0.48,1.8,11,0,18896,Debt Consolidation,1
APP-20814,23,Male,18505,667,0.298,8.9,9,0,9376,Home Improvement,0
APP-20815,43,Male,34437,705,0.478,7.7,10,0,13861,Credit Card Refinance,1
APP-20816,57,Male,44433,570,0.387,0.1,6,2,15092,Small Business,1
APP-20817,57,Female,18000,634,0.457,1.4,8,0,20319,Major Purchase,1
APP-20818,30,Female,30280,690,0.607,3.9,3,0,22224,Small Business,0
APP-20819,30,Male,44121,620,0.305,6.3,5,0,33320,Home Improvement,1
APP-20820,39,Male,38294,741,0.34,10.6,10,0,2000,Small Business,1
APP-20821,37,Male,49254,621,0.277,5.1,14,0,17600,Debt Consolidation,0
APP-20822,41,Male,22937,679,0.505,2.4,6,1,33278,Home Improvement,1
APP-20823,34,Male,38057,663,0.633,1.0,9,0,6970,Home Improvement,1
APP-20824,29,Male,53292,604,0.408,7.1,5,1,12362,Major Purchase,1
APP-20825,66,Male,49296,673,0.127,1.2,5,0,21730,Home Improvement,1
APP-20826,21,Female,62679,584,0.214,5.9,10,1,24959,Debt Consolidation,1
APP-20827,71,Male,60701,641,0.459,1.0,5,0,6931,Major Purchase,1
APP-20828,65,Female,39186,671,0.183,0.5,8,2,30377,Debt Consolidation,1
APP-20829,33,Female,52368,577,0.248,1.4,5,0,22621,Credit Card Refinance,1
APP-20830,24,Female,31571,710,0.244,1.7,6,0,6843,Major Purchase,1
APP-20831,21,Female,42250,686,0.311,5.2,5,0,27229,Home Improvement,1
APP-20832,69,Female,27430,704,0.351,0.9,6,2,26190,Home Improvement,1
APP-20833,60,Female,88078,670,0.093,13.3,8,0,17983,Home Improvement,0
APP-20834,52,Female,42174,595,0.137,4.0,9,0,14330,Credit Card Refinance,0
APP-20835,54,Female,88006,669,0.14,3.4,9,0,8653,Debt Consolidation,0
APP-20836,48,Female,58181,710,0.154,2.9,4,1,14724,Home Improvement,1
APP-20837,51,Female,30118,592,0.322,4.2,6,3,26242,Small Business,1
APP-20838,28,Male,56280,597,0.343,0.1,5,0,4258,Home Improvement,1
APP-20839,59,Male,76522,654,0.442,23.1,5,0,11327,Major Purchase,1
APP-20840,46,Male,46973,645,0.387,4.1,12,0,20321,Major Purchase,1
APP-20841,54,Female,51057,668,0.25,0.2,8,3,23679,Small Business,1
APP-20842,23,Female,36195,651,0.348,4.5,4,0,23361,Credit Card Refinance,1
APP-20843,70,Female,49674,680,0.447,2.9,12,0,11745,Major Purchase,1
APP-20844,32,Female,55873,749,0.293,0.1,7,0,17173,Credit Card Refinance,1
APP-20845,21,Male,35655,704,0.283,12.9,7,0,14319,Credit Card Refinance,1
APP-20846,64,Male,27075,673,0.207,0.1,6,2,20145,Small Business,1
APP-20847,25,Female,99546,598,0.223,4.3,11,1,22633,Major Purchase,1
APP-20848,50,Female,68341,623,0.402,16.3,3,0,16614,Home Improvement,1
APP-20849,50,Female,36271,724,0.32,1.4,6,2,18924,Credit Card Refinance,1
APP-20850,37,Male,55315,639,0.555,1.5,8,2,17999,Credit Card Refinance,1
APP-20851,68,Female,21737,607,0.239,0.0,7,0,5416,Major Purchase,1
APP-20852,67,Female,18000,806,0.411,0.3,8,0,28350,Major Purchase,0
APP-20853,43,Female,88989,769,0.366,0.2,5,0,26285,Small Business,1
APP-20854,35,Female,55617,661,0.309,8.6,11,0,3596,Debt Consolidation,1
APP-20855,57,Female,47751,599,0.268,9.1,6,0,34854,Debt Consolidation,1
APP-20856,41,Male,55712,717,0.392,6.5,10,0,21287,Debt Consolidation,0
APP-20857,34,Female,250000,638,0.385,2.2,3,1,22372,Credit Card Refinance,1
APP-20858,22,Female,79063,727,0.344,8.6,10,2,13985,Small Business,1
APP-20859,31,Female,27584,638,0.371,3.9,5,0,18993,Debt Consolidation,0
APP-20860,71,Female,19453,776,0.324,1.8,8,0,22370,Major Purchase,1
APP-20861,59,Male,87552,636,0.123,2.9,4,0,32571,Credit Card Refinance,0
APP-20862,58,Male,78499,823,0.33,0.3,10,2,9238,Credit Card Refinance,0
APP-20863,54,Female,67257,682,0.288,14.5,13,0,26988,Major Purchase,0
APP-20864,58,Female,31348,759,0.554,4.8,8,0,14633,Small Business,1
APP-20865,70,Female,59862,634,0.396,6.6,8,0,29362,Small Business,1
APP-20866,54,Male,32930,584,0.344,5.6,7,0,6381,Debt Consolidation,1
APP-20867,38,Female,70581,520,0.376,5.5,9,0,17389,Major Purchase,1
APP-20868,50,Female,84158,752,0.197,0.1,8,0,2000,Home Improvement,0
APP-20869,35,Female,36355,674,0.247,3.7,9,0,12727,Small Business,1
APP-20870,47,Male,91353,588,0.28,8.6,4,0,14177,Debt Consolidation,1
APP-20871,71,Female,52217,755,0.367,0.2,8,0,21484,Credit Card Refinance,1
APP-20872,54,Female,64249,745,0.268,15.6,12,0,5443,Small Business,0
APP-20873,58,Male,23853,759,0.26,2.8,7,0,31254,Home Improvement,1
APP-20874,53,Female,55699,582,0.192,1.7,8,0,32640,Credit Card Refinance,1
APP-20875,44,Female,33807,751,0.323,3.8,1,0,19234,Credit Card Refinance,0
APP-20876,35,Female,63643,694,0.34,8.1,5,0,7429,Major Purchase,1
APP-20877,50,Male,109857,762,0.371,3.2,5,0,6638,Major Purchase,0
APP-20878,62,Male,57482,705,0.236,5.2,9,0,18778,Small Business,0
APP-20879,71,Male,29867,681,0.364,3.5,8,0,11661,Home Improvement,0
APP-20880,37,Male,69186,751,0.195,5.0,11,1,28215,Major Purchase,0
APP-20881,25,Male,61143,725,0.294,0.7,3,0,15281,Debt Consolidation,0
APP-20882,49,Female,152090,740,0.356,0.2,12,0,21616,Credit Card Refinance,1
APP-20883,24,Male,56369,638,0.289,0.7,9,2,17533,Debt Consolidation,1
APP-20884,30,Female,35524,658,0.133,1.7,8,0,13686,Credit Card Refinance,0
APP-20885,37,Female,74895,557,0.147,1.5,7,0,11922,Debt Consolidation,1
APP-20886,30,Female,45696,633,0.347,4.8,5,0,8805,Credit Card Refinance,0
APP-20887,37,Female,51232,721,0.39,3.0,5,0,14984,Major Purchase,1
APP-20888,40,Female,29417,706,0.361,0.2,8,0,18547,Debt Consolidation,0
APP-20889,44,Female,45828,606,0.392,0.2,3,0,19833,Small Business,1
APP-20890,25,Male,49858,753,0.286,0.5,4,0,18252,Small Business,1
APP-20891,54,Male,45679,850,0.409,2.2,11,2,16426,Home Improvement,0
APP-20892,26,Female,35419,611,0.36,0.0,4,0,2991,Home Improvement,1
APP-20893,22,Female,57441,656,0.243,3.4,9,0,27305,Home Improvement,0
APP-20894,33,Male,29498,629,0.382,2.2,7,0,5727,Debt Consolidation,1
APP-20895,63,Female,25914,663,0.356,4.1,7,0,22041,Credit Card Refinance,1
APP-20896,63,Female,72420,687,0.521,6.4,6,0,27884,Home Improvement,0
APP-20897,68,Male,68855,624,0.486,1.4,6,0,27577,Major Purchase,1
APP-20898,31,Female,23880,652,0.309,0.9,6,0,24394,Small Business,1
APP-20899,71,Female,18000,675,0.27,1.6,5,0,18596,Small Business,1
APP-20900,67,Male,28146,700,0.507,0.0,7,1,10774,Major Purchase,0
APP-20901,43,Female,45680,765,0.386,0.6,8,0,6815,Small Business,1
APP-20902,36,Male,92493,669,0.299,6.9,8,0,18288,Debt Consolidation,0
APP-20903,51,Female,45070,633,0.081,1.3,12,0,12564,Major Purchase,1
APP-20904,31,Male,32107,715,0.229,25.8,5,0,13899,Debt Consolidation,1
APP-20905,36,Male,53195,696,0.221,0.9,7,0,23532,Small Business,0
APP-20906,28,Female,46041,657,0.302,7.8,13,0,16556,Major Purchase,1
APP-20907,24,Female,22935,701,0.394,6.1,5,1,11989,Major Purchase,1
APP-20908,60,Male,23010,645,0.413,1.9,12,0,41893,Major Purchase,1
APP-20909,24,Male,23353,635,0.5,2.0,6,2,15307,Small Business,1
APP-20910,45,Female,191744,546,0.432,4.1,8,1,24241,Small Business,1
APP-20911,23,Male,78667,648,0.164,9.6,11,0,23551,Small Business,1
APP-20912,52,Male,35364,555,0.444,2.4,4,3,14663,Home Improvement,1
APP-20913,23,Male,90178,628,0.528,0.3,8,0,12477,Home Improvement,1
APP-20914,47,Male,35866,707,0.522,2.3,3,0,4940,Credit Card Refinance,0
APP-20915,49,Female,88552,572,0.174,1.2,10,1,19958,Major Purchase,1
APP-20916,52,Female,51234,657,0.297,14.0,6,3,18284,Small Business,1
APP-20917,70,Male,34119,674,0.435,6.0,4,0,8302,Major Purchase,1
APP-20918,71,Female,71246,654,0.181,0.3,8,0,28147,Debt Consolidation,1
APP-20919,39,Male,52872,638,0.113,1.7,9,0,22997,Debt Consolidation,1
APP-20920,41,Female,61025,691,0.358,0.3,10,0,18160,Small Business,1
APP-20921,25,Female,55189,700,0.239,8.9,4,0,15048,Home Improvement,1
APP-20922,38,Male,54871,670,0.124,11.8,4,0,16287,Credit Card Refinance,0
APP-20923,48,Female,76138,642,0.468,0.6,6,0,8546,Home Improvement,0
APP-20924,62,Female,203026,726,0.34,2.9,9,0,13155,Major Purchase,0
APP-20925,42,Male,97424,584,0.258,13.4,5,0,23786,Home Improvement,1
APP-20926,41,Male,55315,714,0.204,0.8,4,0,16707,Small Business,0
APP-20927,26,Male,41322,697,0.341,1.7,16,0,35132,Home Improvement,1
APP-20928,21,Female,43896,682,0.382,1.8,7,0,13194,Debt Consolidation,0
APP-20929,25,Female,24566,669,0.359,0.2,5,0,17312,Small Business,1
APP-20930,61,Female,70650,547,0.138,0.2,5,0,21846,Small Business,1
APP-20931,32,Female,28051,760,0.377,15.3,10,0,22975,Small Business,0
APP-20932,46,Female,39940,724,0.403,4.2,10,0,15983,Home Improvement,0
APP-20933,66,Female,70876,607,0.279,1.8,6,0,12366,Debt Consolidation,1
APP-20934,54,Female,43022,719,0.445,2.4,8,0,15636,Home Improvement,1
APP-20935,69,Male,37393,682,0.218,6.3,8,0,21455,Major Purchase,0
APP-20936,34,Female,25371,632,0.475,2.3,5,0,15889,Credit Card Refinance,1
APP-20937,46,Female,95123,747,0.336,1.3,9,0,37463,Credit Card Refinance,0
APP-20938,65,Male,30999,641,0.26,0.5,1,0,15708,Credit Card Refinance,1
APP-20939,47,Female,35517,758,0.282,6.5,9,0,19988,Major Purchase,1
APP-20940,29,Male,18298,704,0.44,1.0,7,1,18332,Major Purchase,1
APP-20941,46,Male,48488,732,0.348,0.4,5,0,16310,Major Purchase,1
APP-20942,67,Female,40810,707,0.397,2.8,16,0,25015,Debt Consolidation,0
APP-20943,42,Male,54177,704,0.449,0.2,4,1,9908,Small Business,1
APP-20944,67,Male,25692,683,0.257,16.8,8,0,36940,Major Purchase,0
APP-20945,50,Male,73408,622,0.335,4.9,7,0,12576,Credit Card Refinance,1
APP-20946,63,Female,18000,674,0.293,0.8,8,0,21809,Credit Card Refinance,1
APP-20947,68,Male,46597,729,0.442,0.9,6,1,19692,Home Improvement,1
APP-20948,37,Female,52235,716,0.274,4.2,12,0,17840,Small Business,1
APP-20949,46,Male,50603,702,0.326,2.2,9,0,28569,Major Purchase,0
APP-20950,56,Female,53464,533,0.595,7.4,6,0,33568,Small Business,1
APP-20951,21,Female,75642,656,0.474,3.9,11,0,11761,Major Purchase,1
APP-20952,28,Male,101578,649,0.196,2.8,6,1,11920,Credit Card Refinance,1
APP-20953,69,Male,44999,598,0.428,16.5,10,2,22337,Small Business,1
APP-20954,55,Male,28787,728,0.403,2.5,9,0,17613,Small Business,1
APP-20955,35,Female,66728,538,0.188,2.6,5,0,14016,Major Purchase,1
APP-20956,67,Male,42018,724,0.307,5.5,8,1,15735,Major Purchase,0
APP-20957,42,Male,98276,756,0.206,8.3,9,0,14009,Small Business,0
APP-20958,34,Male,35204,656,0.05,4.9,10,0,9040,Major Purchase,0
APP-20959,46,Male,30579,665,0.302,6.0,7,0,20178,Small Business,0
APP-20960,48,Male,53055,732,0.259,2.3,9,0,18419,Home Improvement,1
APP-20961,43,Female,18821,620,0.188,3.3,7,0,14375,Small Business,1
APP-20962,34,Female,37907,712,0.319,1.1,15,0,2772,Debt Consolidation,0
APP-20963,44,Male,40887,610,0.066,5.7,6,0,15344,Small Business,0
APP-20964,22,Female,55340,590,0.325,1.3,9,0,33678,Home Improvement,1
APP-20965,65,Male,28340,689,0.322,0.0,3,0,15333,Home Improvement,1
APP-20966,46,Female,30220,668,0.401,13.6,8,1,15585,Credit Card Refinance,1
APP-20967,34,Female,92623,558,0.128,1.8,9,1,14135,Credit Card Refinance,1
APP-20968,71,Female,48659,761,0.577,1.1,7,0,22954,Debt Consolidation,1
APP-20969,27,Female,78869,643,0.531,1.6,3,0,26590,Major Purchase,1
APP-20970,23,Male,36388,703,0.227,2.0,9,1,12755,Major Purchase,0
APP-20971,67,Female,47574,774,0.495,3.2,7,1,5962,Home Improvement,1
APP-20972,43,Female,55160,686,0.423,0.4,10,0,15273,Home Improvement,1
APP-20973,66,Male,128175,752,0.267,0.3,9,0,13800,Credit Card Refinance,0
APP-20974,63,Female,43491,613,0.247,1.7,7,0,16331,Home Improvement,1
APP-20975,67,Male,44736,762,0.256,1.8,7,0,27551,Small Business,1
APP-20976,65,Female,89678,616,0.65,0.6,8,0,9812,Small Business,1
APP-20977,38,Male,39779,632,0.483,2.6,3,0,21375,Debt Consolidation,1
APP-20978,58,Male,57328,575,0.296,1.7,4,0,21428,Small Business,1
APP-20979,55,Female,85479,687,0.306,0.1,10,0,22031,Debt Consolidation,0
APP-20980,71,Female,35713,711,0.422,10.8,6,0,23564,Credit Card Refinance,1
APP-20981,35,Male,59115,719,0.416,10.9,5,2,2889,Small Business,1
APP-20982,45,Male,128034,576,0.205,1.2,6,0,22838,Debt Consolidation,1
APP-20983,57,Female,81366,694,0.356,0.9,6,0,17918,Major Purchase,1
APP-20984,48,Male,57337,696,0.254,4.0,6,1,12481,Debt Consolidation,1
APP-20985,30,Male,43330,709,0.338,5.0,4,0,31226,Small Business,0
APP-20986,59,Female,35158,619,0.314,15.8,8,0,25142,Debt Consolidation,1
APP-20987,37,Female,28466,507,0.442,2.4,14,0,11515,Credit Card Refinance,1
APP-20988,59,Male,112453,715,0.288,4.8,9,0,14188,Home Improvement,1
APP-20989,42,Female,101063,660,0.334,10.5,6,0,26638,Major Purchase,0
APP-20990,46,Female,34152,688,0.095,3.0,10,0,17754,Credit Card Refinance,1
APP-20991,64,Female,59025,663,0.359,0.7,5,0,7622,Major Purchase,1
APP-20992,45,Female,52116,685,0.227,2.4,8,1,32057,Major Purchase,1
APP-20993,37,Male,94035,717,0.138,0.7,11,1,16035,Debt Consolidation,1
APP-20994,33,Male,60508,549,0.455,0.1,3,0,18242,Home Improvement,1
APP-20995,40,Male,48409,744,0.315,7.0,2,0,21673,Debt Consolidation,0
APP-20996,45,Female,36390,658,0.071,1.4,5,0,11310,Debt Consolidation,1
APP-20997,24,Male,59129,775,0.226,0.0,10,0,28374,Small Business,0
APP-20998,30,Female,40477,640,0.321,10.3,8,1,10574,Debt Consolidation,1
APP-20999,23,Male,55346,625,0.324,2.9,9,1,19922,Home Improvement,1
APP-21000,61,Male,47014,660,0.26,1.4,11,0,13787,Credit Card Refinance,1
APP-21001,65,Female,39939,702,0.05,1.5,7,0,26521,Debt Consolidation,0
APP-21002,38,Male,28709,652,0.254,1.4,8,0,22542,Home Improvement,1
APP-21003,67,Male,65043,707,0.449,1.1,11,1,16577,Debt Consolidation,0
APP-21004,56,Female,50182,644,0.488,9.2,10,0,5590,Major Purchase,0
APP-21005,67,Male,131016,672,0.247,0.9,6,0,21021,Debt Consolidation,0
APP-21006,42,Female,27783,815,0.546,4.1,5,2,19161,Small Business,1
APP-21007,54,Female,69141,693,0.126,0.4,11,2,5651,Major Purchase,1
APP-21008,67,Male,46842,698,0.223,14.9,12,0,19635,Home Improvement,1
APP-21009,28,Female,155572,574,0.427,4.6,7,0,23269,Debt Consolidation,1
APP-21010,60,Male,66299,758,0.408,11.7,7,0,18516,Major Purchase,1
APP-21011,69,Male,58605,739,0.319,2.5,2,0,14020,Major Purchase,0
APP-21012,64,Male,46908,623,0.186,8.3,14,0,28982,Credit Card Refinance,1
APP-21013,39,Male,33299,738,0.185,9.6,7,0,32603,Major Purchase,0
APP-21014,62,Female,58178,691,0.233,6.1,9,0,9094,Home Improvement,1
APP-21015,61,Male,22919,673,0.191,0.5,8,0,26240,Debt Consolidation,1
APP-21016,57,Female,23506,753,0.336,0.1,3,1,21423,Major Purchase,1
APP-21017,26,Female,85548,636,0.309,0.9,4,0,13122,Home Improvement,0
APP-21018,46,Female,18598,623,0.181,0.6,5,0,16304,Credit Card Refinance,1
APP-21019,54,Male,41119,683,0.277,6.5,6,0,16665,Debt Consolidation,1
APP-21020,65,Male,27528,704,0.05,4.1,7,3,26402,Small Business,1
APP-21021,26,Female,39286,732,0.361,3.7,8,0,14449,Major Purchase,1
APP-21022,57,Male,54257,660,0.406,1.5,11,0,3351,Major Purchase,1
APP-21023,53,Male,84246,614,0.211,0.8,4,0,16293,Credit Card Refinance,1
APP-21024,42,Male,95769,834,0.226,1.2,7,0,25492,Home Improvement,0
APP-21025,41,Male,29571,599,0.351,2.6,8,0,27495,Credit Card Refinance,1
APP-21026,26,Female,37938,673,0.333,6.7,6,0,14704,Home Improvement,0
APP-21027,26,Male,250000,720,0.413,1.5,4,0,21811,Debt Consolidation,0
APP-21028,68,Male,42722,744,0.227,6.0,8,0,27643,Major Purchase,0
APP-21029,24,Male,30175,633,0.241,3.4,9,3,23227,Small Business,1
APP-21030,50,Female,33067,548,0.294,10.8,13,0,34521,Credit Card Refinance,0
APP-21031,31,Female,42861,631,0.192,1.3,8,0,29144,Small Business,1
APP-21032,50,Male,39497,725,0.291,3.0,12,0,14553,Small Business,0
APP-21033,51,Female,43092,711,0.194,0.5,8,0,17203,Major Purchase,1
APP-21034,44,Female,48446,713,0.37,2.0,7,1,31578,Major Purchase,1
APP-21035,29,Female,48260,716,0.208,3.5,6,0,8627,Small Business,0
APP-21036,23,Female,28983,757,0.35,6.6,5,0,17456,Debt Consolidation,1
APP-21037,71,Male,60061,619,0.495,1.1,3,0,33222,Small Business,1
APP-21038,51,Male,52395,592,0.371,1.2,12,1,34247,Home Improvement,1
APP-21039,60,Male,64416,694,0.341,5.0,6,2,20354,Home Improvement,1
APP-21040,57,Male,19092,601,0.156,2.4,7,0,4667,Home Improvement,0
APP-21041,56,Female,53437,588,0.487,3.3,6,0,15141,Home Improvement,1
APP-21042,44,Male,18000,749,0.454,9.0,2,0,23783,Credit Card Refinance,0
APP-21043,51,Male,44508,686,0.301,3.5,5,0,11660,Debt Consolidation,0
APP-21044,26,Female,70394,671,0.274,5.3,6,0,36760,Credit Card Refinance,1
APP-21045,22,Female,87131,673,0.222,5.3,14,0,16117,Credit Card Refinance,0
APP-21046,40,Male,58921,663,0.535,8.1,10,0,28639,Home Improvement,1
APP-21047,48,Male,71073,749,0.414,5.1,7,0,17035,Debt Consolidation,0
APP-21048,31,Male,41587,571,0.229,0.3,9,0,20486,Debt Consolidation,1
APP-21049,24,Female,37047,568,0.452,2.1,5,0,17983,Small Business,1
APP-21050,35,Male,215564,609,0.481,22.7,2,2,13497,Credit Card Refinance,1
APP-21051,26,Male,77260,688,0.317,1.1,8,0,14793,Debt Consolidation,0
APP-21052,69,Male,25715,787,0.279,4.4,10,0,23605,Major Purchase,1
APP-21053,50,Male,18881,726,0.201,9.3,10,1,16307,Credit Card Refinance,1
APP-21054,58,Female,37957,708,0.405,4.4,4,0,14478,Debt Consolidation,1
APP-21055,71,Male,94421,664,0.269,2.3,7,0,22910,Major Purchase,1
APP-21056,22,Male,50352,583,0.264,0.4,5,0,30236,Major Purchase,0
APP-21057,35,Female,18000,703,0.319,2.2,7,0,31716,Major Purchase,1
APP-21058,31,Female,44466,801,0.222,1.0,7,0,10040,Home Improvement,0
APP-21059,28,Male,48956,654,0.503,16.2,10,0,11785,Small Business,1
APP-21060,46,Female,18000,633,0.436,6.3,6,3,28377,Small Business,1
APP-21061,71,Female,49676,654,0.329,6.9,6,0,14046,Debt Consolidation,1
APP-21062,65,Female,28075,708,0.218,2.9,8,0,16101,Debt Consolidation,1
APP-21063,64,Male,18000,677,0.224,0.6,9,0,7216,Small Business,0
APP-21064,25,Female,118477,729,0.219,1.6,4,0,23740,Major Purchase,1
APP-21065,26,Male,27400,667,0.172,1.5,4,0,17760,Debt Consolidation,1
APP-21066,46,Male,33961,654,0.359,3.3,10,0,26494,Home Improvement,1
APP-21067,24,Male,33714,684,0.243,3.1,7,0,24433,Home Improvement,0
APP-21068,39,Male,49081,634,0.236,2.8,8,0,26420,Small Business,1
APP-21069,40,Female,129504,783,0.222,3.4,2,1,26516,Debt Consolidation,1
APP-21070,53,Male,25389,723,0.44,21.7,3,0,14906,Debt Consolidation,0
APP-21071,40,Male,41409,598,0.229,1.8,6,0,17892,Major Purchase,1
APP-21072,69,Female,52390,621,0.472,4.8,7,0,19635,Debt Consolidation,0
APP-21073,32,Male,30398,706,0.285,1.4,9,1,18861,Small Business,1
APP-21074,67,Male,41044,681,0.171,3.1,5,1,23498,Debt Consolidation,1
APP-21075,21,Male,67980,689,0.376,1.1,8,2,14309,Debt Consolidation,1
APP-21076,46,Male,32349,657,0.426,4.1,14,3,20521,Home Improvement,1
APP-21077,34,Male,40690,699,0.217,1.5,13,3,13384,Small Business,1
APP-21078,58,Female,38667,659,0.328,0.2,9,0,20029,Credit Card Refinance,1
APP-21079,57,Male,46300,706,0.358,8.4,11,0,20935,Small Business,0
APP-21080,31,Male,56035,720,0.331,0.7,6,0,8575,Small Business,1
APP-21081,56,Female,67684,774,0.265,2.3,6,0,20832,Credit Card Refinance,0
APP-21082,33,Female,142294,636,0.426,3.2,8,0,28921,Credit Card Refinance,0
APP-21083,63,Male,18000,669,0.29,2.8,12,1,26531,Home Improvement,1
APP-21084,23,Female,44709,590,0.247,6.5,11,0,8565,Major Purchase,1
APP-21085,53,Male,23145,788,0.108,4.5,3,1,7887,Small Business,0
APP-21086,26,Male,39657,541,0.109,1.8,5,0,22204,Small Business,1
APP-21087,70,Male,79576,779,0.346,0.3,5,0,19216,Small Business,0
APP-21088,30,Male,94729,676,0.311,7.3,10,0,16787,Small Business,0
APP-21089,25,Female,97206,697,0.426,2.2,10,1,2000,Home Improvement,0
APP-21090,43,Male,96704,659,0.456,11.0,6,0,9788,Small Business,1
APP-21091,30,Female,44548,672,0.291,2.5,3,0,28325,Credit Card Refinance,1
APP-21092,64,Male,105787,708,0.434,6.3,5,0,21368,Credit Card Refinance,1
APP-21093,22,Female,117979,563,0.253,14.0,8,0,33900,Debt Consolidation,1
APP-21094,33,Female,52909,627,0.302,5.3,7,1,24940,Home Improvement,1
APP-21095,60,Female,93665,615,0.299,2.7,5,0,20638,Debt Consolidation,1
APP-21096,22,Male,50145,699,0.509,4.2,9,0,5455,Small Business,1
APP-21097,40,Female,106470,670,0.167,3.9,5,0,20683,Home Improvement,1
APP-21098,21,Male,44850,710,0.327,4.4,13,1,17279,Home Improvement,0
APP-21099,57,Female,35058,680,0.236,0.8,5,1,8989,Major Purchase,1
APP-21100,29,Female,26476,738,0.284,6.0,4,0,28374,Major Purchase,1
APP-21101,37,Female,44556,621,0.279,0.8,5,1,18495,Debt Consolidation,0
APP-21102,29,Male,51349,673,0.329,0.1,12,0,21327,Debt Consolidation,0
APP-21103,31,Male,29137,742,0.482,4.9,7,0,11380,Credit Card Refinance,1
APP-21104,35,Male,42720,729,0.548,0.6,9,0,20895,Credit Card Refinance,1
APP-21105,44,Male,36695,573,0.399,7.4,10,1,16708,Credit Card Refinance,1
APP-21106,58,Female,27110,603,0.203,10.0,7,0,36262,Home Improvement,1
APP-21107,55,Female,86659,664,0.299,14.5,2,3,13586,Small Business,1
APP-21108,50,Female,95468,654,0.351,5.5,5,0,12425,Debt Consolidation,1
APP-21109,51,Male,86447,665,0.271,3.3,5,0,20045,Credit Card Refinance,0
APP-21110,69,Female,46803,721,0.287,2.2,5,0,16180,Home Improvement,0
APP-21111,25,Female,48421,688,0.311,3.4,10,1,19908,Major Purchase,1
APP-21112,64,Female,27316,692,0.413,1.1,8,0,31138,Small Business,1
APP-21113,70,Female,61577,713,0.384,2.1,8,0,10189,Major Purchase,1
APP-21114,34,Male,53814,739,0.247,6.3,4,0,18904,Major Purchase,0
APP-21115,31,Female,234256,471,0.391,1.2,9,0,12997,Small Business,1
APP-21116,29,Male,89134,644,0.527,1.5,13,0,12669,Home Improvement,1
APP-21117,54,Male,58301,612,0.138,6.9,8,0,16898,Major Purchase,0
APP-21118,32,Male,47911,700,0.268,1.0,5,0,18083,Home Improvement,0
APP-21119,55,Female,85026,639,0.258,1.4,10,0,32241,Major Purchase,0
APP-21120,55,Female,29624,674,0.33,0.1,8,0,13812,Credit Card Refinance,1
APP-21121,21,Female,91747,725,0.101,6.4,7,0,16019,Small Business,0
APP-21122,60,Female,26958,630,0.483,4.8,9,0,3113,Debt Consolidation,1
APP-21123,42,Male,35995,693,0.326,5.9,4,0,21642,Small Business,1
APP-21124,49,Male,18000,770,0.356,1.2,5,0,18975,Major Purchase,1
APP-21125,28,Male,68716,724,0.342,5.8,5,0,22759,Major Purchase,0
APP-21126,31,Male,56244,566,0.258,4.5,6,0,19930,Credit Card Refinance,1
APP-21127,61,Male,35996,651,0.404,2.3,6,0,3503,Credit Card Refinance,1
APP-21128,57,Male,29406,693,0.321,2.9,9,0,31883,Small Business,1
APP-21129,34,Male,104641,705,0.07,4.2,1,0,20418,Debt Consolidation,1
APP-21130,50,Female,45547,653,0.307,3.4,4,0,20967,Small Business,0
APP-21131,55,Male,32144,628,0.287,5.1,9,0,32080,Debt Consolidation,1
APP-21132,41,Female,141077,674,0.404,1.0,9,0,14094,Home Improvement,1
APP-21133,57,Female,34153,599,0.644,3.9,2,0,6921,Major Purchase,1
APP-21134,25,Male,91696,741,0.365,3.0,9,0,9295,Home Improvement,0
APP-21135,39,Male,26028,791,0.574,3.1,8,0,17737,Small Business,0
APP-21136,34,Male,40327,695,0.238,3.2,11,0,17088,Debt Consolidation,1
APP-21137,46,Male,64618,654,0.245,10.7,5,0,31008,Debt Consolidation,1
APP-21138,24,Female,47485,731,0.29,8.5,4,0,21119,Home Improvement,1
APP-21139,45,Male,56053,720,0.371,5.0,8,0,6364,Credit Card Refinance,1
APP-21140,65,Male,36447,652,0.243,6.3,4,0,12550,Credit Card Refinance,0
APP-21141,62,Male,20357,666,0.127,0.2,7,0,13239,Home Improvement,1
APP-21142,45,Female,109761,630,0.323,6.8,9,1,15873,Credit Card Refinance,0
APP-21143,38,Female,37691,680,0.183,3.3,7,3,12394,Debt Consolidation,1
APP-21144,60,Female,57466,689,0.454,1.9,8,1,8258,Small Business,1
APP-21145,28,Male,72119,619,0.397,0.8,9,0,19193,Credit Card Refinance,1
APP-21146,59,Female,58093,600,0.229,0.4,5,2,14333,Debt Consolidation,1
APP-21147,60,Female,33198,583,0.375,0.2,4,0,7909,Small Business,1
APP-21148,34,Female,92769,697,0.254,0.9,6,0,30833,Debt Consolidation,1
APP-21149,52,Female,65024,669,0.314,0.2,10,0,17487,Major Purchase,0
APP-21150,71,Male,54683,664,0.315,6.6,7,0,33921,Small Business,0
APP-21151,58,Female,53990,700,0.28,1.4,7,0,27012,Major Purchase,1
APP-21152,53,Female,123654,611,0.42,2.3,3,0,14310,Credit Card Refinance,1
APP-21153,43,Male,32809,600,0.186,8.7,8,0,32768,Credit Card Refinance,0
APP-21154,35,Male,61598,685,0.384,0.6,8,0,26844,Debt Consolidation,0
APP-21155,53,Female,36653,557,0.357,9.0,7,0,13381,Home Improvement,1
APP-21156,45,Male,18000,653,0.151,5.1,9,0,15480,Debt Consolidation,0
APP-21157,37,Female,18000,830,0.225,2.1,8,0,20390,Major Purchase,0
APP-21158,53,Female,28055,582,0.189,0.6,12,0,16279,Small Business,1
APP-21159,67,Female,34127,642,0.276,0.5,7,1,26250,Home Improvement,1
APP-21160,22,Male,161962,532,0.326,2.0,5,0,21141,Debt Consolidation,1
APP-21161,34,Female,71977,654,0.209,0.8,3,0,26393,Major Purchase,1
APP-21162,60,Male,75628,797,0.436,1.6,9,0,23071,Major Purchase,1
APP-21163,60,Male,34530,700,0.447,0.3,6,0,12564,Credit Card Refinance,0
APP-21164,71,Male,50702,630,0.468,4.5,8,1,5081,Debt Consolidation,1
APP-21165,59,Female,174274,811,0.05,0.8,8,0,12163,Debt Consolidation,0
APP-21166,71,Male,25136,556,0.554,7.1,6,0,34900,Major Purchase,1
APP-21167,26,Female,63002,699,0.34,1.2,9,0,25838,Debt Consolidation,1
APP-21168,26,Female,118920,674,0.326,8.0,8,1,18953,Credit Card Refinance,1
APP-21169,23,Female,83388,653,0.308,1.1,5,0,29119,Home Improvement,1
APP-21170,27,Female,132038,722,0.161,6.4,7,0,18264,Major Purchase,0
APP-21171,71,Male,55109,593,0.363,2.0,6,0,18908,Credit Card Refinance,0
APP-21172,28,Female,68315,690,0.513,4.4,8,0,21073,Credit Card Refinance,0
APP-21173,62,Male,52071,682,0.338,0.2,8,0,14712,Small Business,0
APP-21174,35,Female,65731,613,0.186,3.4,8,0,10889,Home Improvement,1
APP-21175,67,Male,29632,796,0.137,0.8,7,0,21497,Credit Card Refinance,0
APP-21176,49,Male,75795,658,0.285,3.3,11,0,18168,Small Business,1
APP-21177,53,Female,57632,660,0.231,0.8,7,0,16100,Small Business,1
APP-21178,50,Male,50739,603,0.404,2.9,6,0,22286,Debt Consolidation,1
APP-21179,59,Male,128093,659,0.484,0.6,6,0,14982,Credit Card Refinance,0
APP-21180,47,Female,42363,821,0.376,1.2,9,0,24307,Major Purchase,1
APP-21181,56,Female,95253,653,0.31,4.5,8,0,8353,Debt Consolidation,1
APP-21182,49,Female,100609,703,0.304,18.8,3,0,7795,Home Improvement,0
APP-21183,58,Male,78476,731,0.329,3.0,8,0,7441,Major Purchase,0
APP-21184,53,Female,28830,658,0.181,5.8,6,0,18092,Major Purchase,1
APP-21185,57,Male,59724,643,0.392,3.9,9,0,7244,Small Business,0
APP-21186,47,Female,143941,700,0.19,3.4,5,0,31932,Credit Card Refinance,1
APP-21187,53,Female,18030,654,0.454,0.3,10,0,31632,Small Business,1
APP-21188,24,Female,44213,648,0.276,0.8,9,1,21168,Small Business,1
APP-21189,42,Male,92899,731,0.42,10.7,5,0,25417,Credit Card Refinance,0
APP-21190,22,Male,46008,665,0.143,2.6,6,0,11186,Credit Card Refinance,1
APP-21191,30,Male,76530,748,0.419,4.8,10,0,27270,Credit Card Refinance,0
APP-21192,25,Male,106410,664,0.484,3.8,7,0,15559,Small Business,0
APP-21193,30,Male,55692,584,0.166,2.4,6,0,17598,Credit Card Refinance,1
APP-21194,53,Female,64857,450,0.306,2.5,9,3,16444,Credit Card Refinance,1
APP-21195,58,Male,51561,550,0.36,4.1,5,0,12301,Major Purchase,1
APP-21196,33,Female,57745,561,0.366,0.8,6,0,22665,Small Business,1
APP-21197,51,Male,155816,687,0.279,2.4,7,0,13672,Credit Card Refinance,0
APP-21198,67,Female,47326,606,0.258,3.0,7,0,15894,Small Business,1
APP-21199,56,Female,40366,541,0.35,21.0,11,0,2000,Home Improvement,1
APP-21200,65,Male,86939,661,0.362,2.2,4,0,20999,Debt Consolidation,1
APP-21201,44,Male,30834,599,0.245,5.2,8,0,17177,Major Purchase,0
APP-21202,35,Female,34958,700,0.221,0.7,4,1,10486,Major Purchase,0
APP-21203,49,Male,35080,698,0.465,0.3,8,0,16092,Small Business,0
APP-21204,28,Female,42585,705,0.333,10.3,4,0,14273,Credit Card Refinance,0
APP-21205,25,Female,43620,503,0.05,6.6,11,0,5632,Small Business,1
APP-21206,49,Female,72006,672,0.466,1.9,6,0,30988,Debt Consolidation,1
APP-21207,67,Male,40607,662,0.248,3.5,10,0,29328,Major Purchase,1
APP-21208,24,Female,73622,590,0.328,0.7,8,0,23709,Major Purchase,1
APP-21209,32,Female,78849,531,0.365,6.1,2,1,27992,Debt Consolidation,1
APP-21210,65,Female,34220,662,0.142,0.4,4,0,14014,Small Business,1
APP-21211,22,Male,77923,739,0.285,7.1,5,1,17928,Major Purchase,1
APP-21212,47,Female,81910,502,0.478,4.0,7,0,13718,Credit Card Refinance,1
APP-21213,51,Male,18610,615,0.451,1.6,12,0,20014,Small Business,0
APP-21214,71,Female,57607,678,0.285,9.9,5,2,25634,Credit Card Refinance,1
APP-21215,71,Male,37103,743,0.406,21.4,11,0,17399,Home Improvement,0
APP-21216,56,Female,100376,649,0.422,1.5,10,1,7691,Debt Consolidation,0
APP-21217,56,Male,36896,795,0.416,8.2,5,0,21317,Major Purchase,0
APP-21218,46,Female,23465,553,0.182,6.9,9,0,13160,Debt Consolidation,1
APP-21219,63,Female,48223,538,0.517,6.9,6,0,25467,Debt Consolidation,1
APP-21220,47,Female,29931,736,0.264,15.8,8,0,32997,Credit Card Refinance,1
APP-21221,25,Male,78219,517,0.333,3.3,9,1,26530,Major Purchase,1
APP-21222,40,Male,31421,699,0.278,5.6,6,1,16274,Home Improvement,0
APP-21223,31,Female,48551,650,0.348,8.7,4,0,18916,Debt Consolidation,1
APP-21224,30,Male,114713,611,0.216,3.3,12,0,17235,Credit Card Refinance,1
APP-21225,60,Female,89696,642,0.293,3.3,4,0,10814,Credit Card Refinance,1
APP-21226,58,Female,63755,586,0.342,1.9,5,0,13757,Major Purchase,1
APP-21227,26,Female,45699,649,0.467,7.6,9,2,16782,Small Business,1
APP-21228,28,Male,60511,671,0.452,5.8,7,0,16217,Small Business,1
APP-21229,43,Female,71606,642,0.459,3.0,4,0,8205,Home Improvement,0
APP-21230,67,Female,28491,631,0.424,2.7,7,0,18361,Credit Card Refinance,0
APP-21231,46,Male,78294,686,0.542,0.4,11,0,17531,Small Business,1
APP-21232,66,Female,26744,777,0.285,0.0,6,0,2000,Debt Consolidation,0
APP-21233,63,Male,67161,652,0.301,3.8,5,0,17008,Home Improvement,0
APP-21234,32,Male,26667,723,0.296,2.7,8,2,2000,Debt Consolidation,1
APP-21235,46,Male,144283,607,0.313,7.9,9,0,9855,Small Business,0
APP-21236,33,Male,74595,583,0.148,3.9,4,0,8533,Credit Card Refinance,1
APP-21237,60,Female,20830,699,0.352,13.8,9,1,16145,Small Business,0
APP-21238,38,Male,48995,654,0.38,1.1,7,1,12543,Home Improvement,1
APP-21239,45,Male,36798,743,0.289,23.1,4,0,15302,Home Improvement,0
APP-21240,53,Male,34480,756,0.109,1.8,7,0,33183,Debt Consolidation,0
APP-21241,67,Female,53151,724,0.323,5.1,5,0,10263,Debt Consolidation,0
APP-21242,60,Female,29425,723,0.165,3.5,7,2,26796,Home Improvement,1
APP-21243,63,Male,74518,450,0.371,2.2,5,0,22790,Debt Consolidation,1
APP-21244,32,Male,72226,698,0.334,0.8,10,0,21058,Major Purchase,0
APP-21245,64,Female,59473,726,0.346,0.7,5,1,27856,Home Improvement,1
APP-21246,56,Male,48497,587,0.193,6.2,12,3,14356,Debt Consolidation,1
APP-21247,68,Male,70467,670,0.471,2.4,7,0,16807,Small Business,1
APP-21248,24,Male,75755,602,0.34,16.3,6,0,11224,Credit Card Refinance,0
APP-21249,25,Female,62956,736,0.21,2.0,6,0,2000,Major Purchase,0
APP-21250,57,Male,23824,607,0.39,20.5,5,0,18835,Major Purchase,1
APP-21251,28,Male,31773,618,0.332,1.1,7,0,31767,Credit Card Refinance,1
APP-21252,62,Male,42301,639,0.54,0.5,13,0,6931,Credit Card Refinance,1
APP-21253,69,Female,21770,816,0.254,1.9,10,0,7730,Small Business,0
APP-21254,48,Male,55448,735,0.17,10.8,10,1,20398,Credit Card Refinance,1
APP-21255,51,Female,106516,774,0.355,3.7,7,2,16194,Major Purchase,1
APP-21256,29,Male,97580,552,0.441,0.7,6,1,30013,Small Business,1
APP-21257,71,Male,73629,587,0.599,1.1,4,0,13913,Credit Card Refinance,1
APP-21258,49,Female,73148,757,0.65,1.9,6,0,30258,Small Business,1
APP-21259,34,Male,165779,555,0.134,4.5,4,0,21558,Small Business,0
APP-21260,60,Female,77973,626,0.304,2.0,5,0,27042,Debt Consolidation,1
APP-21261,61,Female,81560,803,0.171,6.9,8,0,11573,Credit Card Refinance,0
APP-21262,42,Female,22216,607,0.29,4.8,7,1,16220,Debt Consolidation,1
APP-21263,31,Male,102032,551,0.617,10.4,6,0,19303,Major Purchase,1
APP-21264,43,Female,61033,673,0.222,3.5,7,0,20821,Small Business,1
APP-21265,21,Male,46916,554,0.317,2.0,6,0,12168,Major Purchase,1
APP-21266,66,Female,40937,750,0.25,28.0,9,1,13976,Small Business,1
APP-21267,57,Female,36252,611,0.2,2.2,2,0,30324,Credit Card Refinance,1
APP-21268,41,Female,97853,598,0.535,2.8,9,0,25219,Home Improvement,1
APP-21269,46,Male,48262,671,0.135,8.3,6,0,8161,Credit Card Refinance,1
APP-21270,66,Female,36996,643,0.31,0.5,6,0,20113,Small Business,1
APP-21271,56,Male,32069,686,0.331,2.4,15,0,27670,Home Improvement,1
APP-21272,43,Female,53843,703,0.316,0.4,4,0,12139,Home Improvement,1
APP-21273,21,Male,40223,655,0.282,0.8,5,0,22229,Credit Card Refinance,0
APP-21274,71,Male,35480,594,0.514,0.0,6,1,22564,Major Purchase,1
APP-21275,60,Female,22921,717,0.067,0.0,9,0,4484,Credit Card Refinance,1
APP-21276,35,Female,83087,624,0.372,2.4,7,0,11792,Small Business,1
APP-21277,41,Male,45437,613,0.378,8.3,9,0,13780,Major Purchase,1
APP-21278,67,Female,26987,679,0.354,4.4,9,0,18001,Small Business,1
APP-21279,29,Male,42227,544,0.22,5.0,11,0,13602,Major Purchase,1
APP-21280,29,Male,66305,695,0.465,3.7,12,0,21142,Debt Consolidation,1
APP-21281,30,Male,49804,682,0.459,8.6,10,0,15437,Major Purchase,1
APP-21282,46,Male,54450,742,0.216,10.6,4,0,5524,Debt Consolidation,0
APP-21283,61,Male,50181,637,0.176,9.5,6,2,2000,Small Business,1
APP-21284,55,Female,24287,756,0.153,8.4,4,1,13693,Credit Card Refinance,1
APP-21285,45,Male,82592,704,0.347,1.0,7,2,19235,Small Business,1
APP-21286,46,Male,19157,668,0.326,4.5,5,0,17962,Credit Card Refinance,0
APP-21287,31,Female,63186,788,0.277,4.4,7,1,9327,Debt Consolidation,1
APP-21288,58,Male,68772,676,0.57,3.8,3,0,24664,Credit Card Refinance,1
APP-21289,22,Male,43437,636,0.265,3.3,9,0,14812,Small Business,0
APP-21290,27,Female,59538,678,0.342,0.5,6,1,24809,Small Business,1
APP-21291,38,Female,42090,634,0.297,0.5,8,0,25120,Small Business,0
APP-21292,47,Female,59935,694,0.556,11.6,10,0,24561,Major Purchase,1
APP-21293,54,Female,84635,755,0.081,5.0,5,1,23116,Small Business,0
APP-21294,47,Female,31708,669,0.283,1.5,10,2,8486,Major Purchase,0
APP-21295,37,Male,71017,675,0.394,1.6,8,0,16378,Home Improvement,1
APP-21296,63,Female,124345,721,0.293,4.7,5,0,29929,Debt Consolidation,0
APP-21297,64,Male,56698,747,0.163,2.6,8,0,16021,Home Improvement,0
APP-21298,71,Female,37171,640,0.341,2.9,10,0,5678,Home Improvement,1
APP-21299,44,Male,170208,681,0.125,0.3,11,2,23726,Major Purchase,1
APP-21300,45,Female,51471,722,0.4,0.7,6,3,22299,Major Purchase,1
APP-21301,27,Male,55678,691,0.27,2.5,16,0,17117,Debt Consolidation,1
APP-21302,26,Female,56320,548,0.25,6.0,4,0,15710,Debt Consolidation,1
APP-21303,44,Male,62713,733,0.446,0.2,7,0,19850,Debt Consolidation,0
APP-21304,53,Female,40685,703,0.2,2.0,7,1,24017,Small Business,1
APP-21305,69,Female,54420,708,0.135,5.9,7,1,18633,Small Business,0
APP-21306,49,Male,82760,592,0.211,7.9,4,0,22646,Debt Consolidation,1
APP-21307,63,Female,39919,679,0.566,1.1,8,0,31331,Major Purchase,1
APP-21308,42,Female,38909,724,0.2,6.6,7,0,15832,Home Improvement,0
APP-21309,46,Female,41745,612,0.364,15.6,4,0,39513,Debt Consolidation,1
APP-21310,48,Male,26801,629,0.421,11.9,6,0,32524,Debt Consolidation,1
APP-21311,70,Male,33672,725,0.207,7.8,8,0,14214,Home Improvement,0
APP-21312,41,Male,32926,626,0.207,6.2,11,0,34322,Credit Card Refinance,1
APP-21313,69,Male,49006,656,0.342,1.3,8,0,13727,Debt Consolidation,1
APP-21314,27,Female,77643,602,0.347,5.0,5,2,37501,Debt Consolidation,1
APP-21315,37,Male,109047,788,0.482,5.2,11,1,15945,Small Business,1
APP-21316,40,Female,50587,703,0.228,2.6,3,0,22116,Home Improvement,1
APP-21317,61,Male,63010,653,0.275,3.4,4,0,21961,Debt Consolidation,1
APP-21318,69,Female,56042,641,0.65,5.9,4,0,14940,Debt Consolidation,0
APP-21319,40,Female,18000,590,0.105,15.2,6,0,21594,Credit Card Refinance,1
APP-21320,42,Female,26073,662,0.08,1.7,4,0,27284,Home Improvement,1
APP-21321,48,Male,74510,713,0.154,1.4,9,0,18684,Debt Consolidation,0
APP-21322,60,Male,78603,617,0.452,4.6,10,0,20094,Credit Card Refinance,1
APP-21323,69,Male,77620,676,0.267,0.7,9,0,24490,Debt Consolidation,1
APP-21324,27,Male,44453,646,0.267,4.4,15,0,9115,Major Purchase,1
APP-21325,21,Male,18000,759,0.204,0.5,7,0,18673,Credit Card Refinance,1
APP-21326,52,Male,27842,628,0.43,3.4,6,0,28066,Major Purchase,1
APP-21327,33,Male,30286,720,0.156,4.8,7,0,15775,Debt Consolidation,0
APP-21328,50,Female,69273,760,0.25,0.4,7,0,22795,Credit Card Refinance,0
APP-21329,43,Male,40273,645,0.209,1.2,6,1,4744,Home Improvement,1
APP-21330,71,Male,124208,631,0.05,2.0,4,2,18832,Small Business,1
APP-21331,39,Male,109886,729,0.263,2.3,12,0,16877,Debt Consolidation,0
APP-21332,52,Female,123073,554,0.313,5.6,6,0,18403,Credit Card Refinance,0
APP-21333,50,Female,29611,697,0.227,3.8,5,0,16663,Major Purchase,0
APP-21334,49,Female,64214,567,0.288,2.4,6,0,27894,Credit Card Refinance,1
APP-21335,69,Female,37697,749,0.291,3.0,6,0,10738,Home Improvement,0
APP-21336,65,Male,58707,653,0.304,0.1,4,0,15197,Credit Card Refinance,0
APP-21337,49,Female,31473,664,0.194,7.4,14,1,11738,Major Purchase,1
APP-21338,50,Male,96219,622,0.187,0.2,6,0,7431,Debt Consolidation,0
APP-21339,36,Male,31798,567,0.326,8.8,10,0,17451,Major Purchase,1
APP-21340,60,Female,18000,752,0.143,3.9,9,0,10469,Major Purchase,0
APP-21341,39,Female,150028,658,0.294,3.8,12,3,19965,Major Purchase,1
APP-21342,38,Male,62528,850,0.516,6.1,6,0,20175,Small Business,0
APP-21343,21,Female,27227,617,0.315,9.8,12,0,19264,Debt Consolidation,1
APP-21344,34,Female,44835,627,0.101,14.3,6,0,22621,Small Business,1
APP-21345,71,Male,35693,611,0.342,3.9,7,0,2000,Credit Card Refinance,0
APP-21346,67,Male,49175,658,0.418,0.8,8,1,29962,Debt Consolidation,1
APP-21347,70,Male,76231,772,0.225,10.5,4,0,17518,Debt Consolidation,0
APP-21348,22,Male,69924,735,0.284,0.2,13,0,23489,Credit Card Refinance,1
APP-21349,48,Male,56362,572,0.215,8.2,4,0,10007,Credit Card Refinance,1
APP-21350,69,Male,49162,748,0.265,5.7,5,0,7800,Major Purchase,0
APP-21351,70,Male,88722,714,0.24,11.8,6,0,22073,Debt Consolidation,1
APP-21352,50,Female,18000,701,0.372,11.4,4,0,23795,Home Improvement,1
APP-21353,58,Female,32470,625,0.519,0.3,6,0,8173,Major Purchase,1
APP-21354,71,Female,28616,630,0.327,4.7,3,0,22779,Debt Consolidation,1
APP-21355,24,Male,85258,678,0.135,0.7,3,0,23606,Credit Card Refinance,0
APP-21356,21,Female,32646,634,0.624,0.4,3,1,23030,Credit Card Refinance,1
APP-21357,28,Female,24166,755,0.39,3.0,10,2,19223,Home Improvement,1
APP-21358,49,Female,66312,631,0.414,0.5,8,1,20482,Debt Consolidation,1
APP-21359,59,Male,29738,543,0.312,6.5,7,0,31686,Small Business,1
APP-21360,23,Female,40420,585,0.348,17.4,3,2,13355,Major Purchase,1
APP-21361,52,Male,181612,589,0.279,4.2,5,0,25010,Debt Consolidation,1
APP-21362,30,Male,75578,652,0.428,1.3,4,0,21369,Small Business,1
APP-21363,30,Female,43648,684,0.263,9.3,6,0,7024,Credit Card Refinance,1
APP-21364,39,Female,45861,673,0.379,9.6,6,0,6604,Credit Card Refinance,1
APP-21365,66,Male,80750,699,0.436,6.6,3,2,19345,Small Business,1
APP-21366,54,Female,70585,653,0.47,4.8,8,0,5203,Small Business,1
APP-21367,53,Female,51102,655,0.444,10.1,6,0,2000,Home Improvement,1
APP-21368,43,Male,51893,783,0.197,0.9,14,0,44414,Debt Consolidation,1
APP-21369,48,Female,21722,748,0.509,13.4,6,0,10269,Credit Card Refinance,1
APP-21370,52,Male,19350,696,0.4,14.7,5,0,25352,Major Purchase,0
APP-21371,70,Female,44477,729,0.357,10.3,7,0,19873,Credit Card Refinance,0
APP-21372,27,Male,34602,544,0.371,1.4,5,0,36613,Debt Consolidation,1
APP-21373,49,Male,67666,616,0.301,9.8,3,2,33134,Small Business,1
APP-21374,28,Female,54636,641,0.264,3.4,12,0,22491,Home Improvement,0
APP-21375,21,Female,32047,617,0.276,4.5,4,0,6650,Credit Card Refinance,1
APP-21376,23,Female,53624,569,0.475,9.2,7,0,30269,Home Improvement,1
APP-21377,44,Female,38947,697,0.33,0.2,5,0,8065,Small Business,1
APP-21378,43,Female,152761,760,0.354,2.3,7,1,26574,Debt Consolidation,0
APP-21379,28,Female,60623,669,0.327,8.5,4,1,10080,Credit Card Refinance,1
APP-21380,67,Female,20778,712,0.24,8.4,5,3,14008,Debt Consolidation,1
APP-21381,57,Female,133423,667,0.062,9.4,12,1,36600,Major Purchase,1
APP-21382,23,Male,34605,641,0.412,0.9,11,0,19966,Debt Consolidation,1
APP-21383,71,Female,28678,729,0.4,6.1,11,0,11751,Small Business,0
APP-21384,53,Male,159376,577,0.319,0.8,6,0,16253,Small Business,1
APP-21385,48,Female,59290,548,0.189,7.7,7,0,19907,Major Purchase,1
APP-21386,67,Female,72072,576,0.538,1.4,8,0,11174,Debt Consolidation,0
APP-21387,28,Female,73363,725,0.279,6.7,8,0,23218,Small Business,1
APP-21388,54,Female,43770,675,0.35,3.0,9,0,11481,Small Business,0
APP-21389,55,Female,35781,694,0.236,21.4,9,0,2000,Small Business,0
APP-21390,52,Male,39140,778,0.158,4.3,5,0,16255,Small Business,0
APP-21391,44,Female,118761,594,0.391,5.0,8,0,13149,Home Improvement,1
APP-21392,34,Male,54834,748,0.14,2.3,5,0,19164,Credit Card Refinance,1
APP-21393,52,Male,100922,644,0.347,6.6,7,1,16400,Home Improvement,0
APP-21394,66,Male,47002,634,0.348,3.4,11,0,24926,Small Business,1
APP-21395,63,Female,32355,675,0.186,0.1,8,1,23733,Debt Consolidation,1
APP-21396,36,Male,22176,685,0.164,4.7,3,0,2000,Home Improvement,0
APP-21397,24,Female,70010,656,0.228,8.9,6,0,17614,Major Purchase,0
APP-21398,57,Male,124461,709,0.245,1.4,7,0,14443,Credit Card Refinance,1
APP-21399,41,Male,30113,675,0.136,1.2,8,0,15552,Debt Consolidation,1
APP-21400,34,Male,65013,657,0.185,4.7,10,2,3662,Home Improvement,0
APP-21401,51,Male,23003,642,0.329,8.5,7,0,2000,Credit Card Refinance,0
APP-21402,68,Female,36111,685,0.559,1.4,12,0,29969,Home Improvement,0
APP-21403,38,Male,56804,581,0.441,13.5,12,1,16105,Major Purchase,1
APP-21404,27,Male,18947,600,0.339,13.1,10,0,20337,Small Business,1
APP-21405,30,Male,48537,646,0.455,1.1,5,0,12496,Major Purchase,1
APP-21406,27,Male,30940,705,0.459,1.5,4,0,6510,Small Business,1
APP-21407,53,Male,68365,809,0.283,6.0,7,0,13634,Credit Card Refinance,0
APP-21408,43,Male,44758,659,0.351,15.2,5,0,9896,Home Improvement,1
APP-21409,41,Female,82181,554,0.437,6.2,3,0,22867,Home Improvement,1
APP-21410,39,Female,42033,618,0.454,2.9,7,0,20682,Major Purchase,1
APP-21411,68,Female,23171,712,0.455,0.9,11,0,23289,Debt Consolidation,1
APP-21412,39,Female,21637,606,0.197,3.1,10,0,21094,Credit Card Refinance,1
APP-21413,56,Male,18000,585,0.461,4.7,7,0,2474,Small Business,1
APP-21414,49,Male,69433,712,0.543,2.0,12,0,15079,Credit Card Refinance,1
APP-21415,38,Female,200135,700,0.499,3.6,4,0,11433,Major Purchase,1
APP-21416,22,Male,62279,574,0.19,0.7,8,0,19339,Home Improvement,0
APP-21417,21,Female,122961,611,0.16,3.0,7,2,12753,Small Business,1
APP-21418,67,Male,91442,750,0.376,0.5,7,0,20472,Small Business,1
APP-21419,25,Male,36861,725,0.497,0.3,5,0,20855,Small Business,1
APP-21420,40,Male,98314,592,0.347,9.7,7,0,15954,Small Business,1
APP-21421,31,Female,37676,540,0.292,1.1,9,0,20237,Credit Card Refinance,1
APP-21422,62,Female,38090,687,0.309,4.3,7,2,21010,Credit Card Refinance,0
APP-21423,22,Female,43707,650,0.442,0.8,12,1,18989,Major Purchase,1
APP-21424,23,Male,44861,681,0.281,1.5,6,0,20849,Home Improvement,1
APP-21425,43,Male,70527,711,0.378,2.2,6,1,23293,Home Improvement,1
APP-21426,32,Male,33894,607,0.304,0.8,9,0,15074,Credit Card Refinance,0
APP-21427,40,Male,79937,641,0.213,0.2,7,1,12060,Major Purchase,1
APP-21428,25,Female,79309,611,0.204,10.5,5,0,20779,Debt Consolidation,1
APP-21429,57,Male,59197,613,0.383,0.1,6,0,13373,Small Business,0
APP-21430,58,Female,142455,706,0.05,0.3,8,1,17923,Home Improvement,0
APP-21431,50,Female,99515,679,0.378,8.2,8,0,16926,Small Business,1
APP-21432,29,Male,88287,568,0.3,1.7,5,0,31492,Home Improvement,1
APP-21433,54,Female,50837,717,0.434,6.4,3,0,24068,Debt Consolidation,1
APP-21434,64,Male,59484,647,0.392,0.8,6,2,27867,Home Improvement,1
APP-21435,55,Male,65388,720,0.325,1.4,5,0,21289,Debt Consolidation,0
APP-21436,42,Male,49379,604,0.192,4.3,6,0,20296,Home Improvement,1
APP-21437,64,Female,39872,609,0.198,22.4,6,0,21325,Credit Card Refinance,1
APP-21438,44,Male,18000,686,0.243,0.4,7,0,14340,Small Business,1
APP-21439,37,Female,72749,598,0.424,2.6,6,0,8869,Major Purchase,0
APP-21440,30,Female,86924,652,0.532,0.2,7,0,22646,Major Purchase,1
APP-21441,50,Male,25884,591,0.36,1.1,7,0,22089,Home Improvement,1
APP-21442,66,Female,68380,644,0.249,11.9,9,0,29418,Major Purchase,0
APP-21443,43,Female,35406,667,0.262,0.5,3,0,24867,Small Business,1
APP-21444,52,Male,40071,670,0.267,9.7,8,0,14512,Credit Card Refinance,1
APP-21445,37,Male,100802,646,0.445,1.0,12,0,9084,Credit Card Refinance,1
APP-21446,70,Female,28428,691,0.265,9.9,3,1,20790,Debt Consolidation,1
APP-21447,71,Male,28404,679,0.315,3.9,8,0,18199,Major Purchase,1
APP-21448,37,Female,132277,664,0.481,10.5,6,0,13512,Small Business,1
APP-21449,34,Male,45249,629,0.252,0.8,10,0,22368,Major Purchase,1
APP-21450,29,Male,97304,739,0.387,7.2,5,0,8497,Small Business,0
APP-21451,60,Male,20347,695,0.428,5.7,3,1,13045,Debt Consolidation,1
APP-21452,22,Male,21263,602,0.328,3.9,7,0,40816,Major Purchase,1
APP-21453,65,Female,29669,712,0.554,8.3,4,0,10124,Credit Card Refinance,0
APP-21454,45,Male,37616,726,0.52,5.2,7,1,21534,Debt Consolidation,1
APP-21455,59,Female,22656,664,0.352,10.5,6,1,26041,Major Purchase,1
APP-21456,29,Female,60060,669,0.224,2.4,7,0,24775,Credit Card Refinance,1
APP-21457,42,Female,62257,536,0.229,4.5,8,0,23414,Credit Card Refinance,1
APP-21458,63,Female,29912,615,0.346,10.2,4,0,21614,Small Business,1
APP-21459,66,Male,31249,724,0.189,1.2,8,0,17870,Credit Card Refinance,0
APP-21460,24,Male,33599,619,0.352,3.3,7,0,29493,Home Improvement,1
APP-21461,46,Female,25830,659,0.523,16.2,9,0,29052,Major Purchase,1
APP-21462,49,Male,18000,614,0.327,3.2,11,0,26028,Major Purchase,1
APP-21463,65,Female,46780,685,0.318,1.5,6,0,30802,Small Business,1
APP-21464,54,Male,38687,695,0.422,2.2,7,0,25621,Credit Card Refinance,0
APP-21465,43,Female,40925,697,0.383,10.8,7,1,15337,Small Business,0
APP-21466,57,Female,28099,595,0.182,15.5,8,2,12473,Home Improvement,1
APP-21467,31,Female,76555,676,0.265,15.0,6,0,20960,Small Business,0
APP-21468,26,Female,186086,772,0.547,6.0,10,0,20327,Major Purchase,1
APP-21469,38,Female,30984,718,0.359,3.6,10,1,21701,Small Business,1
APP-21470,41,Female,105855,676,0.199,1.0,8,0,30262,Major Purchase,1
APP-21471,62,Female,59973,544,0.297,0.7,3,0,14979,Debt Consolidation,1
APP-21472,56,Male,49985,653,0.106,0.3,14,0,16783,Home Improvement,1
APP-21473,61,Male,40567,777,0.097,0.1,8,0,20394,Home Improvement,0
APP-21474,58,Male,46827,755,0.438,10.5,7,0,16812,Major Purchase,0
APP-21475,54,Female,92251,699,0.319,8.3,7,0,3344,Debt Consolidation,0
APP-21476,37,Male,26214,623,0.382,4.2,3,1,14313,Credit Card Refinance,1
APP-21477,57,Female,42139,673,0.459,33.3,11,1,10127,Small Business,1
APP-21478,45,Female,97435,720,0.361,15.3,6,0,28944,Credit Card Refinance,1
APP-21479,58,Female,84207,731,0.408,5.3,7,0,11381,Debt Consolidation,0
APP-21480,32,Female,26438,690,0.351,3.1,7,0,17661,Home Improvement,1
APP-21481,43,Male,44336,725,0.474,0.8,9,0,18413,Credit Card Refinance,1
APP-21482,62,Female,73160,666,0.533,3.6,6,0,21988,Debt Consolidation,1
APP-21483,42,Female,70607,663,0.344,0.9,6,1,20080,Home Improvement,1
APP-21484,41,Male,83811,640,0.339,2.5,7,1,20509,Credit Card Refinance,1
APP-21485,47,Male,60558,697,0.358,14.3,8,0,10963,Home Improvement,0
APP-21486,51,Female,66408,735,0.307,2.1,4,1,15805,Major Purchase,1
APP-21487,26,Female,59191,716,0.272,0.8,2,1,6905,Home Improvement,0
APP-21488,47,Male,116874,590,0.446,4.4,6,1,21030,Home Improvement,1
APP-21489,60,Female,38871,594,0.272,4.6,4,3,11839,Debt Consolidation,1
APP-21490,54,Female,50337,741,0.265,1.1,7,1,28788,Debt Consolidation,1
APP-21491,32,Male,28050,681,0.428,1.1,4,0,2179,Small Business,0
APP-21492,65,Female,25169,684,0.437,22.8,6,1,33395,Debt Consolidation,1
APP-21493,27,Female,58613,682,0.6,1.4,8,0,19868,Major Purchase,0
APP-21494,30,Female,32915,783,0.466,9.1,12,0,15548,Major Purchase,0
APP-21495,65,Female,47489,640,0.419,3.2,4,1,22403,Home Improvement,1
APP-21496,37,Male,119343,742,0.437,2.9,7,0,29695,Debt Consolidation,0
APP-21497,46,Male,115608,685,0.302,1.7,8,0,33089,Small Business,1
APP-21498,41,Male,166578,565,0.387,7.4,5,0,17964,Debt Consolidation,1
APP-21499,48,Male,120657,616,0.393,10.6,9,1,2039,Small Business,1
APP-21500,66,Male,183810,630,0.255,1.5,6,2,17326,Home Improvement,1
APP-21501,22,Female,62323,741,0.314,0.5,15,1,13763,Major Purchase,1
APP-21502,63,Female,29832,749,0.434,0.7,8,2,23245,Debt Consolidation,1
APP-21503,21,Female,28276,693,0.318,7.9,5,1,14693,Debt Consolidation,1
APP-21504,71,Female,105660,636,0.393,2.9,2,0,8947,Major Purchase,0
APP-21505,56,Female,50432,610,0.428,0.7,9,0,13817,Major Purchase,1
APP-21506,71,Male,52542,743,0.422,2.1,9,0,28924,Credit Card Refinance,1
APP-21507,46,Male,36243,586,0.528,3.6,8,0,19042,Credit Card Refinance,1
APP-21508,49,Male,38713,663,0.25,9.6,8,1,25862,Credit Card Refinance,1
APP-21509,41,Female,60540,823,0.517,5.1,6,0,14691,Major Purchase,1
APP-21510,31,Male,27436,636,0.377,1.0,6,1,27417,Credit Card Refinance,1
APP-21511,60,Female,56467,587,0.42,0.9,6,0,11050,Debt Consolidation,1
APP-21512,31,Male,112543,555,0.404,2.7,9,0,11943,Major Purchase,1
APP-21513,56,Female,18000,826,0.398,0.4,10,0,28934,Debt Consolidation,0
APP-21514,69,Female,21000,692,0.244,7.0,9,1,28571,Major Purchase,0
APP-21515,59,Female,71081,613,0.416,2.6,9,0,2744,Home Improvement,1
APP-21516,60,Female,103795,657,0.147,2.1,11,0,25959,Debt Consolidation,1
APP-21517,55,Female,37442,626,0.571,3.6,3,3,7287,Major Purchase,1
APP-21518,54,Female,18000,548,0.366,6.2,6,0,26512,Small Business,1
APP-21519,67,Female,107748,721,0.459,4.2,6,0,26298,Major Purchase,1
APP-21520,44,Female,31379,672,0.402,8.1,6,0,30613,Home Improvement,0
APP-21521,42,Female,40187,715,0.324,5.0,6,0,31630,Major Purchase,0
APP-21522,25,Male,58423,670,0.255,7.8,4,1,19885,Home Improvement,1
APP-21523,53,Male,33977,678,0.232,6.0,9,0,16017,Credit Card Refinance,1
APP-21524,56,Female,30276,524,0.414,1.1,9,1,17831,Debt Consolidation,1
APP-21525,67,Male,30583,729,0.407,0.3,5,0,16994,Home Improvement,0
APP-21526,40,Male,136197,599,0.387,11.7,7,1,15923,Small Business,1
APP-21527,39,Female,92761,615,0.306,14.6,5,0,16506,Debt Consolidation,1
APP-21528,55,Female,67237,635,0.37,6.5,2,0,27018,Major Purchase,1
APP-21529,63,Female,18000,536,0.269,6.4,8,0,7643,Major Purchase,1
APP-21530,37,Male,67373,632,0.238,1.6,8,0,26639,Home Improvement,0
APP-21531,65,Male,65402,627,0.287,3.9,4,0,17932,Small Business,1
APP-21532,63,Male,24270,645,0.292,24.3,7,0,6222,Home Improvement,1
APP-21533,54,Male,56516,559,0.496,9.7,8,0,22755,Small Business,1
APP-21534,29,Male,87406,730,0.156,1.8,1,0,5574,Home Improvement,0
APP-21535,46,Male,67047,695,0.316,1.8,6,0,18693,Credit Card Refinance,1
APP-21536,22,Female,33722,613,0.396,3.3,3,1,34961,Credit Card Refinance,0
APP-21537,29,Female,49379,632,0.558,2.6,10,0,14414,Credit Card Refinance,1
APP-21538,29,Male,73254,724,0.247,2.3,3,0,15004,Home Improvement,1
APP-21539,60,Male,50650,653,0.186,4.9,10,0,24291,Debt Consolidation,0
APP-21540,37,Male,97719,589,0.407,0.1,4,0,23081,Major Purchase,1
APP-21541,21,Male,60938,664,0.34,7.2,11,0,23084,Debt Consolidation,0
APP-21542,45,Female,74169,599,0.294,6.7,9,0,14360,Major Purchase,1
APP-21543,63,Male,77016,623,0.373,8.9,9,0,21796,Small Business,0
APP-21544,60,Male,27264,666,0.423,9.2,10,0,13445,Credit Card Refinance,1
APP-21545,62,Male,50387,738,0.408,4.2,4,0,21733,Credit Card Refinance,0
APP-21546,45,Male,40831,801,0.356,7.6,9,0,16960,Major Purchase,0
APP-21547,59,Female,87039,758,0.478,3.4,7,1,24110,Credit Card Refinance,1
APP-21548,55,Female,63245,665,0.344,15.1,12,0,25234,Debt Consolidation,1
APP-21549,23,Female,44200,816,0.325,1.1,7,1,21483,Home Improvement,0
APP-21550,70,Male,24221,706,0.406,12.4,9,1,11847,Credit Card Refinance,0
APP-21551,57,Female,20367,606,0.169,1.5,6,0,5937,Credit Card Refinance,1
APP-21552,64,Female,58144,676,0.394,0.5,7,0,8939,Small Business,0
APP-21553,64,Female,33041,627,0.284,2.9,8,0,10212,Home Improvement,0
APP-21554,71,Male,70711,588,0.16,4.8,4,0,41933,Major Purchase,1
APP-21555,50,Male,19856,593,0.371,1.3,5,0,23274,Home Improvement,1
APP-21556,58,Female,117726,660,0.265,4.1,4,0,19811,Home Improvement,1
APP-21557,54,Female,70623,719,0.126,8.2,5,0,13575,Major Purchase,0
APP-21558,32,Male,51769,739,0.215,1.5,3,0,25500,Home Improvement,0
APP-21559,39,Male,123708,589,0.523,4.3,5,0,16459,Small Business,1
APP-21560,57,Male,82588,650,0.253,2.1,3,0,20735,Debt Consolidation,0
APP-21561,64,Female,37750,701,0.359,3.8,6,0,22792,Home Improvement,1
APP-21562,69,Male,51157,679,0.19,5.5,6,0,21333,Debt Consolidation,0
APP-21563,37,Female,18000,715,0.572,2.2,8,0,18546,Small Business,1
APP-21564,30,Male,88018,641,0.328,26.0,5,0,9883,Small Business,1
APP-21565,69,Female,41657,752,0.238,4.1,2,0,18479,Home Improvement,0
APP-21566,67,Female,18000,669,0.426,8.7,10,3,26690,Credit Card Refinance,1
APP-21567,32,Male,25590,719,0.566,6.5,7,0,24032,Home Improvement,0
APP-21568,36,Female,79142,645,0.271,9.6,9,0,20543,Debt Consolidation,0
APP-21569,44,Male,119084,673,0.236,1.0,4,1,24521,Small Business,1
APP-21570,39,Female,49574,566,0.595,1.3,8,0,8419,Debt Consolidation,1
APP-21571,28,Female,28563,615,0.305,3.3,5,0,16718,Debt Consolidation,1
APP-21572,51,Male,22439,656,0.292,9.6,6,0,17672,Major Purchase,0
APP-21573,41,Female,106727,676,0.063,1.1,7,0,9431,Small Business,0
APP-21574,37,Female,62768,844,0.316,17.7,6,0,22118,Small Business,0
APP-21575,43,Male,40881,645,0.157,0.7,7,0,23462,Debt Consolidation,1
APP-21576,57,Female,35862,580,0.253,1.0,10,0,19312,Small Business,1
APP-21577,36,Female,70934,780,0.078,0.9,8,0,19607,Home Improvement,0
APP-21578,26,Female,69868,740,0.468,4.4,8,0,13241,Major Purchase,0
APP-21579,28,Male,29937,594,0.144,12.5,5,2,13322,Home Improvement,1
APP-21580,45,Male,26152,700,0.087,1.5,3,1,7100,Credit Card Refinance,1
APP-21581,38,Male,26888,724,0.211,4.0,5,0,16518,Credit Card Refinance,0
APP-21582,45,Female,37891,680,0.47,1.0,10,0,13227,Debt Consolidation,1
APP-21583,32,Male,33544,691,0.267,5.0,8,3,11577,Credit Card Refinance,1
APP-21584,35,Female,119366,628,0.283,0.7,11,0,18443,Home Improvement,0
APP-21585,46,Male,37157,702,0.377,3.4,4,0,15033,Credit Card Refinance,0
APP-21586,61,Female,24653,638,0.302,5.3,10,0,6741,Debt Consolidation,0
APP-21587,65,Male,25427,498,0.469,4.3,5,0,13567,Small Business,1
APP-21588,46,Male,44303,682,0.291,0.8,3,0,16940,Major Purchase,0
APP-21589,67,Male,18000,561,0.293,0.9,8,0,9222,Debt Consolidation,1
APP-21590,52,Male,47426,735,0.592,5.6,11,0,20808,Debt Consolidation,1
APP-21591,30,Female,23507,596,0.327,8.3,5,0,18605,Debt Consolidation,1
APP-21592,36,Female,92710,510,0.348,11.9,8,2,11001,Home Improvement,1
APP-21593,27,Female,52266,554,0.295,8.4,4,0,24236,Small Business,1
APP-21594,37,Female,157402,667,0.05,18.2,3,0,29099,Debt Consolidation,0
APP-21595,43,Female,43238,682,0.425,2.6,7,0,17433,Small Business,1
APP-21596,46,Female,18000,578,0.519,2.0,3,0,16309,Debt Consolidation,1
APP-21597,41,Female,109286,600,0.471,0.1,8,0,15449,Home Improvement,1
APP-21598,42,Female,64605,669,0.253,3.0,6,0,13799,Debt Consolidation,1
APP-21599,27,Male,70354,733,0.299,5.3,6,0,10511,Credit Card Refinance,0
APP-21600,34,Female,28242,591,0.362,8.4,7,0,18919,Home Improvement,1
APP-21601,35,Male,47879,694,0.358,1.6,6,0,11906,Debt Consolidation,0
APP-21602,27,Female,54314,556,0.402,3.6,8,1,2000,Debt Consolidation,1
APP-21603,29,Female,43010,690,0.344,5.4,1,0,34251,Debt Consolidation,1
APP-21604,71,Male,18884,719,0.277,4.0,6,0,31578,Credit Card Refinance,1
APP-21605,68,Male,224758,704,0.336,1.6,4,0,18892,Credit Card Refinance,0
APP-21606,28,Female,77629,734,0.44,8.0,4,0,7602,Debt Consolidation,1
APP-21607,70,Female,61779,730,0.65,1.0,5,1,36392,Credit Card Refinance,1
APP-21608,43,Male,100975,790,0.26,11.8,7,1,22156,Debt Consolidation,0
APP-21609,49,Female,69863,677,0.347,15.2,10,0,15065,Credit Card Refinance,0
APP-21610,38,Female,33777,790,0.276,2.3,6,1,30104,Small Business,1
APP-21611,51,Male,97477,608,0.357,2.4,7,0,10035,Debt Consolidation,1
APP-21612,50,Female,78332,656,0.437,6.8,4,0,2000,Debt Consolidation,1
APP-21613,59,Female,34488,662,0.295,3.0,9,0,12774,Major Purchase,1
APP-21614,55,Male,75698,602,0.074,0.1,11,0,23759,Major Purchase,1
APP-21615,38,Female,42945,516,0.443,12.6,3,0,36233,Home Improvement,1
APP-21616,62,Female,54976,726,0.336,2.8,6,1,12297,Small Business,0
APP-21617,59,Male,68173,609,0.279,1.1,5,0,8682,Small Business,0
APP-21618,37,Male,104054,643,0.252,4.1,8,0,18262,Home Improvement,1
APP-21619,34,Male,34361,772,0.357,1.2,12,1,17908,Major Purchase,0
APP-21620,51,Female,59917,707,0.236,1.2,8,0,33070,Home Improvement,0
APP-21621,44,Female,148545,783,0.251,3.9,4,2,20033,Major Purchase,0
APP-21622,55,Female,44496,677,0.17,2.5,8,0,34904,Debt Consolidation,1
APP-21623,64,Female,54617,706,0.238,4.3,4,0,29006,Home Improvement,1
APP-21624,65,Female,148423,654,0.396,28.8,6,1,25388,Credit Card Refinance,1
APP-21625,54,Male,69606,614,0.154,9.8,2,1,6287,Major Purchase,1
APP-21626,23,Male,21792,705,0.458,0.0,4,0,14845,Debt Consolidation,1
APP-21627,57,Male,31649,641,0.179,0.3,8,0,20049,Credit Card Refinance,1
APP-21628,63,Male,71629,711,0.338,4.7,6,0,2000,Credit Card Refinance,0
APP-21629,60,Female,61861,632,0.378,4.9,9,0,12668,Small Business,1
APP-21630,46,Female,53606,658,0.419,10.5,11,0,15422,Major Purchase,1
APP-21631,43,Male,160921,663,0.419,5.0,12,0,11725,Debt Consolidation,0
APP-21632,64,Female,34904,740,0.31,1.3,7,0,34906,Major Purchase,1
APP-21633,59,Female,47054,642,0.299,3.2,8,1,21968,Debt Consolidation,1
APP-21634,35,Male,18000,747,0.392,8.3,6,2,16348,Major Purchase,1
APP-21635,69,Male,92814,611,0.353,12.8,8,0,3289,Credit Card Refinance,1
APP-21636,24,Male,31591,687,0.279,1.4,7,0,13760,Small Business,0
APP-21637,49,Male,87677,625,0.365,3.9,7,0,30763,Home Improvement,1
APP-21638,42,Female,82753,742,0.3,0.9,6,1,13130,Major Purchase,0
APP-21639,45,Male,178439,616,0.248,3.4,5,0,14815,Credit Card Refinance,0
APP-21640,33,Male,70059,623,0.275,0.5,5,0,7593,Home Improvement,1
APP-21641,38,Female,40301,588,0.378,14.2,5,0,19331,Home Improvement,1
APP-21642,53,Female,62912,676,0.209,5.1,7,0,20559,Home Improvement,1
APP-21643,36,Male,32286,708,0.453,9.6,6,0,19479,Credit Card Refinance,1
APP-21644,65,Male,58427,701,0.253,31.9,8,0,8578,Debt Consolidation,0
APP-21645,62,Male,43892,660,0.05,1.0,7,0,22085,Home Improvement,1
APP-21646,64,Male,47160,627,0.386,5.9,5,0,14710,Small Business,1
APP-21647,22,Male,29908,651,0.05,10.9,4,1,19901,Debt Consolidation,1
APP-21648,55,Female,57828,654,0.199,4.3,1,0,24324,Credit Card Refinance,1
APP-21649,62,Male,77136,686,0.611,5.1,5,0,21363,Home Improvement,0
APP-21650,54,Male,19758,681,0.447,2.6,6,0,23230,Credit Card Refinance,1
APP-21651,50,Female,33566,783,0.437,5.6,5,0,23522,Credit Card Refinance,1
APP-21652,33,Male,53767,672,0.186,2.5,12,0,24988,Home Improvement,0
APP-21653,33,Male,18000,693,0.298,3.2,4,0,25801,Credit Card Refinance,1
APP-21654,38,Male,127662,674,0.469,0.5,10,0,27605,Small Business,1
APP-21655,52,Female,33153,648,0.397,0.0,4,0,21477,Small Business,1
APP-21656,52,Male,29262,693,0.456,0.3,10,0,24732,Major Purchase,1
APP-21657,55,Female,43737,642,0.534,1.1,6,1,19370,Home Improvement,1
APP-21658,59,Female,52868,666,0.399,3.0,9,0,23504,Home Improvement,1
APP-21659,66,Male,32336,745,0.172,0.1,6,0,14341,Home Improvement,0
APP-21660,49,Female,84055,638,0.392,0.8,6,1,3913,Major Purchase,0
APP-21661,69,Male,61073,695,0.292,7.6,7,0,29608,Small Business,1
APP-21662,49,Male,30931,508,0.165,7.2,4,0,19551,Small Business,1
APP-21663,64,Female,36778,657,0.427,7.8,7,0,19355,Home Improvement,0
APP-21664,36,Female,21285,638,0.464,12.7,9,0,25190,Credit Card Refinance,1
APP-21665,64,Female,24603,677,0.309,0.6,12,0,12692,Debt Consolidation,1
APP-21666,67,Male,60668,654,0.358,0.9,4,0,17145,Debt Consolidation,0
APP-21667,30,Male,31108,679,0.071,2.0,7,0,13326,Home Improvement,0
APP-21668,50,Female,132237,645,0.455,12.3,6,0,16501,Home Improvement,1
APP-21669,45,Male,50970,695,0.415,7.5,5,0,14873,Small Business,1
APP-21670,59,Male,23293,558,0.35,2.0,11,0,13567,Small Business,1
APP-21671,40,Male,26138,677,0.17,0.5,7,0,21099,Credit Card Refinance,1
APP-21672,25,Male,87477,609,0.123,4.8,8,0,3106,Small Business,1
APP-21673,21,Female,47000,745,0.563,1.5,10,2,28541,Debt Consolidation,1
APP-21674,50,Male,84592,608,0.2,3.8,5,0,12305,Debt Consolidation,1
APP-21675,69,Female,40071,734,0.336,14.2,9,1,21888,Small Business,1
APP-21676,23,Male,36021,669,0.204,4.3,4,0,22343,Debt Consolidation,1
APP-21677,65,Female,90734,551,0.05,12.9,7,0,15623,Debt Consolidation,1
APP-21678,34,Male,30570,613,0.374,2.5,4,0,21473,Debt Consolidation,1
APP-21679,50,Male,64150,725,0.392,5.0,10,0,9336,Debt Consolidation,1
APP-21680,70,Male,43630,721,0.12,11.2,4,1,13619,Major Purchase,0
APP-21681,24,Male,79482,585,0.453,4.4,5,2,16063,Home Improvement,1
APP-21682,38,Female,133274,771,0.257,4.8,5,0,21635,Credit Card Refinance,0
APP-21683,57,Female,39509,668,0.19,6.3,8,0,15280,Major Purchase,0
APP-21684,45,Female,36281,727,0.182,10.7,3,0,16704,Credit Card Refinance,0
APP-21685,68,Male,70699,591,0.425,0.5,8,0,24632,Major Purchase,1
APP-21686,21,Male,27035,640,0.089,2.1,8,3,21170,Major Purchase,1
APP-21687,66,Male,119259,697,0.171,2.5,2,3,36701,Credit Card Refinance,1
APP-21688,35,Female,108587,649,0.372,12.0,4,0,10755,Home Improvement,0
APP-21689,29,Female,28296,480,0.356,15.6,3,0,7716,Small Business,1
APP-21690,35,Female,20522,657,0.197,0.6,11,0,33289,Major Purchase,1
APP-21691,69,Male,25891,542,0.474,0.6,6,0,20099,Home Improvement,1
APP-21692,44,Female,26109,600,0.186,13.7,6,2,28656,Small Business,1
APP-21693,24,Male,76188,578,0.295,1.8,7,1,9956,Credit Card Refinance,1
APP-21694,32,Female,114925,743,0.279,1.4,6,0,14095,Major Purchase,0
APP-21695,57,Female,75702,764,0.28,0.2,7,0,19070,Small Business,1
APP-21696,57,Female,43049,692,0.297,1.6,8,3,18002,Home Improvement,1
APP-21697,63,Female,59182,655,0.293,5.9,6,0,17391,Small Business,1
APP-21698,26,Male,30382,671,0.291,2.8,3,0,5331,Credit Card Refinance,0
APP-21699,59,Female,89631,743,0.298,3.6,5,0,17082,Small Business,1
APP-21700,66,Male,62169,541,0.45,12.5,6,0,20729,Debt Consolidation,1
APP-21701,44,Female,75001,600,0.292,0.6,7,0,15302,Major Purchase,1
APP-21702,31,Male,32854,735,0.403,0.4,3,0,25840,Home Improvement,0
APP-21703,33,Male,44679,748,0.338,9.6,6,0,25868,Home Improvement,0
APP-21704,54,Female,73042,708,0.364,7.5,11,0,19745,Major Purchase,0
APP-21705,45,Female,108437,602,0.413,1.5,16,0,12186,Major Purchase,1
APP-21706,27,Female,35085,734,0.183,2.0,13,0,20862,Debt Consolidation,1
APP-21707,24,Male,75300,758,0.395,1.9,5,0,21978,Debt Consolidation,1
APP-21708,28,Female,33135,716,0.295,5.2,10,0,18789,Home Improvement,0
APP-21709,40,Male,157071,507,0.205,0.3,4,0,12032,Small Business,1
APP-21710,49,Female,39020,678,0.413,3.4,5,1,24755,Major Purchase,1
APP-21711,71,Male,69837,708,0.269,0.7,10,0,21427,Debt Consolidation,1
APP-21712,65,Female,53695,636,0.365,8.6,12,0,14807,Debt Consolidation,1
APP-21713,66,Female,205441,682,0.05,2.4,6,0,19242,Debt Consolidation,0
APP-21714,30,Female,55628,636,0.407,3.7,8,1,10622,Small Business,1
APP-21715,63,Male,36927,613,0.631,0.1,4,0,2904,Home Improvement,1
APP-21716,54,Male,69684,768,0.319,0.3,5,1,5781,Home Improvement,1
APP-21717,46,Female,68836,683,0.288,5.6,4,0,20095,Debt Consolidation,0
APP-21718,61,Male,44953,598,0.265,7.3,6,1,15608,Small Business,1
APP-21719,69,Female,26846,580,0.387,6.2,11,2,21359,Small Business,1
APP-21720,23,Male,36665,614,0.284,6.7,14,0,24645,Home Improvement,1
APP-21721,26,Male,79604,614,0.398,0.6,4,0,20780,Major Purchase,1
APP-21722,25,Female,18749,679,0.527,5.9,8,0,12849,Debt Consolidation,1
APP-21723,25,Female,42769,701,0.421,1.0,7,0,21294,Small Business,1
APP-21724,67,Female,84725,701,0.299,0.5,7,0,14895,Major Purchase,1
APP-21725,43,Female,46563,621,0.186,7.1,8,1,15418,Credit Card Refinance,0
APP-21726,69,Male,162030,729,0.271,11.0,6,2,26404,Debt Consolidation,1
APP-21727,29,Female,18778,749,0.301,6.3,7,0,22563,Credit Card Refinance,1
APP-21728,55,Male,28889,653,0.162,8.2,6,0,14661,Home Improvement,0
APP-21729,40,Female,18000,602,0.45,23.6,11,1,11459,Home Improvement,1
APP-21730,69,Female,146756,676,0.388,0.7,5,0,29094,Home Improvement,1
APP-21731,62,Male,29151,810,0.194,16.8,7,0,17651,Small Business,0
APP-21732,55,Female,18000,601,0.106,4.6,5,0,8838,Small Business,1
APP-21733,70,Female,35011,635,0.406,8.4,12,0,14466,Major Purchase,1
APP-21734,38,Male,22787,673,0.123,5.3,8,0,3993,Credit Card Refinance,1
APP-21735,37,Female,35149,705,0.33,4.2,8,0,2000,Home Improvement,0
APP-21736,44,Male,50145,540,0.271,6.1,7,0,25636,Home Improvement,1
APP-21737,23,Male,76321,754,0.416,1.9,2,0,10960,Small Business,0
APP-21738,52,Female,44530,753,0.417,12.9,10,1,8249,Small Business,0
APP-21739,55,Female,49707,642,0.221,0.6,6,1,13475,Small Business,1
APP-21740,58,Female,35600,845,0.427,1.9,5,0,15303,Debt Consolidation,0
APP-21741,33,Female,21344,749,0.285,0.2,7,0,13245,Credit Card Refinance,1
APP-21742,67,Female,18000,746,0.322,1.6,4,0,10751,Credit Card Refinance,1
APP-21743,45,Female,40116,747,0.325,1.2,11,0,17669,Debt Consolidation,0
APP-21744,29,Male,51356,745,0.59,0.3,4,0,16080,Home Improvement,1
APP-21745,24,Male,38513,668,0.306,3.4,2,0,31558,Major Purchase,1
APP-21746,34,Male,18121,662,0.119,3.2,8,3,15076,Major Purchase,1
APP-21747,57,Male,54762,608,0.234,0.4,4,0,17666,Home Improvement,1
APP-21748,54,Female,120104,632,0.409,1.5,8,0,10678,Major Purchase,1
APP-21749,31,Male,46025,649,0.286,15.3,7,0,23180,Small Business,1
APP-21750,61,Male,35641,674,0.322,0.6,2,1,31323,Credit Card Refinance,0
APP-21751,23,Male,47416,773,0.268,1.8,4,0,17229,Small Business,0
APP-21752,48,Female,26704,533,0.05,0.2,5,0,12959,Major Purchase,1
APP-21753,49,Female,25773,757,0.227,0.8,7,0,19444,Major Purchase,1
APP-21754,29,Female,62835,604,0.311,6.0,5,1,21817,Credit Card Refinance,1
APP-21755,23,Female,84514,663,0.108,2.3,8,0,41126,Small Business,1
APP-21756,45,Female,45211,622,0.179,3.0,6,0,16805,Credit Card Refinance,1
APP-21757,54,Female,18000,790,0.279,0.9,15,1,15272,Major Purchase,0
APP-21758,32,Male,59536,637,0.28,5.7,5,0,8757,Credit Card Refinance,1
APP-21759,62,Female,152826,703,0.367,7.0,9,0,15605,Credit Card Refinance,0
APP-21760,29,Female,42866,707,0.287,1.0,6,0,14630,Major Purchase,1
APP-21761,35,Female,44452,594,0.363,0.2,4,0,22373,Credit Card Refinance,1
APP-21762,60,Female,30334,663,0.236,0.4,9,0,15843,Small Business,1
APP-21763,45,Male,63878,748,0.345,5.4,5,1,9842,Major Purchase,0
APP-21764,25,Female,33892,613,0.497,0.7,8,0,9537,Credit Card Refinance,1
APP-21765,31,Female,85976,723,0.355,3.4,8,1,14621,Home Improvement,1
APP-21766,54,Male,34143,648,0.292,0.8,8,0,24045,Small Business,1
APP-21767,44,Female,59159,745,0.207,0.9,0,0,19427,Small Business,1
APP-21768,35,Male,47787,783,0.33,0.0,5,0,21760,Small Business,0
APP-21769,58,Female,115302,539,0.294,1.9,5,0,18109,Debt Consolidation,1
APP-21770,28,Female,61402,583,0.387,0.5,5,0,21180,Major Purchase,1
APP-21771,25,Male,105119,641,0.101,2.5,8,1,15178,Debt Consolidation,1
APP-21772,68,Female,52038,765,0.297,4.6,4,0,11110,Credit Card Refinance,0
APP-21773,46,Male,44626,704,0.37,2.3,7,0,11286,Major Purchase,0
APP-21774,38,Female,48001,589,0.336,6.1,4,2,10885,Small Business,1
APP-21775,26,Male,32071,714,0.28,6.8,6,0,28112,Small Business,0
APP-21776,57,Female,65671,610,0.278,6.0,7,0,25819,Small Business,0
APP-21777,68,Male,33533,726,0.188,13.8,9,1,14585,Small Business,0
APP-21778,33,Female,52148,705,0.365,1.4,11,1,19336,Credit Card Refinance,1
APP-21779,48,Male,78461,610,0.371,1.1,4,0,23579,Home Improvement,1
APP-21780,25,Female,117119,665,0.15,4.7,6,1,13272,Major Purchase,0
APP-21781,33,Female,53614,749,0.412,4.5,10,0,17014,Home Improvement,0
APP-21782,37,Female,78720,547,0.241,3.6,4,0,10402,Major Purchase,1
APP-21783,70,Female,73720,689,0.275,0.0,7,0,11020,Small Business,0
APP-21784,60,Female,39723,598,0.542,4.1,6,0,23375,Debt Consolidation,1
APP-21785,65,Male,156262,668,0.512,13.5,6,0,18519,Credit Card Refinance,1
APP-21786,52,Male,35705,699,0.146,2.0,9,0,18230,Major Purchase,1
APP-21787,49,Male,51536,800,0.167,17.1,5,1,27098,Small Business,0
APP-21788,71,Female,109072,668,0.194,2.2,8,0,14568,Debt Consolidation,0
APP-21789,23,Female,107602,765,0.51,0.8,7,2,23715,Small Business,1
APP-21790,60,Male,49408,615,0.247,2.5,12,0,11388,Credit Card Refinance,1
APP-21791,54,Female,84518,637,0.143,3.4,8,0,14661,Debt Consolidation,1
APP-21792,60,Female,43339,708,0.468,5.0,8,0,12211,Major Purchase,0
APP-21793,47,Female,37467,683,0.391,3.5,11,0,11660,Major Purchase,1
APP-21794,33,Male,25158,648,0.59,3.8,5,0,32237,Major Purchase,1
APP-21795,65,Male,72994,646,0.391,0.1,7,1,7836,Major Purchase,1
APP-21796,53,Female,77348,756,0.316,1.5,6,1,12407,Debt Consolidation,0
APP-21797,26,Female,35870,651,0.35,1.9,5,0,2000,Credit Card Refinance,1
APP-21798,44,Male,56809,603,0.266,21.7,13,2,13813,Debt Consolidation,0
APP-21799,39,Female,210669,614,0.477,1.8,6,0,16547,Major Purchase,1
APP-21800,36,Female,92104,713,0.483,11.3,14,0,24769,Credit Card Refinance,1
APP-21801,60,Female,29857,816,0.13,1.8,5,0,13984,Home Improvement,0
APP-21802,48,Female,85038,635,0.433,0.5,9,0,8688,Home Improvement,1
APP-21803,53,Male,29933,809,0.191,1.4,7,0,13960,Debt Consolidation,0
APP-21804,68,Male,18000,669,0.61,1.6,11,1,20104,Major Purchase,1
APP-21805,61,Female,48473,651,0.502,19.1,6,1,24071,Home Improvement,1
APP-21806,33,Male,115816,610,0.183,5.6,8,0,12903,Home Improvement,0
APP-21807,63,Male,105724,657,0.349,13.4,4,1,10441,Small Business,1
APP-21808,65,Male,60323,620,0.439,9.0,4,0,14939,Small Business,0
APP-21809,45,Male,36389,615,0.245,4.3,11,0,20744,Credit Card Refinance,0
APP-21810,62,Male,64058,562,0.156,5.6,2,1,24379,Credit Card Refinance,0
APP-21811,56,Male,42275,784,0.332,4.9,8,0,9808,Major Purchase,0
APP-21812,47,Male,36956,739,0.301,5.5,9,0,12233,Home Improvement,0
APP-21813,58,Male,87912,687,0.21,1.5,8,1,2000,Debt Consolidation,0
APP-21814,27,Female,36705,660,0.468,2.6,6,0,2000,Debt Consolidation,1
APP-21815,25,Female,91124,669,0.165,4.5,6,2,9134,Small Business,1
APP-21816,63,Female,35394,619,0.307,0.2,11,0,10085,Credit Card Refinance,1
APP-21817,65,Male,152081,596,0.342,3.3,6,0,14145,Major Purchase,1
APP-21818,71,Male,19883,716,0.357,9.8,4,0,20403,Small Business,0
APP-21819,51,Female,28963,652,0.456,3.4,3,0,17314,Small Business,1
APP-21820,43,Female,45005,691,0.291,4.0,0,1,20221,Major Purchase,1
APP-21821,62,Male,18000,561,0.05,1.1,8,0,25234,Major Purchase,1
APP-21822,30,Male,18000,649,0.274,7.9,13,0,19968,Home Improvement,1
APP-21823,52,Female,18000,595,0.407,2.2,4,1,16402,Major Purchase,1
APP-21824,63,Male,41745,701,0.303,15.7,10,0,21679,Major Purchase,1
APP-21825,50,Male,42332,734,0.304,25.3,9,1,2855,Small Business,1
APP-21826,59,Female,58873,764,0.383,12.4,3,3,15940,Small Business,1
APP-21827,51,Female,43986,629,0.399,0.4,13,0,23130,Debt Consolidation,0
APP-21828,38,Male,57799,596,0.106,2.0,8,0,16831,Debt Consolidation,1
APP-21829,56,Male,38268,642,0.318,14.5,5,0,19823,Debt Consolidation,0
APP-21830,22,Female,72631,624,0.297,8.2,6,1,16398,Major Purchase,0
APP-21831,34,Male,67973,698,0.329,12.1,6,0,22859,Home Improvement,1
APP-21832,33,Male,40958,578,0.084,4.2,3,1,25105,Small Business,1
APP-21833,49,Male,65719,555,0.479,3.3,3,0,2000,Credit Card Refinance,1
APP-21834,32,Female,44141,647,0.321,0.6,7,0,12705,Home Improvement,1
APP-21835,59,Male,21220,717,0.371,9.1,5,0,2000,Credit Card Refinance,1
APP-21836,22,Female,80617,603,0.532,6.8,4,0,2000,Major Purchase,1
APP-21837,52,Female,29769,725,0.372,0.3,4,1,22672,Credit Card Refinance,1
APP-21838,33,Female,80145,693,0.135,1.2,6,0,24346,Debt Consolidation,0
APP-21839,66,Female,58583,770,0.31,4.1,2,1,13954,Small Business,0
APP-21840,47,Male,46794,617,0.401,5.8,3,0,12466,Home Improvement,0
APP-21841,69,Male,18000,565,0.327,0.7,10,0,16599,Debt Consolidation,1
APP-21842,61,Male,114331,708,0.525,1.4,6,2,40399,Small Business,1
APP-21843,37,Male,40146,688,0.217,1.1,3,0,9640,Debt Consolidation,1
APP-21844,60,Female,69494,683,0.469,1.2,7,0,7203,Home Improvement,0
APP-21845,51,Male,46042,601,0.421,12.7,7,0,22796,Major Purchase,1
APP-21846,54,Male,42222,720,0.331,6.3,5,0,23225,Credit Card Refinance,0
APP-21847,44,Male,54504,628,0.36,6.7,10,0,21085,Major Purchase,1
APP-21848,65,Female,49742,683,0.203,7.9,6,1,18598,Credit Card Refinance,1
APP-21849,55,Male,42325,640,0.283,2.2,5,0,15493,Credit Card Refinance,1
APP-21850,68,Male,47551,693,0.389,7.3,13,1,6002,Home Improvement,1
APP-21851,26,Male,61999,592,0.302,19.2,6,0,32880,Home Improvement,1
APP-21852,39,Female,64460,702,0.327,6.0,5,0,33430,Major Purchase,1
APP-21853,50,Female,50203,712,0.439,2.7,8,1,14011,Small Business,0
APP-21854,27,Male,68976,677,0.091,6.3,8,0,29258,Small Business,0
APP-21855,30,Male,38822,776,0.364,11.6,9,3,20738,Major Purchase,1
APP-21856,61,Male,166656,683,0.533,0.7,6,1,3876,Credit Card Refinance,0
APP-21857,52,Male,110976,729,0.275,1.5,8,0,4613,Home Improvement,1
APP-21858,54,Female,74558,676,0.171,12.6,7,0,24093,Major Purchase,1
APP-21859,48,Female,18000,723,0.273,14.6,5,0,28299,Small Business,0
APP-21860,35,Male,68412,570,0.138,3.3,5,0,20839,Credit Card Refinance,1
APP-21861,50,Female,40735,672,0.347,2.3,7,0,20039,Small Business,0
APP-21862,57,Male,28616,596,0.311,1.7,11,2,10964,Credit Card Refinance,1
APP-21863,49,Female,40168,679,0.358,3.5,9,0,9000,Small Business,0
APP-21864,42,Female,30414,694,0.304,13.6,6,0,24139,Debt Consolidation,0
APP-21865,24,Male,64779,722,0.344,0.8,5,0,18384,Credit Card Refinance,1
APP-21866,40,Female,119228,701,0.374,2.7,6,0,17053,Credit Card Refinance,0
APP-21867,52,Male,77212,648,0.176,12.1,5,0,28036,Credit Card Refinance,0
APP-21868,56,Male,223997,621,0.362,2.1,7,0,31535,Debt Consolidation,1
APP-21869,70,Male,20858,517,0.494,7.3,10,0,22661,Debt Consolidation,1
APP-21870,24,Male,37111,674,0.205,2.5,1,0,10546,Small Business,0
APP-21871,47,Female,29182,743,0.357,8.2,6,0,18420,Home Improvement,1
APP-21872,37,Female,96389,677,0.475,19.8,4,0,14607,Small Business,0
APP-21873,32,Female,43420,664,0.181,2.5,8,0,16895,Credit Card Refinance,1
APP-21874,42,Female,54406,679,0.416,9.3,3,1,8387,Credit Card Refinance,1
APP-21875,37,Female,69461,644,0.293,22.3,7,0,28025,Small Business,1
APP-21876,30,Male,22023,682,0.441,20.6,7,0,14216,Major Purchase,1
APP-21877,21,Male,34830,643,0.221,2.8,5,0,30831,Home Improvement,1
APP-21878,42,Male,84837,611,0.319,3.3,8,0,16982,Debt Consolidation,1
APP-21879,46,Female,36262,665,0.138,1.8,5,0,14158,Home Improvement,0
APP-21880,38,Female,19101,663,0.372,1.9,8,0,12643,Major Purchase,1
APP-21881,70,Male,29844,791,0.374,3.4,5,0,12725,Small Business,0
APP-21882,34,Female,41879,617,0.385,1.1,5,1,19740,Small Business,1
APP-21883,67,Female,53729,659,0.379,6.2,10,3,17554,Credit Card Refinance,1
APP-21884,49,Female,47148,653,0.309,3.8,7,0,24413,Small Business,1
APP-21885,32,Male,34967,640,0.143,11.4,8,2,11814,Major Purchase,1
APP-21886,56,Male,82176,703,0.439,8.3,7,0,19854,Small Business,1
APP-21887,55,Male,45661,815,0.315,1.9,8,0,27691,Small Business,0
APP-21888,32,Male,55004,649,0.367,3.5,4,0,29051,Major Purchase,1
APP-21889,27,Male,36007,703,0.298,6.9,4,0,12177,Debt Consolidation,1
APP-21890,49,Female,112411,545,0.555,1.1,1,0,15248,Home Improvement,1
APP-21891,31,Male,39521,644,0.252,0.2,8,2,13025,Small Business,1
APP-21892,53,Female,51076,771,0.247,9.6,7,0,11095,Home Improvement,0
APP-21893,26,Female,86616,666,0.133,0.7,4,0,23366,Home Improvement,1
APP-21894,67,Female,57183,702,0.334,11.0,6,0,9009,Credit Card Refinance,1
APP-21895,35,Male,56404,629,0.543,12.2,10,0,35288,Debt Consolidation,1
APP-21896,52,Female,18000,686,0.335,3.1,10,1,19866,Home Improvement,1
APP-21897,71,Female,71278,776,0.347,8.2,2,0,16569,Credit Card Refinance,0
APP-21898,31,Male,50542,594,0.437,2.3,7,0,34102,Major Purchase,1
APP-21899,43,Male,66029,812,0.339,9.8,6,1,7496,Major Purchase,1
APP-21900,46,Female,54217,569,0.464,8.7,5,0,11787,Major Purchase,1
APP-21901,54,Male,36042,638,0.482,0.4,8,0,7984,Major Purchase,1
APP-21902,66,Male,80167,615,0.249,4.4,10,0,17809,Major Purchase,1
APP-21903,54,Male,54664,652,0.148,5.1,5,0,12883,Credit Card Refinance,0
APP-21904,49,Male,24120,614,0.403,0.0,11,0,7586,Debt Consolidation,1
APP-21905,24,Female,100678,609,0.359,19.5,4,0,8529,Debt Consolidation,0
APP-21906,37,Male,22319,592,0.194,2.6,6,0,20649,Credit Card Refinance,1
APP-21907,55,Female,80459,711,0.239,3.6,8,0,23068,Credit Card Refinance,1
APP-21908,33,Female,111058,654,0.238,1.1,8,1,6957,Small Business,1
APP-21909,61,Female,26676,637,0.338,4.7,14,0,16451,Home Improvement,1
APP-21910,59,Female,45820,688,0.44,8.3,6,2,14691,Major Purchase,1
APP-21911,35,Female,43530,572,0.446,4.4,7,0,12758,Home Improvement,1
APP-21912,49,Male,44621,689,0.415,7.8,6,1,30881,Small Business,1
APP-21913,49,Female,134138,663,0.285,6.6,7,1,17577,Debt Consolidation,1
APP-21914,31,Female,26846,665,0.586,1.4,6,0,19337,Major Purchase,1
APP-21915,52,Female,41414,703,0.324,2.9,8,0,23463,Debt Consolidation,1
APP-21916,22,Female,112064,776,0.273,0.8,9,0,18657,Credit Card Refinance,1
APP-21917,67,Male,41043,690,0.156,0.2,11,0,17843,Home Improvement,0
APP-21918,34,Male,29299,657,0.278,0.3,12,0,24607,Debt Consolidation,1
APP-21919,40,Female,56650,593,0.373,14.3,3,0,13367,Small Business,1
APP-21920,42,Male,76351,514,0.13,20.8,7,0,14389,Debt Consolidation,1
APP-21921,31,Female,39495,678,0.206,0.5,7,0,10037,Major Purchase,0
APP-21922,47,Male,66496,588,0.264,2.0,10,0,29304,Major Purchase,1
APP-21923,23,Male,22991,504,0.227,0.6,8,0,22443,Home Improvement,1
APP-21924,37,Male,23704,647,0.217,9.0,11,0,19862,Credit Card Refinance,1
APP-21925,64,Male,38482,685,0.455,3.4,13,1,30461,Major Purchase,1
APP-21926,48,Female,67813,718,0.122,4.9,8,0,8202,Small Business,1
APP-21927,49,Male,74520,738,0.341,3.9,11,0,17333,Home Improvement,1
APP-21928,41,Female,25588,726,0.382,6.2,6,0,6115,Major Purchase,1
APP-21929,67,Female,73015,728,0.262,1.9,7,0,6739,Small Business,0
APP-21930,36,Male,53722,574,0.293,0.7,8,1,27012,Debt Consolidation,1
APP-21931,57,Female,30225,660,0.315,0.1,4,0,31518,Small Business,1
APP-21932,40,Female,23533,707,0.396,3.0,10,2,14669,Home Improvement,1
APP-21933,26,Female,55625,673,0.504,11.9,6,0,14732,Major Purchase,1
APP-21934,39,Male,99634,659,0.166,1.8,6,0,14469,Credit Card Refinance,1
APP-21935,25,Female,49987,671,0.21,1.1,9,0,31499,Credit Card Refinance,1
APP-21936,23,Female,29313,685,0.216,13.0,7,0,13325,Small Business,1
APP-21937,21,Male,18000,665,0.318,0.6,3,0,31328,Small Business,1
APP-21938,58,Male,113688,614,0.272,0.3,6,0,18373,Small Business,1
APP-21939,35,Female,86943,559,0.4,10.6,3,0,14119,Major Purchase,1
APP-21940,54,Male,57880,656,0.241,6.0,7,0,20145,Credit Card Refinance,1
APP-21941,55,Female,110513,673,0.213,2.7,4,0,33121,Credit Card Refinance,0
APP-21942,69,Male,55445,673,0.228,7.0,7,0,19308,Home Improvement,1
APP-21943,45,Female,36604,731,0.334,6.8,8,1,16437,Home Improvement,0
APP-21944,44,Female,66524,743,0.436,0.2,3,0,22268,Debt Consolidation,1
APP-21945,32,Male,31059,663,0.315,5.6,8,2,16147,Major Purchase,1
APP-21946,38,Male,28350,663,0.253,5.1,7,0,8980,Small Business,1
APP-21947,35,Female,74935,707,0.196,16.6,6,0,17412,Home Improvement,0
APP-21948,64,Female,78485,697,0.495,17.0,7,0,24961,Debt Consolidation,1
APP-21949,36,Female,24329,641,0.109,2.4,7,1,21516,Debt Consolidation,1
APP-21950,47,Male,24828,712,0.298,4.5,1,0,7698,Credit Card Refinance,1
APP-21951,28,Male,38377,660,0.409,0.8,7,0,24381,Major Purchase,1
APP-21952,66,Male,33149,661,0.296,0.3,5,0,22079,Major Purchase,1
APP-21953,45,Female,63708,698,0.252,2.8,8,0,18998,Small Business,0
APP-21954,37,Male,50333,650,0.384,5.9,7,1,26664,Major Purchase,1
APP-21955,49,Male,93031,676,0.189,4.2,11,0,25336,Small Business,0
APP-21956,28,Female,58366,689,0.111,2.8,7,3,25061,Major Purchase,1
APP-21957,35,Female,34388,723,0.362,8.5,6,0,3989,Credit Card Refinance,1
APP-21958,47,Male,18000,718,0.201,7.9,11,0,23131,Debt Consolidation,1
APP-21959,66,Male,54106,687,0.336,6.6,5,0,15656,Major Purchase,1
APP-21960,70,Female,19135,500,0.305,0.4,5,0,20689,Major Purchase,1
APP-21961,27,Female,34155,685,0.351,8.0,5,2,10513,Credit Card Refinance,1
APP-21962,23,Male,32960,695,0.293,12.6,7,0,25347,Home Improvement,0
APP-21963,49,Female,37062,709,0.386,0.3,9,0,26545,Small Business,1
APP-21964,64,Female,23770,607,0.236,2.6,7,2,17219,Home Improvement,1
APP-21965,44,Male,32895,532,0.414,22.3,11,0,4434,Debt Consolidation,1
APP-21966,23,Male,92064,722,0.174,4.6,3,0,22271,Home Improvement,0
APP-21967,40,Male,91925,590,0.461,3.6,9,0,19619,Debt Consolidation,1
APP-21968,66,Female,113877,749,0.566,1.0,6,0,2663,Small Business,0
APP-21969,35,Male,49295,632,0.333,4.2,3,0,17973,Credit Card Refinance,1
APP-21970,45,Female,56906,603,0.508,2.9,8,0,24524,Debt Consolidation,1
APP-21971,50,Female,92812,692,0.539,0.7,8,0,2000,Small Business,1
APP-21972,34,Male,21832,710,0.281,3.1,9,0,18481,Credit Card Refinance,1
APP-21973,27,Female,76350,706,0.326,0.9,9,1,19788,Home Improvement,1
APP-21974,37,Female,100336,702,0.222,6.6,2,0,19846,Home Improvement,0
APP-21975,64,Male,30063,623,0.23,18.2,8,0,16142,Debt Consolidation,0
APP-21976,40,Male,104867,570,0.348,3.2,4,0,19210,Major Purchase,1
APP-21977,56,Male,152016,644,0.124,5.0,4,0,16309,Major Purchase,0
APP-21978,29,Female,75193,595,0.42,2.8,3,2,15813,Credit Card Refinance,1
APP-21979,58,Female,67980,698,0.34,0.7,6,3,21791,Home Improvement,1
APP-21980,68,Male,26479,726,0.402,17.6,6,0,38469,Small Business,1
APP-21981,42,Female,88261,681,0.298,0.7,6,0,17602,Credit Card Refinance,1
APP-21982,22,Female,27887,669,0.401,0.6,8,0,12488,Debt Consolidation,0
APP-21983,44,Female,60075,649,0.35,3.1,7,0,16969,Debt Consolidation,1
APP-21984,28,Male,63519,733,0.381,5.4,4,1,17288,Credit Card Refinance,0
APP-21985,31,Male,18000,551,0.428,2.2,4,0,12710,Small Business,1
APP-21986,33,Male,61278,591,0.168,1.1,9,2,12680,Home Improvement,1
APP-21987,37,Female,207276,788,0.236,8.5,12,1,11199,Home Improvement,0
APP-21988,28,Male,18000,588,0.598,2.3,7,0,13454,Small Business,1
APP-21989,41,Female,47589,704,0.345,1.1,7,0,18588,Home Improvement,1
APP-21990,38,Male,18000,717,0.114,2.3,4,0,17260,Major Purchase,1
APP-21991,50,Male,29978,544,0.115,1.2,10,0,27092,Major Purchase,1
APP-21992,38,Male,18000,557,0.311,3.7,3,0,2000,Small Business,1
APP-21993,66,Female,53516,752,0.257,5.5,7,0,16606,Major Purchase,0
APP-21994,67,Male,75847,606,0.223,8.0,9,0,13404,Credit Card Refinance,0
APP-21995,51,Male,61411,608,0.535,1.3,7,0,8292,Home Improvement,1
APP-21996,58,Female,29389,636,0.276,0.9,12,0,11412,Credit Card Refinance,1
APP-21997,52,Male,35060,606,0.419,0.1,9,1,3373,Small Business,1
APP-21998,31,Male,56939,704,0.35,1.3,6,0,16728,Major Purchase,0
APP-21999,65,Female,29899,593,0.285,0.1,6,0,18018,Credit Card Refinance,1
APP-22000,45,Male,23603,542,0.183,2.1,1,0,6775,Credit Card Refinance,1
APP-22001,53,Male,42979,745,0.412,0.8,7,1,17513,Debt Consolidation,1
APP-22002,58,Male,29155,596,0.05,4.3,10,0,18611,Credit Card Refinance,1
APP-22003,61,Male,61473,621,0.424,2.4,9,0,10616,Major Purchase,1
APP-22004,28,Male,100135,723,0.338,0.5,6,0,18734,Home Improvement,1
APP-22005,31,Male,204571,674,0.394,2.6,5,1,18412,Home Improvement,1
APP-22006,42,Male,59038,742,0.321,1.2,8,1,16464,Home Improvement,1
APP-22007,71,Male,69932,724,0.172,5.7,2,1,24272,Major Purchase,0
APP-22008,44,Female,35255,640,0.368,2.3,12,0,26361,Home Improvement,0
APP-22009,61,Male,36477,736,0.422,0.8,5,0,26722,Home Improvement,1
APP-22010,37,Male,99332,680,0.263,2.2,5,0,11092,Small Business,0
APP-22011,32,Female,42109,631,0.399,1.3,10,0,16488,Small Business,1
APP-22012,66,Female,51027,688,0.356,7.9,6,0,2208,Debt Consolidation,0
APP-22013,52,Male,96051,584,0.374,20.5,7,0,23479,Debt Consolidation,1
APP-22014,35,Female,42287,724,0.217,0.1,9,0,24788,Credit Card Refinance,0
APP-22015,36,Male,111885,715,0.474,5.9,10,1,26882,Credit Card Refinance,0
APP-22016,42,Male,67182,677,0.356,1.5,6,0,32880,Credit Card Refinance,1
APP-22017,48,Female,62973,545,0.42,0.3,8,0,26532,Debt Consolidation,1
APP-22018,40,Male,34320,745,0.273,0.1,8,0,22292,Home Improvement,0
APP-22019,53,Male,64862,698,0.438,10.6,9,0,18799,Credit Card Refinance,1
APP-22020,30,Male,38716,668,0.269,2.2,10,0,38801,Home Improvement,1
APP-22021,60,Female,63460,658,0.213,26.1,8,1,20106,Home Improvement,1
APP-22022,52,Male,46350,635,0.533,2.9,8,0,37283,Debt Consolidation,1
APP-22023,70,Female,83428,647,0.05,1.0,14,0,12546,Small Business,1
APP-22024,53,Male,48171,719,0.65,7.5,10,0,15507,Small Business,0
APP-22025,22,Female,150365,636,0.404,13.1,8,0,24079,Major Purchase,1
APP-22026,53,Female,42127,652,0.282,8.5,10,0,2000,Small Business,1
APP-22027,53,Female,36533,661,0.359,6.8,5,0,16083,Credit Card Refinance,1
APP-22028,61,Female,59299,663,0.404,2.0,5,0,27582,Debt Consolidation,1
APP-22029,33,Female,88683,629,0.28,0.3,5,0,14954,Home Improvement,1
APP-22030,50,Male,88305,658,0.564,1.1,7,0,17996,Debt Consolidation,1
APP-22031,53,Male,53730,692,0.497,3.0,5,0,5366,Major Purchase,0
APP-22032,33,Male,59071,611,0.647,15.6,3,0,14740,Major Purchase,1
APP-22033,46,Female,59118,659,0.173,6.4,4,3,11416,Major Purchase,1
APP-22034,42,Female,27096,795,0.346,8.8,15,0,24021,Home Improvement,0
APP-22035,59,Male,86097,665,0.154,1.6,7,0,24463,Major Purchase,1
APP-22036,22,Male,24542,609,0.189,5.8,6,0,11635,Major Purchase,1
APP-22037,58,Male,27124,601,0.281,9.9,6,0,10422,Major Purchase,0
APP-22038,59,Female,50527,587,0.283,3.3,8,1,30489,Home Improvement,1
APP-22039,46,Male,41112,775,0.364,2.8,4,0,7452,Major Purchase,1
APP-22040,66,Female,75954,735,0.307,6.4,6,0,24246,Credit Card Refinance,0
APP-22041,70,Female,62695,586,0.416,4.1,7,0,18310,Debt Consolidation,1
APP-22042,35,Male,52892,683,0.358,24.9,7,0,26915,Major Purchase,0
APP-22043,54,Male,26395,749,0.518,2.8,3,0,19613,Major Purchase,1
APP-22044,62,Male,49742,667,0.419,1.0,5,0,13763,Debt Consolidation,1
APP-22045,64,Male,47625,638,0.179,3.2,8,0,8682,Major Purchase,0
APP-22046,69,Male,55392,815,0.303,1.3,5,0,8882,Major Purchase,0
APP-22047,60,Male,38695,546,0.311,4.1,8,0,7907,Credit Card Refinance,1
APP-22048,31,Female,65352,841,0.373,0.7,5,0,17094,Small Business,0
APP-22049,23,Male,40513,673,0.449,15.0,6,0,24492,Home Improvement,1
APP-22050,26,Male,62069,753,0.354,9.8,10,0,10663,Home Improvement,1
APP-22051,29,Female,75949,591,0.389,0.8,10,0,9720,Debt Consolidation,0
APP-22052,26,Female,36533,622,0.184,0.9,8,0,19434,Credit Card Refinance,0
APP-22053,29,Male,32058,599,0.265,3.6,3,0,29125,Home Improvement,1
APP-22054,59,Female,63703,663,0.091,7.4,12,0,24180,Debt Consolidation,0
APP-22055,51,Male,23703,690,0.373,1.2,7,1,17268,Debt Consolidation,1
APP-22056,52,Female,90347,739,0.421,0.3,7,0,9780,Debt Consolidation,1
APP-22057,61,Female,49317,558,0.162,3.9,6,0,18386,Home Improvement,1
APP-22058,70,Female,46022,680,0.339,5.9,5,0,25078,Small Business,1
APP-22059,32,Male,66191,728,0.308,1.4,7,0,22670,Debt Consolidation,0
APP-22060,28,Female,63970,740,0.523,6.7,5,1,20064,Major Purchase,1
APP-22061,28,Male,49196,641,0.213,15.0,5,3,26877,Small Business,1
APP-22062,70,Male,79478,642,0.43,0.7,6,1,29979,Small Business,0
APP-22063,48,Male,33866,664,0.457,3.6,3,1,24687,Major Purchase,0
APP-22064,40,Male,72532,682,0.297,0.3,3,0,2000,Home Improvement,0
APP-22065,67,Male,27085,754,0.355,1.2,10,0,25733,Home Improvement,1
APP-22066,27,Female,64916,591,0.449,0.5,3,1,16821,Credit Card Refinance,1
APP-22067,31,Female,40932,618,0.188,2.6,4,0,19072,Home Improvement,1
APP-22068,40,Male,23834,583,0.269,8.6,7,0,15969,Credit Card Refinance,1
APP-22069,36,Male,56452,697,0.342,4.3,10,1,12566,Debt Consolidation,0
APP-22070,24,Male,48101,741,0.568,1.3,12,0,2000,Home Improvement,1
APP-22071,26,Male,20983,577,0.272,0.2,11,0,20384,Home Improvement,1
APP-22072,42,Male,18000,675,0.288,4.0,8,0,7567,Major Purchase,1
APP-22073,46,Female,45082,736,0.506,0.7,5,1,22166,Debt Consolidation,1
APP-22074,23,Male,119374,720,0.4,2.1,5,0,14833,Credit Card Refinance,0
APP-22075,61,Male,58486,720,0.582,3.6,3,0,26972,Debt Consolidation,0
APP-22076,62,Male,33942,592,0.451,11.7,7,2,31939,Small Business,1
APP-22077,34,Female,88878,720,0.302,0.4,8,0,16975,Major Purchase,1
APP-22078,31,Female,80738,657,0.285,5.5,7,0,13860,Small Business,0
APP-22079,38,Female,98653,739,0.221,0.1,5,0,12185,Credit Card Refinance,0
APP-22080,32,Female,71406,699,0.163,5.0,5,0,21597,Home Improvement,1
APP-22081,43,Male,79797,616,0.361,4.0,5,0,13366,Home Improvement,1
APP-22082,32,Male,73284,688,0.395,8.4,9,0,17796,Home Improvement,1
APP-22083,33,Female,37698,723,0.41,3.8,7,0,10556,Credit Card Refinance,1
APP-22084,45,Male,19920,637,0.305,2.2,8,0,18413,Small Business,1
APP-22085,65,Female,36804,678,0.552,1.4,2,0,31313,Credit Card Refinance,1
APP-22086,71,Male,90013,583,0.157,0.4,10,0,12100,Credit Card Refinance,1
APP-22087,39,Male,39753,705,0.143,3.8,1,0,18117,Small Business,0
APP-22088,66,Female,45251,666,0.222,11.0,2,0,21928,Home Improvement,0
APP-22089,56,Female,25817,729,0.321,3.6,6,0,28684,Major Purchase,0
APP-22090,65,Female,36203,703,0.188,6.7,16,0,27226,Credit Card Refinance,0
APP-22091,28,Male,48776,643,0.482,1.8,7,0,23814,Credit Card Refinance,1
APP-22092,49,Male,64273,614,0.231,3.0,8,0,21265,Small Business,1
APP-22093,52,Male,38091,600,0.21,2.0,8,0,40955,Major Purchase,1
APP-22094,71,Male,36654,637,0.447,0.6,9,0,23664,Credit Card Refinance,1
APP-22095,64,Male,77901,727,0.345,2.7,7,0,20310,Debt Consolidation,1
APP-22096,38,Male,58623,555,0.414,7.2,8,0,27639,Major Purchase,1
APP-22097,26,Male,62740,602,0.314,2.5,12,0,22630,Credit Card Refinance,1
APP-22098,38,Male,113615,725,0.353,5.3,7,1,38348,Major Purchase,1
APP-22099,39,Male,37131,756,0.148,7.1,7,3,13518,Debt Consolidation,1
APP-22100,42,Male,47716,606,0.302,1.9,9,0,17616,Debt Consolidation,1
APP-22101,57,Male,66379,601,0.194,8.0,9,0,7320,Major Purchase,1
APP-22102,52,Male,30353,761,0.555,2.1,3,0,17115,Home Improvement,0
APP-22103,61,Male,55602,661,0.475,1.5,4,0,8587,Major Purchase,1
APP-22104,23,Female,49622,611,0.242,1.3,7,0,18972,Small Business,1
APP-22105,48,Male,225824,737,0.295,1.1,7,2,12449,Home Improvement,0
APP-22106,30,Male,51788,702,0.301,6.7,9,1,24312,Debt Consolidation,1
APP-22107,71,Male,92625,717,0.578,10.9,8,0,14059,Home Improvement,1
APP-22108,55,Female,77378,615,0.368,1.3,6,0,23691,Debt Consolidation,1
APP-22109,49,Female,25949,694,0.269,0.4,8,0,16314,Debt Consolidation,1
APP-22110,35,Female,20913,751,0.338,1.9,5,0,27529,Debt Consolidation,1
APP-22111,53,Female,56154,711,0.136,5.4,5,0,17259,Small Business,0
APP-22112,27,Male,97883,729,0.311,2.3,4,0,14524,Small Business,0
APP-22113,32,Female,57431,761,0.19,4.0,7,0,3442,Credit Card Refinance,0
APP-22114,69,Female,51193,697,0.098,6.8,5,0,7207,Small Business,1
APP-22115,50,Male,41929,633,0.558,2.6,3,0,23977,Debt Consolidation,1
APP-22116,41,Male,23666,727,0.317,35.0,6,0,7727,Major Purchase,0
APP-22117,51,Male,28903,598,0.227,1.8,11,0,25644,Home Improvement,1
APP-22118,44,Female,20084,655,0.116,19.1,7,0,14521,Major Purchase,0
APP-22119,40,Female,26724,708,0.293,1.1,8,0,17885,Debt Consolidation,0
APP-22120,57,Female,36705,460,0.302,0.6,9,2,22502,Major Purchase,1
APP-22121,24,Male,75117,686,0.412,6.9,7,0,26604,Home Improvement,0
APP-22122,48,Male,38376,689,0.206,6.1,5,0,6327,Credit Card Refinance,1
APP-22123,64,Male,56420,596,0.256,8.3,9,0,6956,Credit Card Refinance,0
APP-22124,40,Male,52805,691,0.209,2.1,11,0,15903,Small Business,0
APP-22125,44,Female,64503,682,0.294,13.4,7,0,27568,Major Purchase,0
APP-22126,70,Female,27746,672,0.081,0.6,11,0,18153,Small Business,0
APP-22127,69,Male,87777,747,0.223,0.2,9,1,27275,Small Business,0
APP-22128,71,Female,22607,727,0.396,1.8,6,0,4781,Major Purchase,1
APP-22129,52,Male,38319,711,0.173,8.0,8,0,13495,Major Purchase,0
APP-22130,61,Female,48460,603,0.44,5.6,8,0,18595,Home Improvement,0
APP-22131,56,Male,74464,668,0.425,2.9,11,0,9415,Major Purchase,1
APP-22132,54,Male,104675,746,0.435,1.5,8,2,8788,Major Purchase,1
APP-22133,56,Male,74788,656,0.319,0.3,5,0,11574,Small Business,1
APP-22134,22,Male,106804,771,0.309,2.1,6,0,14930,Credit Card Refinance,0
APP-22135,35,Male,31068,713,0.358,3.1,9,0,8894,Debt Consolidation,1
APP-22136,54,Female,94344,781,0.478,5.8,4,0,27741,Credit Card Refinance,1
APP-22137,56,Female,85841,600,0.468,5.2,4,0,19614,Major Purchase,0
APP-22138,26,Female,18000,659,0.121,14.7,8,0,20513,Debt Consolidation,1
APP-22139,59,Male,43423,666,0.215,0.5,4,0,20266,Major Purchase,0
APP-22140,62,Female,68262,709,0.194,2.0,4,0,30623,Home Improvement,0
APP-22141,71,Male,36920,621,0.407,3.3,6,0,34160,Major Purchase,1
APP-22142,71,Male,26978,565,0.238,5.6,3,0,15780,Debt Consolidation,1
APP-22143,32,Female,156810,694,0.296,3.4,9,1,22253,Home Improvement,0
APP-22144,23,Female,52107,646,0.525,12.2,6,0,15617,Debt Consolidation,0
APP-22145,65,Male,52898,639,0.455,4.7,5,0,25081,Home Improvement,1
APP-22146,38,Male,23862,624,0.485,0.2,6,0,29321,Small Business,1
APP-22147,60,Female,35003,678,0.234,0.6,7,0,17952,Debt Consolidation,0
APP-22148,41,Male,29917,600,0.05,7.0,12,0,25571,Small Business,1
APP-22149,35,Male,88737,657,0.273,6.3,6,2,15390,Small Business,1
APP-22150,53,Male,64702,616,0.147,0.8,12,0,27282,Major Purchase,1
APP-22151,55,Male,35817,630,0.087,0.3,7,2,10877,Credit Card Refinance,1
APP-22152,46,Male,66721,692,0.455,4.3,5,0,9409,Home Improvement,1
APP-22153,28,Male,42640,712,0.213,5.0,7,1,22813,Debt Consolidation,0
APP-22154,56,Female,55768,650,0.223,0.7,6,0,27139,Small Business,1
APP-22155,68,Male,55624,732,0.276,3.2,6,0,23207,Major Purchase,1
APP-22156,50,Female,61768,606,0.518,1.8,8,0,26470,Debt Consolidation,1
APP-22157,43,Female,57803,571,0.301,13.4,7,0,11191,Major Purchase,1
APP-22158,62,Female,61794,583,0.434,1.2,10,2,17452,Debt Consolidation,1
APP-22159,64,Male,97801,600,0.282,6.6,7,0,5383,Major Purchase,0
APP-22160,34,Male,69724,584,0.13,3.7,4,0,8451,Major Purchase,1
APP-22161,34,Female,40729,801,0.177,0.1,5,1,29640,Credit Card Refinance,0
APP-22162,22,Female,46449,569,0.32,3.6,9,0,15049,Small Business,0
APP-22163,57,Male,96432,730,0.333,0.5,5,2,32859,Home Improvement,1
APP-22164,25,Female,52147,668,0.385,5.4,10,0,19335,Home Improvement,0
APP-22165,58,Male,39906,684,0.385,4.2,6,0,16234,Debt Consolidation,1
APP-22166,65,Male,34643,611,0.428,0.1,7,0,16006,Debt Consolidation,1
APP-22167,61,Male,56963,691,0.228,1.1,10,0,26019,Credit Card Refinance,0
APP-22168,67,Male,30632,610,0.539,7.5,11,0,17049,Debt Consolidation,1
APP-22169,34,Male,99373,729,0.55,1.6,7,0,18335,Home Improvement,0
APP-22170,59,Female,27700,735,0.258,3.5,8,0,20494,Small Business,0
APP-22171,45,Female,110518,661,0.225,1.9,10,0,7252,Credit Card Refinance,1
APP-22172,40,Male,41903,665,0.106,12.7,8,0,18782,Debt Consolidation,1
APP-22173,22,Male,27113,698,0.341,3.8,1,0,17601,Credit Card Refinance,1
APP-22174,59,Male,54396,694,0.374,6.0,8,0,21652,Credit Card Refinance,0
APP-22175,26,Male,29022,736,0.25,0.4,3,3,25941,Credit Card Refinance,0
APP-22176,37,Female,49956,734,0.354,0.2,9,0,16110,Debt Consolidation,1
APP-22177,45,Female,35680,668,0.153,1.5,9,0,22051,Major Purchase,1
APP-22178,48,Female,82437,638,0.436,1.8,1,0,7156,Debt Consolidation,1
APP-22179,22,Female,52849,722,0.256,5.8,6,1,33959,Debt Consolidation,1
APP-22180,55,Male,25497,659,0.355,4.2,4,0,30328,Debt Consolidation,1
APP-22181,57,Male,35299,677,0.345,2.3,9,1,15333,Debt Consolidation,1
APP-22182,25,Male,72237,704,0.085,5.3,4,0,18859,Debt Consolidation,1
APP-22183,21,Male,99498,733,0.42,0.9,6,1,2000,Credit Card Refinance,0
APP-22184,60,Female,47815,686,0.226,0.3,5,0,23365,Credit Card Refinance,1
APP-22185,32,Male,27600,631,0.344,9.6,10,0,12129,Debt Consolidation,1
APP-22186,56,Male,87528,786,0.151,4.1,8,0,4983,Small Business,0
APP-22187,65,Female,72064,769,0.262,5.2,12,0,20759,Small Business,0
APP-22188,43,Female,100568,603,0.364,1.8,6,0,10734,Major Purchase,1
APP-22189,67,Female,57504,610,0.19,2.3,3,0,9762,Small Business,0
APP-22190,51,Male,36815,618,0.197,0.4,6,0,24228,Home Improvement,0
APP-22191,31,Male,65139,725,0.335,9.7,11,0,31054,Home Improvement,1
APP-22192,30,Male,58658,789,0.3,4.5,8,0,20234,Small Business,0
APP-22193,23,Male,35732,637,0.362,0.4,7,0,28065,Debt Consolidation,1
APP-22194,34,Male,54679,681,0.276,8.2,6,0,15284,Small Business,0
APP-22195,36,Male,44034,621,0.397,2.9,4,0,22740,Home Improvement,0
APP-22196,30,Female,73787,780,0.252,7.2,4,0,19945,Small Business,1
APP-22197,49,Male,64254,723,0.392,0.1,4,0,21646,Credit Card Refinance,0
APP-22198,30,Female,27491,616,0.211,0.1,9,0,10453,Major Purchase,1
APP-22199,32,Female,26008,533,0.247,0.9,2,1,2000,Credit Card Refinance,1
APP-22200,50,Male,46658,737,0.408,1.2,4,0,29192,Credit Card Refinance,1
APP-22201,61,Female,49913,632,0.258,7.2,8,0,15978,Major Purchase,1
APP-22202,21,Male,74498,724,0.179,6.1,9,0,3081,Debt Consolidation,1
APP-22203,25,Male,65011,689,0.528,4.8,10,0,17890,Major Purchase,1
APP-22204,40,Female,109346,550,0.316,10.8,11,1,20997,Debt Consolidation,1
APP-22205,28,Male,37912,617,0.377,1.4,7,0,18400,Home Improvement,1
APP-22206,63,Female,36740,646,0.05,11.7,7,0,20110,Small Business,0
APP-22207,32,Male,28914,626,0.48,12.0,5,0,18788,Home Improvement,1
APP-22208,21,Female,74026,677,0.638,2.8,9,0,15422,Home Improvement,1
APP-22209,40,Male,49610,696,0.469,0.5,3,0,19410,Home Improvement,1
APP-22210,48,Male,18000,786,0.486,6.5,5,0,16768,Small Business,0
APP-22211,63,Male,54786,700,0.271,2.1,4,0,19592,Debt Consolidation,0
APP-22212,57,Female,56742,766,0.35,7.9,10,0,21176,Major Purchase,1
APP-22213,67,Female,45279,639,0.379,0.9,5,0,22651,Debt Consolidation,1
APP-22214,57,Female,57708,745,0.236,3.9,4,0,14036,Debt Consolidation,0
APP-22215,32,Male,25056,645,0.305,3.5,7,0,23446,Credit Card Refinance,1
APP-22216,57,Female,120881,610,0.2,0.5,6,0,21527,Small Business,0
APP-22217,69,Female,60424,607,0.273,2.3,9,0,27827,Debt Consolidation,1
APP-22218,69,Female,18480,498,0.421,0.4,7,0,19545,Debt Consolidation,1
APP-22219,64,Male,48862,725,0.108,3.1,5,0,26089,Home Improvement,0
APP-22220,48,Female,61309,586,0.434,9.3,5,0,2000,Credit Card Refinance,1
APP-22221,67,Female,26579,761,0.131,1.6,11,0,9537,Major Purchase,0
APP-22222,35,Male,65742,658,0.326,7.2,7,0,26900,Credit Card Refinance,0
APP-22223,26,Female,123563,568,0.337,1.0,6,0,20676,Home Improvement,1
APP-22224,64,Female,34392,597,0.389,5.6,7,0,9596,Home Improvement,1
APP-22225,40,Male,62046,682,0.298,12.4,9,0,19495,Home Improvement,1
APP-22226,70,Male,54980,547,0.195,2.0,6,1,26564,Small Business,1
APP-22227,34,Male,83496,708,0.342,11.5,9,0,8133,Home Improvement,1
APP-22228,22,Female,46172,571,0.581,3.5,3,0,20253,Debt Consolidation,1
APP-22229,29,Female,27263,621,0.318,1.9,6,0,35507,Small Business,0
APP-22230,57,Male,80603,682,0.214,11.3,9,0,11579,Home Improvement,1
APP-22231,40,Female,28169,700,0.264,0.2,5,0,10737,Small Business,1
APP-22232,46,Female,132571,721,0.338,0.1,10,0,2000,Debt Consolidation,1
APP-22233,49,Male,66730,585,0.288,4.6,5,0,15063,Home Improvement,1
APP-22234,21,Female,35263,649,0.271,8.0,7,0,25408,Home Improvement,1
APP-22235,55,Female,90197,741,0.479,7.0,10,0,13860,Debt Consolidation,1
APP-22236,26,Female,48773,649,0.382,0.4,4,0,38812,Home Improvement,1
APP-22237,57,Female,43400,689,0.306,15.0,6,0,45000,Debt Consolidation,1
APP-22238,25,Female,33709,680,0.307,6.1,12,1,32439,Home Improvement,0
APP-22239,53,Female,18000,754,0.341,14.9,12,0,12257,Home Improvement,1
APP-22240,69,Male,68351,639,0.387,2.0,7,0,20493,Credit Card Refinance,1
APP-22241,71,Female,20020,579,0.474,5.9,4,0,13311,Small Business,1
APP-22242,34,Female,31687,607,0.271,9.8,5,1,12800,Major Purchase,1
APP-22243,32,Female,62197,682,0.201,2.4,8,0,20751,Credit Card Refinance,1
APP-22244,62,Male,37220,567,0.253,16.7,5,0,9581,Credit Card Refinance,1
APP-22245,40,Female,53446,634,0.215,1.5,11,1,2858,Small Business,1
APP-22246,70,Male,25146,674,0.137,1.9,12,0,6823,Credit Card Refinance,0
APP-22247,44,Female,40471,620,0.489,12.6,9,0,20152,Debt Consolidation,1
APP-22248,63,Male,53629,691,0.423,17.5,10,1,33160,Credit Card Refinance,1
APP-22249,54,Male,29047,717,0.05,1.7,5,0,25519,Major Purchase,0
APP-22250,45,Male,123933,699,0.346,0.7,8,0,17110,Debt Consolidation,1
APP-22251,70,Male,34524,569,0.275,7.1,4,2,24092,Small Business,1
APP-22252,49,Female,104624,675,0.26,13.3,4,0,17457,Small Business,1
APP-22253,59,Female,44699,680,0.05,4.6,10,1,26542,Small Business,1
APP-22254,51,Female,20688,645,0.317,5.0,7,0,24046,Debt Consolidation,1
APP-22255,67,Male,26231,690,0.329,7.2,7,1,2000,Small Business,1
APP-22256,63,Male,54005,688,0.179,0.8,8,2,12807,Small Business,0
APP-22257,70,Female,86510,664,0.515,18.1,7,0,23454,Major Purchase,1
APP-22258,43,Female,129751,604,0.415,2.3,3,0,24523,Home Improvement,1
APP-22259,64,Male,52602,668,0.192,4.9,7,0,14292,Home Improvement,1
APP-22260,58,Male,25655,791,0.443,3.2,8,2,2000,Home Improvement,1
APP-22261,40,Male,57134,644,0.264,3.2,11,0,19682,Small Business,1
APP-22262,43,Female,31136,738,0.447,6.1,9,1,5743,Debt Consolidation,1
APP-22263,65,Female,60821,672,0.147,26.2,9,0,11344,Small Business,0
APP-22264,36,Male,29207,617,0.34,5.4,7,0,29270,Home Improvement,1
APP-22265,70,Male,18000,650,0.174,7.9,3,0,14340,Major Purchase,0
APP-22266,62,Female,101140,668,0.22,0.1,3,0,12342,Small Business,1
APP-22267,28,Male,43281,712,0.088,8.3,5,0,16980,Small Business,0
APP-22268,70,Male,50378,824,0.172,1.8,5,1,25275,Small Business,0
APP-22269,41,Female,84811,673,0.171,0.7,5,0,16007,Debt Consolidation,1
APP-22270,21,Male,137773,589,0.156,0.6,5,1,29752,Major Purchase,1
APP-22271,28,Male,72841,562,0.343,5.7,5,0,10633,Major Purchase,1
APP-22272,49,Female,51878,642,0.108,30.2,7,0,9659,Major Purchase,1
APP-22273,52,Female,63232,596,0.356,5.5,5,0,21776,Major Purchase,1
APP-22274,58,Female,41683,706,0.441,1.5,4,1,12418,Home Improvement,1
APP-22275,25,Female,50004,706,0.213,1.1,6,0,21838,Small Business,1
APP-22276,67,Female,53086,660,0.31,3.7,4,0,36333,Major Purchase,1
APP-22277,42,Female,31804,712,0.28,0.3,7,0,7855,Credit Card Refinance,1
APP-22278,67,Male,49595,674,0.271,2.5,6,0,20618,Credit Card Refinance,1
APP-22279,54,Female,59988,791,0.05,5.5,13,0,25390,Home Improvement,0
APP-22280,21,Female,65144,710,0.185,17.2,4,0,12731,Credit Card Refinance,0
APP-22281,46,Male,62350,728,0.495,2.8,6,0,18103,Credit Card Refinance,0
APP-22282,63,Male,23471,575,0.359,1.1,4,0,2000,Credit Card Refinance,1
APP-22283,30,Male,96383,593,0.291,8.5,9,0,17979,Home Improvement,1
APP-22284,50,Male,92083,701,0.078,6.8,7,0,10042,Small Business,0
APP-22285,70,Male,46495,569,0.391,9.8,8,0,10139,Home Improvement,1
APP-22286,38,Female,62977,629,0.211,1.2,8,0,16345,Debt Consolidation,1
APP-22287,37,Female,43516,746,0.172,2.6,9,0,14412,Debt Consolidation,1
APP-22288,46,Male,74130,628,0.184,20.0,6,0,8083,Credit Card Refinance,0
APP-22289,28,Male,31324,591,0.381,0.9,11,0,30509,Credit Card Refinance,0
APP-22290,67,Male,102575,713,0.311,5.6,10,0,19183,Small Business,0
APP-22291,60,Female,72129,804,0.424,1.4,6,0,21151,Credit Card Refinance,1
APP-22292,69,Male,73056,617,0.455,3.5,2,0,13480,Debt Consolidation,1
APP-22293,32,Male,46268,749,0.231,8.1,12,0,17512,Credit Card Refinance,0
APP-22294,47,Male,22540,609,0.315,3.4,4,1,2000,Small Business,1
APP-22295,28,Male,79711,662,0.284,8.2,7,0,9239,Debt Consolidation,1
APP-22296,45,Male,22953,665,0.157,2.8,8,0,29931,Credit Card Refinance,0
APP-22297,66,Female,80240,619,0.174,35.0,10,0,22970,Small Business,0
APP-22298,24,Female,32058,726,0.3,2.9,8,0,14138,Small Business,0
APP-22299,53,Female,20478,569,0.313,0.8,5,2,21131,Debt Consolidation,1
APP-22300,21,Male,49047,682,0.313,2.6,8,0,4007,Debt Consolidation,0
APP-22301,39,Female,93952,739,0.314,6.8,7,0,14764,Debt Consolidation,0
APP-22302,51,Female,28822,721,0.222,9.4,5,0,18031,Small Business,0
APP-22303,36,Male,118121,701,0.575,3.1,6,0,24313,Debt Consolidation,0
APP-22304,34,Female,70347,773,0.348,4.5,6,2,11532,Debt Consolidation,0
APP-22305,68,Male,53434,655,0.251,9.3,4,0,18338,Small Business,1
APP-22306,25,Female,38576,570,0.368,8.4,8,1,16027,Small Business,1
APP-22307,61,Male,40084,678,0.218,5.4,6,0,21004,Debt Consolidation,0
APP-22308,46,Female,62105,661,0.323,8.4,5,1,19888,Debt Consolidation,1
APP-22309,48,Male,78066,532,0.368,4.3,7,0,17665,Debt Consolidation,1
APP-22310,22,Female,35368,596,0.386,0.0,4,0,20725,Small Business,1
APP-22311,70,Female,31458,588,0.169,0.2,8,0,13185,Major Purchase,1
APP-22312,26,Female,43581,617,0.65,19.5,13,3,13811,Home Improvement,1
APP-22313,29,Male,105503,647,0.462,0.8,6,0,5473,Credit Card Refinance,1
APP-22314,53,Male,25102,649,0.564,2.6,3,0,23625,Home Improvement,1
APP-22315,61,Female,91891,619,0.289,13.6,10,0,16935,Small Business,1
APP-22316,45,Male,50174,588,0.35,1.1,3,1,9361,Major Purchase,1
APP-22317,68,Male,19751,694,0.324,9.3,7,1,11683,Small Business,1
APP-22318,33,Female,38028,677,0.254,8.5,4,0,31201,Debt Consolidation,0
APP-22319,29,Female,68549,679,0.411,21.5,9,2,15920,Credit Card Refinance,1
APP-22320,33,Male,132058,785,0.214,1.7,5,0,21371,Home Improvement,0
APP-22321,51,Male,23622,680,0.404,1.9,6,1,13900,Small Business,1
APP-22322,61,Male,18000,646,0.26,11.7,10,2,8812,Major Purchase,1
APP-22323,31,Female,23854,663,0.368,1.3,8,0,18324,Debt Consolidation,1
APP-22324,24,Female,91283,676,0.495,4.0,4,0,26808,Major Purchase,1
APP-22325,54,Female,18277,710,0.304,6.1,7,0,29801,Credit Card Refinance,1
APP-22326,58,Female,111690,667,0.414,1.6,8,1,28893,Major Purchase,1
APP-22327,66,Male,95620,543,0.259,13.9,9,0,23231,Major Purchase,1
APP-22328,24,Male,54451,641,0.178,5.5,10,0,22519,Debt Consolidation,1
APP-22329,58,Male,34734,670,0.519,0.2,7,0,10704,Major Purchase,1
APP-22330,39,Male,50533,754,0.41,0.7,4,0,18627,Debt Consolidation,0
APP-22331,26,Female,68603,618,0.304,1.1,5,1,26013,Credit Card Refinance,1
APP-22332,54,Female,63080,563,0.404,1.4,4,0,29493,Small Business,1
APP-22333,38,Male,127620,674,0.198,6.6,7,0,17460,Debt Consolidation,1
APP-22334,33,Male,42486,726,0.373,0.5,11,2,14693,Small Business,1
APP-22335,61,Female,23969,644,0.346,2.2,7,0,10648,Home Improvement,0
APP-22336,43,Female,21752,824,0.398,12.1,4,0,17993,Major Purchase,0
APP-22337,39,Male,19486,809,0.517,4.1,11,1,27410,Small Business,1
APP-22338,65,Female,54608,665,0.494,1.5,9,0,14099,Major Purchase,1
APP-22339,31,Female,43092,682,0.153,15.7,4,0,23352,Debt Consolidation,1
APP-22340,21,Male,49909,758,0.081,1.4,8,0,27334,Major Purchase,0
APP-22341,44,Female,36483,664,0.349,11.8,7,2,14814,Credit Card Refinance,1
APP-22342,27,Male,26619,617,0.34,6.5,6,0,16618,Small Business,1
APP-22343,45,Female,68726,727,0.184,6.7,9,0,28193,Major Purchase,0
APP-22344,41,Female,18000,700,0.205,7.2,9,1,20975,Small Business,1
APP-22345,35,Female,31543,617,0.228,3.5,8,0,31044,Small Business,0
APP-22346,21,Female,75551,688,0.48,8.4,7,0,18481,Credit Card Refinance,1
APP-22347,32,Male,29867,659,0.263,9.0,6,0,27400,Debt Consolidation,1
APP-22348,27,Female,60804,644,0.14,2.2,9,3,8897,Major Purchase,1
APP-22349,35,Female,31566,618,0.312,2.6,13,0,24315,Home Improvement,0
APP-22350,41,Female,38150,677,0.32,11.0,6,0,14978,Small Business,0
APP-22351,39,Female,67252,652,0.196,3.7,9,1,7829,Debt Consolidation,1
APP-22352,49,Female,24274,688,0.391,10.1,6,0,14355,Home Improvement,1
APP-22353,45,Female,73858,723,0.456,4.9,7,0,16935,Small Business,0
APP-22354,53,Male,50274,685,0.277,4.5,6,0,22699,Home Improvement,1
APP-22355,69,Female,97835,686,0.14,0.2,7,0,17248,Major Purchase,0
APP-22356,52,Female,54966,634,0.287,1.6,6,0,2932,Major Purchase,0
APP-22357,69,Female,27222,746,0.356,3.5,4,0,15481,Small Business,0
APP-22358,55,Female,126803,614,0.061,4.4,10,0,18066,Small Business,0
APP-22359,64,Male,28502,565,0.378,5.0,12,0,23241,Major Purchase,1
APP-22360,58,Male,43263,600,0.275,6.3,4,3,25509,Debt Consolidation,1
APP-22361,46,Female,82998,737,0.325,5.3,3,0,12350,Home Improvement,1
APP-22362,31,Female,18000,699,0.285,9.4,6,0,12193,Small Business,1
APP-22363,55,Male,108208,755,0.23,1.8,7,0,11637,Small Business,0
APP-22364,28,Female,26030,584,0.307,5.1,4,0,10231,Credit Card Refinance,1
APP-22365,66,Male,38167,820,0.259,0.3,8,0,5031,Home Improvement,0
APP-22366,34,Female,57461,651,0.277,3.3,9,0,21872,Major Purchase,0
APP-22367,30,Male,47909,555,0.214,1.6,8,3,38995,Small Business,1
APP-22368,22,Male,75663,812,0.384,2.4,14,0,24950,Small Business,1
APP-22369,66,Male,20323,584,0.468,2.2,7,0,25800,Major Purchase,1
APP-22370,29,Male,73137,644,0.215,0.3,4,0,21696,Home Improvement,1
APP-22371,23,Male,76418,656,0.306,3.1,8,0,7221,Debt Consolidation,1
APP-22372,41,Male,86342,698,0.189,26.1,11,0,15528,Major Purchase,0
APP-22373,46,Male,20448,618,0.367,1.8,6,0,23579,Debt Consolidation,1
APP-22374,28,Female,21852,737,0.347,6.7,8,2,7789,Small Business,1
APP-22375,68,Female,40606,718,0.251,4.0,8,1,14142,Debt Consolidation,1
APP-22376,22,Male,23191,671,0.31,2.0,6,2,7525,Debt Consolidation,1
APP-22377,26,Female,18175,756,0.424,0.5,7,0,14022,Major Purchase,0
APP-22378,48,Male,39655,665,0.127,1.2,4,0,33882,Small Business,1
APP-22379,49,Female,55756,652,0.165,7.6,6,0,30981,Home Improvement,1
APP-22380,46,Female,228533,799,0.39,1.6,4,0,19299,Credit Card Refinance,0
APP-22381,45,Male,66288,689,0.327,0.8,8,0,30506,Debt Consolidation,1
APP-22382,32,Male,128508,605,0.312,2.0,10,1,23365,Small Business,1
APP-22383,25,Male,47844,614,0.433,4.4,8,0,15981,Credit Card Refinance,1
APP-22384,54,Male,66686,671,0.405,6.1,14,0,8130,Home Improvement,0
APP-22385,68,Female,45234,514,0.526,2.4,7,0,15201,Credit Card Refinance,1
APP-22386,57,Male,214425,628,0.427,3.4,12,1,15694,Home Improvement,0
APP-22387,35,Male,33621,663,0.383,3.0,6,0,14864,Credit Card Refinance,1
APP-22388,64,Male,36225,659,0.314,0.0,8,0,17095,Home Improvement,1
APP-22389,56,Male,75970,588,0.303,2.5,6,0,9677,Debt Consolidation,1
APP-22390,35,Female,54946,640,0.32,4.4,6,0,7649,Credit Card Refinance,0
APP-22391,63,Male,38820,746,0.347,4.2,8,2,7151,Home Improvement,1
APP-22392,68,Female,83133,733,0.175,6.9,4,0,21563,Small Business,1
APP-22393,43,Male,47923,676,0.352,5.5,7,1,10346,Major Purchase,1
APP-22394,26,Male,47738,665,0.291,1.6,3,0,19688,Credit Card Refinance,1
APP-22395,66,Female,55649,659,0.363,1.5,6,0,18377,Credit Card Refinance,0
APP-22396,70,Male,18887,685,0.251,3.1,7,0,20762,Credit Card Refinance,1
APP-22397,64,Female,20408,676,0.241,6.6,10,0,15251,Credit Card Refinance,0
APP-22398,63,Female,89124,691,0.348,0.5,6,0,9247,Major Purchase,1
APP-22399,65,Male,33781,702,0.377,14.8,6,0,31855,Credit Card Refinance,1
APP-22400,41,Male,45564,591,0.248,3.9,9,0,12389,Debt Consolidation,1
APP-22401,43,Male,118995,649,0.478,1.8,5,0,33473,Debt Consolidation,1
APP-22402,63,Male,46708,682,0.477,5.9,11,0,7290,Small Business,0
APP-22403,36,Male,43671,607,0.13,0.2,8,0,9888,Major Purchase,1
APP-22404,67,Male,80245,626,0.227,3.3,5,0,3639,Small Business,0
APP-22405,35,Male,35275,655,0.334,3.3,3,0,18664,Debt Consolidation,1
APP-22406,45,Female,94997,659,0.364,0.9,3,0,23209,Credit Card Refinance,1
APP-22407,56,Female,79344,684,0.576,9.1,9,1,6202,Credit Card Refinance,1
APP-22408,31,Female,134145,614,0.337,8.0,11,0,18237,Home Improvement,1
APP-22409,71,Male,33533,732,0.306,0.8,11,1,14707,Major Purchase,1
APP-22410,35,Male,103967,658,0.183,2.3,3,0,2000,Home Improvement,0
APP-22411,24,Female,66486,679,0.13,0.5,7,0,17174,Major Purchase,0
APP-22412,41,Female,23648,645,0.304,9.4,6,0,25363,Major Purchase,1
APP-22413,33,Female,18000,685,0.567,2.0,10,0,29723,Credit Card Refinance,1
APP-22414,42,Male,31605,778,0.295,2.9,6,2,4655,Credit Card Refinance,0
APP-22415,39,Female,57571,645,0.227,2.0,9,0,26177,Small Business,1
APP-22416,54,Female,62351,634,0.374,1.9,4,0,24408,Debt Consolidation,0
APP-22417,34,Male,47453,616,0.079,6.9,10,0,15033,Debt Consolidation,1
APP-22418,24,Male,47687,666,0.33,6.9,4,1,4232,Credit Card Refinance,0
APP-22419,68,Male,45738,665,0.419,3.6,9,0,20657,Debt Consolidation,1
APP-22420,66,Male,86436,673,0.206,5.4,9,1,4414,Major Purchase,1
APP-22421,47,Male,22248,700,0.484,3.6,4,0,20517,Debt Consolidation,0
APP-22422,49,Female,56815,692,0.399,0.1,4,0,13292,Small Business,0
APP-22423,67,Female,31178,668,0.485,0.3,9,0,11198,Debt Consolidation,1
APP-22424,48,Male,29774,796,0.155,2.4,13,0,20265,Debt Consolidation,0
APP-22425,55,Male,93613,714,0.298,6.9,8,0,36438,Small Business,1
APP-22426,28,Male,28544,599,0.431,12.2,8,0,29669,Small Business,0
APP-22427,36,Female,45399,569,0.14,0.2,5,0,17932,Credit Card Refinance,0
APP-22428,62,Male,143943,624,0.434,2.3,9,0,20350,Small Business,1
APP-22429,56,Female,77725,679,0.298,1.3,11,0,17130,Credit Card Refinance,0
APP-22430,50,Male,38168,619,0.433,8.4,6,0,15676,Major Purchase,1
APP-22431,38,Male,39942,629,0.346,9.4,7,2,30876,Home Improvement,1
APP-22432,22,Female,24960,671,0.489,1.2,8,1,20273,Debt Consolidation,1
APP-22433,69,Female,100243,647,0.165,6.2,11,0,22204,Small Business,1
APP-22434,33,Male,85497,536,0.359,6.6,6,2,21263,Debt Consolidation,1
APP-22435,24,Male,71512,740,0.139,1.0,6,1,17521,Major Purchase,1
APP-22436,46,Female,75982,724,0.37,2.8,8,0,9649,Home Improvement,0
APP-22437,45,Male,32016,586,0.359,4.8,12,0,11089,Small Business,0
APP-22438,50,Female,20923,673,0.286,0.1,8,0,20520,Credit Card Refinance,1
APP-22439,31,Male,66722,597,0.226,2.6,4,2,22796,Credit Card Refinance,1
APP-22440,27,Female,79914,630,0.281,0.8,5,1,8398,Small Business,1
APP-22441,51,Female,118643,701,0.332,3.9,7,0,12469,Small Business,0
APP-22442,64,Male,43893,722,0.354,9.3,10,0,13640,Major Purchase,0
APP-22443,30,Female,40509,721,0.552,3.7,4,0,10473,Home Improvement,1
APP-22444,59,Male,42976,685,0.425,0.2,10,0,2000,Small Business,0
APP-22445,33,Male,70891,752,0.25,0.2,4,0,7484,Credit Card Refinance,1
APP-22446,51,Female,41975,630,0.39,4.7,4,0,17661,Home Improvement,1
APP-22447,27,Male,47632,644,0.426,2.0,3,0,22517,Small Business,1
APP-22448,69,Female,77426,501,0.241,4.3,9,0,12501,Home Improvement,1
APP-22449,62,Male,34744,663,0.404,0.9,5,2,21628,Major Purchase,1
APP-22450,62,Male,105359,707,0.142,7.5,6,0,18752,Small Business,0
APP-22451,56,Male,69438,688,0.237,9.9,8,0,23569,Small Business,0
APP-22452,40,Male,18000,629,0.149,11.0,8,0,31188,Home Improvement,1
APP-22453,24,Male,36921,724,0.295,1.8,5,0,10966,Small Business,1
APP-22454,27,Female,18000,665,0.263,5.4,9,0,14151,Home Improvement,1
APP-22455,21,Female,43994,719,0.272,1.6,7,1,8159,Home Improvement,1
APP-22456,64,Female,37269,701,0.418,7.2,3,0,30088,Small Business,0
APP-22457,65,Male,77588,762,0.331,0.6,10,1,14509,Credit Card Refinance,0
APP-22458,62,Male,30195,692,0.416,7.2,7,0,19898,Major Purchase,1
APP-22459,67,Male,60673,709,0.515,2.9,5,0,23178,Home Improvement,1
APP-22460,33,Male,67028,665,0.571,9.7,8,0,29445,Credit Card Refinance,1
APP-22461,42,Male,56469,637,0.303,6.7,12,2,6101,Home Improvement,0
APP-22462,41,Male,91772,701,0.384,2.4,2,0,25516,Credit Card Refinance,1
APP-22463,42,Male,152902,767,0.301,11.7,7,0,2403,Small Business,0
APP-22464,48,Female,52133,629,0.442,1.7,6,0,8869,Major Purchase,1
APP-22465,29,Male,61257,653,0.418,17.1,5,0,16231,Credit Card Refinance,1
APP-22466,46,Male,30207,671,0.241,7.3,7,0,17844,Debt Consolidation,1
APP-22467,29,Male,27980,714,0.258,23.4,9,0,30177,Home Improvement,0
APP-22468,35,Male,86561,692,0.486,0.3,15,0,18379,Credit Card Refinance,1
APP-22469,30,Female,80486,729,0.254,1.6,3,0,17699,Major Purchase,1
APP-22470,44,Male,27825,798,0.307,6.8,10,0,19518,Major Purchase,0
APP-22471,62,Male,23872,628,0.401,12.8,4,1,27119,Major Purchase,1
APP-22472,28,Male,34310,709,0.3,0.1,5,0,12257,Credit Card Refinance,1
APP-22473,44,Male,45353,690,0.504,0.0,4,0,4869,Credit Card Refinance,0
APP-22474,36,Male,39143,671,0.444,1.5,4,0,18759,Small Business,0
APP-22475,69,Female,53545,709,0.214,9.6,12,2,18679,Debt Consolidation,1
APP-22476,46,Female,81176,652,0.25,7.3,7,0,16559,Credit Card Refinance,1
APP-22477,47,Female,63206,690,0.391,2.1,3,2,31127,Small Business,1
APP-22478,57,Male,65832,585,0.314,0.0,7,0,24769,Home Improvement,0
APP-22479,24,Female,18000,634,0.087,4.0,7,1,2779,Debt Consolidation,1
APP-22480,70,Female,20178,738,0.203,1.4,18,2,13983,Major Purchase,1
APP-22481,44,Male,31632,735,0.348,6.8,7,0,21978,Debt Consolidation,1
APP-22482,39,Female,34638,686,0.427,3.0,9,0,21361,Home Improvement,1
APP-22483,56,Male,77800,640,0.429,5.7,3,0,26838,Credit Card Refinance,0
APP-22484,59,Male,30230,723,0.556,9.6,8,1,30084,Credit Card Refinance,1
APP-22485,30,Female,70743,750,0.237,3.8,6,0,21218,Small Business,1
APP-22486,45,Male,31830,643,0.243,2.0,7,1,22884,Credit Card Refinance,1
APP-22487,38,Female,25324,575,0.317,7.3,1,0,6975,Credit Card Refinance,1
APP-22488,39,Male,25979,699,0.119,1.5,4,0,12544,Debt Consolidation,0
APP-22489,56,Female,169743,729,0.32,11.1,5,0,13580,Home Improvement,1
APP-22490,30,Female,31443,708,0.297,0.4,4,0,6644,Major Purchase,1
APP-22491,53,Female,71685,771,0.415,9.0,5,0,24071,Major Purchase,0
APP-22492,70,Male,20805,772,0.435,0.5,7,2,18991,Small Business,1
APP-22493,25,Male,106981,650,0.363,0.3,9,0,32670,Home Improvement,0
APP-22494,67,Male,59395,682,0.32,2.3,12,0,23235,Debt Consolidation,0
APP-22495,69,Male,56993,637,0.364,15.7,6,0,20606,Major Purchase,1
APP-22496,55,Male,61549,603,0.225,20.5,9,0,30490,Small Business,1
APP-22497,64,Female,65394,607,0.31,1.1,9,0,12231,Credit Card Refinance,1
APP-22498,54,Female,76495,716,0.322,0.8,10,0,3455,Credit Card Refinance,1
APP-22499,53,Female,35259,689,0.311,2.2,11,0,25517,Debt Consolidation,0
APP-22500,41,Male,34143,727,0.299,2.1,6,2,21323,Major Purchase,1
APP-22501,37,Male,50366,834,0.245,7.1,8,0,16928,Credit Card Refinance,1
APP-22502,42,Male,71427,702,0.197,2.9,8,2,14160,Small Business,1
APP-22503,68,Female,47256,618,0.295,7.6,5,0,12188,Small Business,1
APP-22504,57,Female,75030,737,0.391,6.9,5,0,17934,Major Purchase,0
APP-22505,35,Female,68858,617,0.112,4.3,5,0,19679,Debt Consolidation,1
APP-22506,55,Female,43506,783,0.26,9.0,10,0,23595,Small Business,0
APP-22507,48,Female,18751,541,0.568,1.1,4,0,6524,Home Improvement,1
APP-22508,27,Male,37162,634,0.297,0.9,10,0,26875,Small Business,1
APP-22509,52,Male,127840,710,0.338,6.9,2,3,16415,Debt Consolidation,1
APP-22510,31,Female,59102,746,0.541,1.4,12,0,18508,Small Business,1
APP-22511,30,Male,34483,625,0.358,0.0,5,0,12064,Credit Card Refinance,1
APP-22512,29,Male,56266,614,0.361,12.1,7,0,21711,Debt Consolidation,1
APP-22513,34,Female,71122,679,0.211,4.9,3,0,32704,Credit Card Refinance,0
APP-22514,33,Female,34493,794,0.358,2.9,6,0,24314,Credit Card Refinance,0
APP-22515,45,Female,96708,570,0.318,6.5,6,0,14460,Major Purchase,1
APP-22516,22,Female,64384,649,0.431,2.0,13,1,3972,Debt Consolidation,1
APP-22517,55,Female,26770,686,0.473,15.4,14,0,13102,Credit Card Refinance,0
APP-22518,27,Male,78511,618,0.324,0.4,10,0,13618,Major Purchase,1
APP-22519,41,Male,39132,618,0.366,5.1,7,0,21320,Major Purchase,0
APP-22520,38,Female,44421,654,0.093,7.5,7,0,12743,Credit Card Refinance,0
APP-22521,23,Female,28035,689,0.052,3.2,6,0,11727,Credit Card Refinance,0
APP-22522,62,Male,69375,657,0.451,7.0,6,1,15146,Home Improvement,0
APP-22523,59,Female,45167,765,0.05,13.1,9,0,17612,Debt Consolidation,0
APP-22524,61,Male,71009,708,0.359,6.8,5,0,15409,Major Purchase,1
APP-22525,69,Male,36205,694,0.299,1.9,7,0,14743,Debt Consolidation,0
APP-22526,31,Female,33997,736,0.468,4.1,3,0,7129,Major Purchase,1
APP-22527,59,Male,32515,696,0.316,12.1,4,2,21565,Small Business,1
APP-22528,44,Male,60950,641,0.536,3.0,10,1,9723,Small Business,0
APP-22529,66,Male,33718,652,0.296,5.7,4,0,25300,Major Purchase,1
APP-22530,39,Female,43839,596,0.458,3.1,9,0,26883,Home Improvement,1
APP-22531,24,Male,36859,800,0.14,0.6,6,0,8130,Small Business,0
APP-22532,46,Female,62445,730,0.05,0.3,10,0,31857,Debt Consolidation,1
APP-22533,58,Female,18874,503,0.317,15.2,8,1,26802,Credit Card Refinance,1
APP-22534,62,Male,56154,756,0.152,4.7,10,0,19331,Debt Consolidation,0
APP-22535,52,Female,127037,574,0.313,0.5,3,0,10097,Debt Consolidation,1
APP-22536,59,Male,96743,703,0.27,9.7,7,0,2000,Debt Consolidation,0
APP-22537,65,Female,34920,526,0.393,3.7,11,1,18032,Major Purchase,1
APP-22538,66,Female,64346,642,0.192,7.4,3,0,19024,Major Purchase,1
APP-22539,56,Female,57832,757,0.371,0.7,11,0,25102,Debt Consolidation,1
APP-22540,60,Male,109992,760,0.424,11.9,5,0,2299,Credit Card Refinance,0
APP-22541,57,Male,18000,689,0.295,4.5,3,0,25905,Home Improvement,1
APP-22542,53,Male,90407,721,0.377,6.7,7,0,27021,Home Improvement,1
APP-22543,56,Male,42313,578,0.203,0.2,5,0,21415,Small Business,1
APP-22544,23,Female,32572,704,0.274,1.9,6,2,7190,Small Business,1
APP-22545,29,Male,32064,725,0.159,1.6,10,0,16156,Credit Card Refinance,0
APP-22546,28,Female,23981,837,0.601,14.9,9,0,8776,Debt Consolidation,0
APP-22547,53,Male,34969,629,0.467,1.0,7,2,7500,Major Purchase,1
APP-22548,26,Male,27069,671,0.519,6.1,7,1,8662,Small Business,1
APP-22549,61,Female,54128,675,0.466,0.2,7,0,19754,Debt Consolidation,1
APP-22550,59,Male,67810,715,0.24,1.1,9,0,11358,Home Improvement,0
APP-22551,24,Female,42569,727,0.136,2.1,7,1,16121,Credit Card Refinance,0
APP-22552,33,Female,111842,738,0.269,7.9,6,0,23332,Major Purchase,0
APP-22553,69,Female,36256,734,0.377,7.8,12,0,17958,Major Purchase,1
APP-22554,22,Male,41362,573,0.285,15.2,7,0,14821,Small Business,1
APP-22555,25,Female,37793,500,0.052,12.4,4,0,16862,Debt Consolidation,1
APP-22556,64,Female,68134,636,0.41,0.4,8,0,30820,Major Purchase,0
APP-22557,47,Female,72024,667,0.128,8.9,9,0,28349,Home Improvement,1
APP-22558,52,Male,64373,630,0.269,3.0,4,1,2000,Home Improvement,0
APP-22559,41,Female,45786,640,0.529,10.0,7,0,14117,Credit Card Refinance,1
APP-22560,28,Female,23450,648,0.326,0.5,7,0,18116,Credit Card Refinance,1
APP-22561,58,Female,41122,707,0.449,8.7,9,0,34475,Home Improvement,0
APP-22562,28,Male,110522,602,0.362,0.9,11,0,16517,Home Improvement,1
APP-22563,70,Male,85586,664,0.199,2.0,10,0,14778,Debt Consolidation,0
APP-22564,23,Female,57625,665,0.408,0.1,9,0,16089,Major Purchase,0
APP-22565,64,Male,39677,706,0.312,0.7,8,0,17070,Debt Consolidation,1
APP-22566,23,Female,48654,745,0.142,3.0,6,0,19715,Credit Card Refinance,0
APP-22567,42,Male,39775,779,0.122,8.5,9,0,20925,Credit Card Refinance,0
APP-22568,26,Female,94483,621,0.366,7.4,13,0,16446,Credit Card Refinance,1
APP-22569,22,Male,30901,540,0.577,1.3,11,1,32752,Major Purchase,1
APP-22570,43,Male,81472,654,0.191,0.8,5,0,18262,Small Business,0
APP-22571,64,Female,36641,566,0.205,2.5,8,0,27261,Credit Card Refinance,1
APP-22572,22,Female,101367,847,0.368,10.7,15,2,18603,Credit Card Refinance,0
APP-22573,58,Female,61989,613,0.162,0.5,7,1,14656,Debt Consolidation,1
APP-22574,37,Male,32462,706,0.602,3.9,5,0,21739,Debt Consolidation,0
APP-22575,55,Female,41352,730,0.216,0.5,3,0,2000,Small Business,0
APP-22576,54,Female,72504,692,0.26,3.2,7,0,16740,Small Business,0
APP-22577,43,Female,37252,804,0.223,0.7,3,0,2000,Small Business,0
APP-22578,50,Male,49621,656,0.432,0.4,5,1,8194,Small Business,1
APP-22579,28,Female,36970,615,0.579,1.1,12,0,11615,Debt Consolidation,1
APP-22580,42,Female,128993,612,0.236,1.5,7,0,17807,Credit Card Refinance,0
APP-22581,64,Female,141788,718,0.424,1.6,6,2,20678,Debt Consolidation,1
APP-22582,56,Male,109613,657,0.163,5.2,6,0,4637,Home Improvement,1
APP-22583,25,Female,45779,612,0.435,0.3,6,0,14014,Home Improvement,1
APP-22584,33,Female,39280,698,0.531,0.4,4,1,15205,Credit Card Refinance,1
APP-22585,49,Male,31935,716,0.494,1.0,4,0,34426,Small Business,1
APP-22586,51,Male,114079,687,0.336,10.3,13,0,17429,Credit Card Refinance,0
APP-22587,67,Male,81789,728,0.196,5.0,10,0,7815,Home Improvement,0
APP-22588,36,Male,83978,675,0.32,6.6,8,1,24838,Credit Card Refinance,1
APP-22589,62,Male,42725,631,0.283,2.3,4,0,15831,Small Business,1
APP-22590,50,Female,18641,722,0.266,1.2,3,0,23960,Debt Consolidation,1
APP-22591,36,Female,21154,612,0.345,0.2,10,0,26043,Small Business,1
APP-22592,32,Female,50599,596,0.312,3.4,4,3,11173,Debt Consolidation,1
APP-22593,37,Female,36773,745,0.405,4.3,8,0,14725,Home Improvement,0
APP-22594,36,Male,34518,647,0.406,11.4,7,0,14959,Major Purchase,1
APP-22595,32,Male,59268,778,0.312,10.7,7,0,25051,Credit Card Refinance,0
APP-22596,28,Female,85606,725,0.372,2.8,1,3,30979,Major Purchase,1
APP-22597,40,Male,33333,642,0.479,2.8,4,0,31283,Small Business,1
APP-22598,23,Male,23906,701,0.256,0.9,4,0,16308,Debt Consolidation,1
APP-22599,36,Male,33772,834,0.322,1.5,8,0,30284,Small Business,0
APP-22600,50,Male,27606,719,0.197,13.0,7,1,20984,Small Business,0
APP-22601,65,Female,67918,707,0.378,0.8,8,0,15107,Home Improvement,1
APP-22602,43,Male,48910,631,0.344,17.3,8,0,11709,Small Business,1
APP-22603,48,Male,137897,789,0.375,3.5,3,0,21802,Credit Card Refinance,0
APP-22604,71,Male,73429,755,0.201,3.0,7,0,30785,Home Improvement,0
APP-22605,60,Female,132935,631,0.412,1.0,10,0,27812,Major Purchase,1
APP-22606,25,Male,22648,792,0.332,5.4,4,1,11637,Small Business,0
APP-22607,40,Female,18000,680,0.444,3.1,4,0,20767,Major Purchase,0
APP-22608,60,Male,56030,615,0.267,2.3,8,0,11165,Credit Card Refinance,1
APP-22609,64,Male,52458,631,0.402,1.5,4,0,19679,Credit Card Refinance,1
APP-22610,21,Male,45819,727,0.373,0.3,12,0,21728,Credit Card Refinance,1
APP-22611,50,Male,51672,615,0.503,3.7,5,0,20506,Major Purchase,1
APP-22612,41,Male,26417,598,0.306,1.9,7,0,25939,Major Purchase,1
APP-22613,40,Male,66819,641,0.253,6.2,4,0,12252,Debt Consolidation,1
APP-22614,26,Female,73490,651,0.261,6.4,9,0,28699,Home Improvement,1
APP-22615,42,Male,25339,626,0.187,2.0,10,0,15035,Small Business,0
APP-22616,38,Female,40356,640,0.26,5.5,9,1,8906,Home Improvement,0
APP-22617,28,Male,41750,729,0.05,1.5,8,1,26032,Credit Card Refinance,0
APP-22618,59,Male,33896,686,0.484,6.5,7,1,21664,Small Business,1
APP-22619,52,Male,25884,636,0.552,0.1,7,3,25768,Debt Consolidation,1
APP-22620,53,Female,49359,642,0.302,0.8,5,1,19212,Home Improvement,1
APP-22621,36,Male,56581,661,0.373,1.4,5,0,2000,Credit Card Refinance,0
APP-22622,32,Male,35045,665,0.34,7.4,12,0,11291,Small Business,0
APP-22623,58,Male,26904,665,0.162,0.3,3,0,18937,Small Business,0
APP-22624,54,Male,61439,727,0.443,1.0,8,0,17531,Credit Card Refinance,1
APP-22625,34,Male,32143,682,0.461,2.2,6,2,32417,Major Purchase,1
APP-22626,56,Female,41354,684,0.195,0.0,5,0,11611,Home Improvement,1
APP-22627,53,Male,38567,762,0.36,7.2,5,0,24944,Small Business,0
APP-22628,43,Male,97259,791,0.288,4.1,6,0,22680,Major Purchase,0
APP-22629,70,Female,32965,589,0.463,11.5,3,2,2000,Debt Consolidation,1
APP-22630,65,Male,126631,567,0.31,0.2,7,0,17850,Small Business,1
APP-22631,22,Male,74144,647,0.313,1.6,9,0,18893,Small Business,0
APP-22632,61,Male,133451,720,0.539,6.6,6,0,28509,Debt Consolidation,1
APP-22633,41,Female,70654,694,0.166,5.6,6,1,4239,Debt Consolidation,1
APP-22634,22,Male,43409,738,0.35,1.4,5,1,24185,Small Business,1
APP-22635,47,Male,29597,644,0.331,4.5,11,1,21166,Credit Card Refinance,1
APP-22636,29,Male,40316,542,0.248,7.9,6,0,28519,Debt Consolidation,1
APP-22637,21,Female,111079,581,0.565,0.2,8,0,12950,Major Purchase,1
APP-22638,31,Male,47745,706,0.36,6.3,5,0,24172,Debt Consolidation,0
APP-22639,23,Female,70509,739,0.401,1.5,6,1,9109,Small Business,1
APP-22640,43,Female,54931,546,0.418,14.8,4,0,34498,Small Business,1
APP-22641,46,Female,56236,761,0.281,3.9,8,0,14606,Home Improvement,1
APP-22642,24,Male,57439,700,0.469,0.2,8,0,6105,Major Purchase,1
APP-22643,38,Male,64372,665,0.445,2.6,4,0,11048,Home Improvement,0
APP-22644,26,Male,31327,629,0.305,17.0,8,0,25748,Debt Consolidation,0
APP-22645,55,Male,42142,773,0.433,6.6,12,0,17725,Home Improvement,0
APP-22646,42,Male,58111,728,0.469,1.8,6,0,26076,Small Business,1
APP-22647,63,Female,53632,701,0.415,4.3,6,0,30647,Credit Card Refinance,0
APP-22648,35,Male,38037,622,0.22,4.6,10,1,25778,Debt Consolidation,1
APP-22649,42,Male,61643,774,0.309,0.1,6,3,25464,Small Business,1
APP-22650,57,Female,32076,671,0.377,1.0,4,0,10029,Debt Consolidation,1
APP-22651,62,Female,25017,689,0.35,4.0,7,0,11878,Home Improvement,1
APP-22652,32,Male,57655,674,0.231,2.6,10,0,8535,Home Improvement,1
APP-22653,67,Female,25357,620,0.286,1.1,10,0,18245,Debt Consolidation,0
APP-22654,69,Male,57186,690,0.362,7.4,4,0,33407,Debt Consolidation,1
APP-22655,62,Female,18000,715,0.139,3.4,10,0,15983,Home Improvement,0
APP-22656,58,Female,32900,641,0.322,1.9,7,0,32049,Debt Consolidation,1
APP-22657,38,Female,40938,685,0.404,0.9,10,0,5191,Home Improvement,1
APP-22658,65,Female,20258,673,0.354,4.7,11,3,14379,Debt Consolidation,1
APP-22659,55,Male,39935,729,0.217,5.5,4,0,10615,Credit Card Refinance,1
APP-22660,50,Male,94066,650,0.238,5.5,7,0,21520,Debt Consolidation,1
APP-22661,44,Female,24375,684,0.498,1.2,7,0,20897,Debt Consolidation,1
APP-22662,62,Male,40540,698,0.207,4.5,6,0,4726,Small Business,1
APP-22663,50,Female,125048,649,0.462,11.8,4,1,11347,Credit Card Refinance,1
APP-22664,34,Male,27336,616,0.245,2.2,8,0,27250,Home Improvement,1
APP-22665,26,Male,105711,626,0.456,1.2,7,0,25712,Home Improvement,1
APP-22666,23,Male,42047,696,0.385,7.4,6,0,11294,Major Purchase,1
APP-22667,36,Male,51846,654,0.278,1.0,10,0,12053,Credit Card Refinance,1
APP-22668,27,Female,99739,653,0.108,1.5,4,0,17041,Credit Card Refinance,1
APP-22669,34,Female,37541,709,0.368,0.5,9,0,10979,Debt Consolidation,0
APP-22670,29,Female,69359,736,0.342,1.6,10,0,21245,Small Business,1
APP-22671,35,Female,79740,747,0.37,2.6,7,2,16382,Home Improvement,0
APP-22672,41,Female,34270,630,0.385,0.3,9,0,25780,Home Improvement,1
APP-22673,55,Female,32248,729,0.162,10.3,9,0,16014,Small Business,1
APP-22674,22,Male,43229,805,0.367,3.6,5,0,25111,Small Business,0
APP-22675,47,Female,43979,678,0.409,4.4,11,0,13853,Credit Card Refinance,1
APP-22676,22,Male,27080,665,0.408,2.3,6,0,14028,Small Business,1
APP-22677,55,Male,34445,651,0.17,5.5,3,0,17613,Small Business,1
APP-22678,38,Female,18000,600,0.459,2.8,5,0,5588,Debt Consolidation,1
APP-22679,34,Male,40788,724,0.371,7.2,1,0,17407,Credit Card Refinance,0
APP-22680,40,Male,80170,665,0.387,8.6,8,0,26775,Major Purchase,1
APP-22681,38,Male,19600,660,0.213,5.6,5,1,8834,Major Purchase,1
APP-22682,30,Male,37997,714,0.411,3.4,4,1,25963,Home Improvement,1
APP-22683,45,Female,187828,720,0.113,7.6,3,1,18604,Small Business,0
APP-22684,22,Male,48416,630,0.218,3.4,11,2,19425,Debt Consolidation,1
APP-22685,45,Male,103387,632,0.472,0.6,6,0,21254,Small Business,1
APP-22686,53,Male,28097,629,0.405,0.6,6,0,15646,Home Improvement,1
APP-22687,56,Male,62746,807,0.355,14.8,6,1,20805,Small Business,0
APP-22688,51,Female,25585,766,0.433,1.2,6,2,16138,Major Purchase,1
APP-22689,34,Male,61119,715,0.442,8.5,7,0,13310,Credit Card Refinance,1
APP-22690,21,Male,77904,645,0.411,1.4,7,0,27425,Small Business,1
APP-22691,66,Female,68373,653,0.294,2.8,7,0,8050,Major Purchase,0
APP-22692,36,Female,40549,693,0.215,5.3,16,1,14048,Major Purchase,1
APP-22693,66,Female,57023,813,0.24,0.9,9,0,24621,Home Improvement,0
APP-22694,23,Female,57323,688,0.489,6.7,5,0,10664,Credit Card Refinance,1
APP-22695,55,Male,70706,703,0.167,5.9,5,0,16603,Home Improvement,0
APP-22696,61,Male,45794,504,0.379,3.9,5,0,7014,Debt Consolidation,1
APP-22697,26,Male,81807,686,0.379,4.2,8,0,14643,Credit Card Refinance,0
APP-22698,45,Female,107907,579,0.496,0.6,7,0,6494,Debt Consolidation,1
APP-22699,33,Male,41157,638,0.379,2.9,7,3,12211,Credit Card Refinance,1
APP-22700,54,Male,50289,673,0.269,0.5,6,0,19324,Major Purchase,1
APP-22701,28,Male,29802,650,0.271,1.8,6,0,17544,Debt Consolidation,1
APP-22702,41,Male,59109,628,0.319,11.5,10,1,26750,Credit Card Refinance,1
APP-22703,54,Male,59316,629,0.456,4.3,10,0,23754,Credit Card Refinance,1
APP-22704,24,Female,50609,656,0.417,6.8,7,2,15075,Debt Consolidation,1
APP-22705,45,Male,52752,653,0.19,4.3,6,0,25618,Credit Card Refinance,0
APP-22706,35,Female,141069,671,0.353,1.1,9,1,16879,Home Improvement,0
APP-22707,24,Female,18000,666,0.419,4.5,3,1,12555,Home Improvement,1
APP-22708,65,Male,37303,753,0.292,7.0,7,0,8108,Debt Consolidation,1
APP-22709,32,Male,40576,536,0.061,0.7,7,0,29690,Major Purchase,1
APP-22710,52,Male,109239,685,0.296,8.5,8,0,28201,Small Business,1
APP-22711,52,Male,63666,674,0.142,4.1,6,0,16380,Debt Consolidation,0
APP-22712,48,Female,64526,661,0.123,0.0,4,0,17332,Debt Consolidation,1
APP-22713,33,Male,98019,624,0.448,3.7,8,1,16126,Debt Consolidation,1
APP-22714,51,Male,44401,660,0.623,2.5,7,0,2757,Debt Consolidation,1
APP-22715,34,Female,70177,563,0.484,1.8,8,0,17120,Home Improvement,1
APP-22716,40,Female,36610,683,0.05,7.4,7,0,2000,Debt Consolidation,0
APP-22717,38,Female,27465,695,0.299,11.5,7,0,8554,Major Purchase,1
APP-22718,49,Female,131503,624,0.249,7.2,9,1,17894,Small Business,1
APP-22719,26,Female,60052,796,0.143,9.4,5,0,24497,Small Business,0
APP-22720,52,Male,69882,662,0.376,12.0,9,0,4612,Major Purchase,1
APP-22721,49,Female,27062,672,0.298,12.2,11,0,16708,Debt Consolidation,1
APP-22722,63,Male,64905,756,0.18,0.6,8,0,17421,Small Business,1
APP-22723,22,Female,130356,809,0.073,3.0,6,0,16691,Home Improvement,0
APP-22724,43,Female,42083,596,0.247,0.0,7,0,20631,Small Business,1
APP-22725,39,Male,24570,632,0.321,3.5,10,1,24164,Major Purchase,1
APP-22726,51,Female,54240,663,0.306,12.9,8,0,18353,Small Business,1
APP-22727,71,Female,27729,621,0.448,1.1,5,2,30311,Major Purchase,1
APP-22728,25,Male,20810,724,0.361,5.1,10,0,16253,Debt Consolidation,1
APP-22729,39,Female,32724,614,0.279,5.2,4,1,9864,Small Business,1
APP-22730,54,Male,37386,752,0.222,0.9,6,2,32493,Major Purchase,0
APP-22731,30,Female,28481,710,0.107,1.4,6,3,37557,Home Improvement,1
APP-22732,45,Male,101677,745,0.189,3.1,6,1,22791,Home Improvement,1
APP-22733,22,Female,138591,614,0.483,1.0,3,0,2000,Credit Card Refinance,1
APP-22734,31,Female,68868,645,0.424,4.4,6,0,20117,Small Business,1
APP-22735,70,Female,60555,728,0.355,3.3,4,0,12449,Debt Consolidation,0
APP-22736,51,Female,45336,716,0.261,3.7,10,1,29895,Credit Card Refinance,1
APP-22737,35,Male,29941,651,0.469,0.7,7,0,17906,Small Business,0
APP-22738,29,Female,118373,660,0.199,3.6,6,2,12563,Home Improvement,1
APP-22739,43,Male,47355,641,0.2,0.3,5,0,20715,Debt Consolidation,1
APP-22740,39,Female,38008,658,0.309,10.7,5,0,28316,Home Improvement,1
APP-22741,29,Male,85657,607,0.058,2.1,5,0,11480,Small Business,0
APP-22742,55,Male,47076,596,0.195,9.7,6,0,24198,Debt Consolidation,0
APP-22743,41,Female,83910,735,0.292,6.0,9,0,2886,Debt Consolidation,0
APP-22744,29,Male,39129,656,0.265,7.3,3,0,17309,Credit Card Refinance,0
APP-22745,48,Male,85793,744,0.201,1.9,4,0,6971,Debt Consolidation,1
APP-22746,66,Male,84025,708,0.564,1.3,6,0,11207,Small Business,1
APP-22747,71,Male,101585,690,0.484,2.6,7,0,27533,Major Purchase,1
APP-22748,27,Male,33183,623,0.526,0.1,7,1,15192,Major Purchase,0
APP-22749,36,Male,46832,591,0.308,12.6,9,0,12171,Debt Consolidation,1
APP-22750,36,Male,143096,640,0.261,2.4,9,0,27374,Major Purchase,0
APP-22751,53,Male,42807,769,0.512,22.4,8,1,22628,Small Business,0
APP-22752,24,Female,76577,727,0.33,7.2,14,0,3006,Credit Card Refinance,1
APP-22753,24,Male,172786,634,0.193,0.4,11,0,17440,Home Improvement,1
APP-22754,59,Female,18000,641,0.201,5.4,7,1,18499,Home Improvement,1
APP-22755,60,Female,42034,609,0.281,1.6,8,0,24247,Small Business,1
APP-22756,37,Male,49071,569,0.317,1.4,13,0,15731,Credit Card Refinance,1
APP-22757,57,Female,18226,676,0.33,1.5,9,0,33539,Small Business,1
APP-22758,59,Female,38147,782,0.298,12.4,6,0,20302,Debt Consolidation,0
APP-22759,49,Female,28731,782,0.601,3.5,8,0,5350,Credit Card Refinance,0
APP-22760,56,Female,78568,709,0.158,5.5,6,0,15014,Major Purchase,0
APP-22761,58,Male,18902,630,0.401,1.6,5,0,26696,Debt Consolidation,1
APP-22762,59,Female,138569,575,0.263,3.7,7,1,15636,Major Purchase,1
APP-22763,70,Female,71642,738,0.315,2.2,5,0,18871,Debt Consolidation,0
APP-22764,57,Female,27457,699,0.433,1.9,10,0,17723,Debt Consolidation,1
APP-22765,55,Male,86209,649,0.106,1.4,7,0,2000,Debt Consolidation,0
APP-22766,27,Female,68073,638,0.206,2.6,6,0,14742,Debt Consolidation,0
APP-22767,47,Female,47986,709,0.304,5.4,4,0,14361,Credit Card Refinance,0
APP-22768,48,Male,32964,616,0.497,1.3,9,0,31206,Credit Card Refinance,1
APP-22769,42,Male,66251,685,0.497,16.8,5,0,28613,Debt Consolidation,1
APP-22770,34,Male,52449,590,0.473,0.7,8,0,8528,Small Business,1
APP-22771,27,Female,33554,814,0.057,3.3,10,1,6090,Debt Consolidation,0
APP-22772,57,Female,23416,625,0.194,0.4,10,0,23728,Debt Consolidation,1
APP-22773,42,Female,30704,712,0.199,0.1,10,0,18081,Small Business,1
APP-22774,25,Male,37167,592,0.313,12.8,8,0,19367,Small Business,1
APP-22775,22,Female,92908,659,0.098,8.3,7,0,8702,Debt Consolidation,0
APP-22776,47,Male,78701,727,0.452,5.9,8,0,17481,Home Improvement,0
APP-22777,41,Male,38271,741,0.081,10.0,8,0,12498,Home Improvement,0
APP-22778,58,Female,39098,719,0.444,8.1,7,1,8906,Small Business,1
APP-22779,35,Female,84562,661,0.425,5.2,6,0,15216,Debt Consolidation,1
APP-22780,41,Female,56785,626,0.189,9.4,13,0,16538,Major Purchase,1
APP-22781,30,Female,56352,599,0.471,2.5,11,1,8159,Major Purchase,1
APP-22782,43,Male,33294,767,0.28,4.0,10,0,14917,Debt Consolidation,0
APP-22783,59,Male,45803,676,0.249,7.5,4,2,12391,Debt Consolidation,1
APP-22784,25,Female,49135,688,0.269,0.4,6,0,16428,Debt Consolidation,1
APP-22785,21,Female,46622,745,0.28,9.8,4,0,14676,Major Purchase,0
APP-22786,33,Male,73404,708,0.291,0.9,8,0,31341,Major Purchase,1
APP-22787,41,Male,74678,661,0.293,10.0,9,0,19843,Small Business,1
APP-22788,46,Male,29571,718,0.213,1.9,8,0,14098,Credit Card Refinance,0
APP-22789,70,Female,37230,629,0.241,2.0,6,0,25950,Small Business,1
APP-22790,65,Male,33588,569,0.251,0.4,6,0,2000,Small Business,1
APP-22791,41,Male,105207,761,0.521,10.9,9,0,22494,Home Improvement,0
APP-22792,38,Male,169298,634,0.251,1.0,14,0,19628,Small Business,1
APP-22793,57,Male,37987,650,0.244,5.0,11,0,20350,Small Business,1
APP-22794,65,Female,44716,655,0.502,5.2,4,0,13817,Small Business,1
APP-22795,52,Male,77907,630,0.281,1.7,10,0,24695,Small Business,1
APP-22796,56,Female,33224,741,0.213,21.2,6,0,20775,Credit Card Refinance,1
APP-22797,37,Female,78881,694,0.187,0.3,12,0,24920,Home Improvement,1
APP-22798,55,Female,48461,650,0.15,4.7,6,0,10992,Major Purchase,0
APP-22799,69,Male,18787,587,0.385,3.3,6,0,26892,Debt Consolidation,1
APP-22800,31,Female,23974,689,0.103,1.4,7,0,13757,Major Purchase,1
APP-22801,41,Female,40708,510,0.482,0.9,7,2,6219,Home Improvement,1
APP-22802,46,Female,96049,685,0.309,6.7,4,0,32641,Small Business,0
APP-22803,24,Female,30004,757,0.268,12.4,5,1,24634,Major Purchase,1
APP-22804,54,Male,36542,674,0.293,0.6,0,0,33361,Small Business,0
APP-22805,68,Male,55056,748,0.376,1.1,5,0,17842,Credit Card Refinance,0
APP-22806,38,Male,19578,590,0.264,21.4,6,0,25913,Credit Card Refinance,1
APP-22807,60,Female,57768,802,0.297,0.1,5,0,27926,Home Improvement,0
APP-22808,55,Male,20971,741,0.446,3.5,6,0,15229,Major Purchase,1
APP-22809,61,Male,66966,700,0.362,3.6,4,3,5152,Credit Card Refinance,1
APP-22810,49,Male,31419,631,0.17,1.5,6,0,21313,Home Improvement,1
APP-22811,49,Male,29198,620,0.235,5.4,5,0,20275,Home Improvement,1
APP-22812,58,Male,56956,665,0.106,14.5,8,0,20617,Home Improvement,1
APP-22813,62,Male,75863,748,0.394,3.0,7,0,18006,Major Purchase,1
APP-22814,41,Male,60291,584,0.407,6.9,11,0,13871,Major Purchase,0
APP-22815,62,Male,54951,670,0.208,5.2,8,0,13127,Home Improvement,0
APP-22816,33,Male,55380,717,0.597,3.2,9,0,23521,Debt Consolidation,1
APP-22817,69,Male,60492,730,0.613,0.3,8,0,2000,Major Purchase,0
APP-22818,61,Female,62719,717,0.323,6.8,8,0,4358,Major Purchase,0
APP-22819,37,Female,39464,577,0.224,2.3,7,0,3198,Debt Consolidation,1
APP-22820,29,Male,70261,743,0.353,1.3,3,0,2000,Major Purchase,0
APP-22821,61,Male,31602,674,0.221,14.8,8,0,16857,Major Purchase,0
APP-22822,21,Female,89345,599,0.434,7.4,7,0,22482,Credit Card Refinance,1
APP-22823,22,Female,75383,668,0.34,16.4,8,0,22199,Debt Consolidation,1
APP-22824,68,Female,162672,542,0.349,1.5,7,0,8251,Credit Card Refinance,1
APP-22825,49,Female,65030,707,0.531,9.0,6,0,4302,Debt Consolidation,1
APP-22826,53,Male,80822,661,0.246,4.7,10,0,19321,Debt Consolidation,0
APP-22827,30,Male,20779,587,0.251,20.0,4,0,22101,Debt Consolidation,1
APP-22828,70,Male,82284,651,0.423,14.6,8,1,22632,Major Purchase,1
APP-22829,60,Female,93624,624,0.269,18.1,13,0,6645,Home Improvement,0
APP-22830,41,Female,112150,628,0.512,15.2,12,2,24622,Small Business,1
APP-22831,48,Female,52378,523,0.44,0.0,4,2,19445,Home Improvement,1
APP-22832,31,Male,40617,561,0.275,6.8,6,0,10030,Major Purchase,1
APP-22833,54,Female,26923,655,0.103,1.6,14,0,12985,Major Purchase,1
APP-22834,28,Male,28313,643,0.146,6.1,8,0,10870,Small Business,1
APP-22835,42,Male,48335,733,0.262,19.7,6,0,11499,Major Purchase,0
APP-22836,28,Male,18708,628,0.369,0.2,8,0,26773,Debt Consolidation,1
APP-22837,69,Female,32127,635,0.452,4.2,5,1,22166,Credit Card Refinance,1
APP-22838,35,Male,51494,638,0.294,6.6,8,0,9131,Credit Card Refinance,1
APP-22839,37,Female,50866,657,0.213,1.5,6,1,14385,Debt Consolidation,1
APP-22840,43,Male,28762,675,0.303,1.3,7,1,22809,Home Improvement,1
APP-22841,44,Female,24868,643,0.322,0.3,3,0,2000,Credit Card Refinance,1
APP-22842,65,Male,26998,707,0.477,0.5,4,0,22791,Debt Consolidation,1
APP-22843,39,Male,43413,819,0.47,5.3,6,0,33825,Home Improvement,0
APP-22844,25,Female,158164,616,0.2,3.5,9,1,20521,Credit Card Refinance,1
APP-22845,52,Female,87832,695,0.374,0.2,6,0,16532,Debt Consolidation,1
APP-22846,64,Female,55149,671,0.218,17.5,10,0,5842,Credit Card Refinance,0
APP-22847,21,Female,66478,738,0.221,5.3,4,0,2000,Credit Card Refinance,0
APP-22848,43,Female,85710,683,0.445,3.6,8,0,13920,Credit Card Refinance,1
APP-22849,57,Male,71082,622,0.296,1.6,4,0,21937,Small Business,1
APP-22850,28,Female,41377,594,0.397,5.4,3,2,16702,Home Improvement,1
APP-22851,33,Male,30789,709,0.384,2.3,6,0,27811,Credit Card Refinance,1
APP-22852,28,Male,45756,599,0.31,6.1,8,0,20952,Debt Consolidation,1
APP-22853,43,Male,85163,746,0.36,5.7,8,0,11619,Small Business,0
APP-22854,63,Female,42246,705,0.344,0.5,5,0,28065,Major Purchase,1
APP-22855,21,Female,26700,675,0.182,12.0,4,2,22732,Major Purchase,1
APP-22856,65,Male,18998,584,0.378,3.3,10,0,5372,Home Improvement,1
APP-22857,71,Female,45863,713,0.235,2.5,11,3,10059,Debt Consolidation,0
APP-22858,44,Female,27886,775,0.192,15.6,8,0,14070,Small Business,0
APP-22859,55,Male,38557,642,0.423,2.9,3,2,32128,Debt Consolidation,1
APP-22860,44,Male,109199,621,0.249,6.4,7,0,23920,Small Business,1
APP-22861,37,Female,47590,664,0.453,5.3,11,0,9755,Small Business,1
APP-22862,25,Male,32443,700,0.452,0.9,8,0,43346,Major Purchase,1
APP-22863,40,Female,58093,635,0.263,23.6,5,0,24288,Home Improvement,1
APP-22864,41,Male,141001,728,0.448,3.1,9,0,8504,Home Improvement,0
APP-22865,60,Male,45872,794,0.273,2.5,5,0,15618,Debt Consolidation,0
APP-22866,51,Female,18000,691,0.312,12.6,8,0,13861,Small Business,0
APP-22867,66,Female,70090,648,0.379,3.8,10,2,11278,Small Business,0
APP-22868,56,Female,59310,698,0.565,6.1,11,0,28426,Credit Card Refinance,0
APP-22869,31,Female,51511,746,0.433,9.4,8,2,16980,Home Improvement,1
APP-22870,35,Female,43453,680,0.313,1.3,7,0,25435,Small Business,0
APP-22871,39,Female,31445,701,0.332,0.9,11,0,17006,Debt Consolidation,0
APP-22872,27,Male,112784,715,0.13,0.4,6,0,15126,Major Purchase,0
APP-22873,71,Female,18000,613,0.441,11.4,10,0,13222,Major Purchase,1
APP-22874,48,Male,41360,699,0.428,1.1,3,0,18145,Home Improvement,1
APP-22875,71,Female,40831,582,0.354,1.8,5,1,11768,Home Improvement,1
APP-22876,63,Male,78385,627,0.406,1.7,14,0,17756,Credit Card Refinance,1
APP-22877,25,Female,96723,744,0.077,1.8,8,0,13440,Home Improvement,0
APP-22878,25,Male,43273,726,0.19,5.5,9,0,7244,Small Business,0
APP-22879,50,Female,54509,652,0.536,15.4,7,0,15132,Small Business,0
APP-22880,52,Female,57119,780,0.289,2.0,10,0,3774,Small Business,0
APP-22881,28,Male,87494,584,0.411,2.6,8,0,28847,Small Business,1
APP-22882,30,Female,86508,656,0.23,7.4,8,1,22016,Credit Card Refinance,1
APP-22883,58,Male,36456,687,0.267,2.8,9,1,14285,Home Improvement,1
APP-22884,67,Female,62370,487,0.543,13.0,7,0,3849,Home Improvement,1
APP-22885,52,Female,60523,659,0.301,3.5,3,2,18115,Home Improvement,1
APP-22886,68,Male,45993,596,0.383,2.1,9,1,19818,Credit Card Refinance,1
APP-22887,48,Female,60209,598,0.336,17.8,11,0,21347,Credit Card Refinance,1
APP-22888,37,Male,49568,652,0.35,2.8,4,0,11812,Small Business,1
APP-22889,51,Male,53468,551,0.345,1.3,11,0,19680,Credit Card Refinance,1
APP-22890,28,Female,23253,617,0.083,1.0,8,0,33285,Credit Card Refinance,1
APP-22891,60,Male,29587,552,0.377,26.7,6,0,13841,Debt Consolidation,1
APP-22892,45,Female,76861,678,0.255,7.0,5,0,26280,Small Business,0
APP-22893,29,Female,25189,676,0.534,2.6,3,0,17886,Small Business,1
APP-22894,22,Male,63485,647,0.227,8.8,6,2,16866,Debt Consolidation,1
APP-22895,35,Female,46873,734,0.263,4.0,10,0,19042,Home Improvement,0
APP-22896,70,Male,86410,650,0.614,1.9,4,0,13708,Debt Consolidation,1
APP-22897,23,Male,70041,668,0.407,6.8,4,0,19127,Debt Consolidation,1
APP-22898,69,Male,38204,611,0.202,6.9,6,0,25725,Debt Consolidation,1
APP-22899,56,Male,43356,520,0.341,3.5,9,0,25220,Credit Card Refinance,1
APP-22900,24,Male,18000,660,0.174,0.2,7,0,27195,Debt Consolidation,1
APP-22901,34,Male,45628,652,0.351,0.4,9,0,13010,Major Purchase,1
APP-22902,61,Female,24377,781,0.223,7.8,9,0,18462,Debt Consolidation,1
APP-22903,61,Female,43465,713,0.544,8.7,9,0,35416,Home Improvement,0
APP-22904,45,Female,34514,643,0.371,5.7,6,0,10216,Home Improvement,1
APP-22905,70,Female,30268,679,0.383,9.1,6,0,17109,Home Improvement,0
APP-22906,30,Female,94206,728,0.434,6.4,3,0,8304,Debt Consolidation,1
APP-22907,41,Male,24296,703,0.447,11.4,9,0,18876,Small Business,1
APP-22908,56,Female,28862,778,0.237,0.8,9,0,26334,Home Improvement,0
APP-22909,32,Female,33389,618,0.331,2.5,6,0,31729,Debt Consolidation,1
APP-22910,47,Male,37623,733,0.267,3.1,7,0,10011,Home Improvement,0
APP-22911,60,Female,30265,642,0.571,1.8,10,0,11385,Credit Card Refinance,1
APP-22912,22,Female,40234,682,0.05,6.5,9,1,30643,Credit Card Refinance,0
APP-22913,33,Female,57883,633,0.251,12.2,8,0,2000,Debt Consolidation,0
APP-22914,52,Female,70857,660,0.31,2.7,8,2,12887,Home Improvement,1
APP-22915,51,Male,68990,683,0.336,14.2,6,0,25769,Home Improvement,1
APP-22916,36,Male,18000,708,0.334,3.6,6,0,4384,Major Purchase,0
APP-22917,52,Male,60421,673,0.314,3.7,6,1,9608,Home Improvement,0
APP-22918,52,Female,62507,508,0.301,4.6,5,3,28073,Small Business,1
APP-22919,54,Male,34053,664,0.349,1.6,8,0,2103,Credit Card Refinance,0
APP-22920,31,Female,122666,765,0.375,2.4,5,0,2000,Home Improvement,0
APP-22921,30,Male,89162,664,0.535,4.0,10,0,24720,Small Business,1
APP-22922,35,Male,44326,767,0.534,14.2,6,0,30988,Debt Consolidation,1
APP-22923,37,Male,35320,662,0.356,5.1,6,2,29465,Credit Card Refinance,1
APP-22924,60,Female,121575,567,0.261,2.0,13,0,2000,Debt Consolidation,0
APP-22925,38,Male,48510,641,0.269,0.1,8,0,29701,Home Improvement,1
APP-22926,29,Male,51367,633,0.162,20.0,7,0,18631,Debt Consolidation,1
APP-22927,45,Male,51013,655,0.434,3.4,8,0,11537,Credit Card Refinance,0
APP-22928,60,Male,173982,592,0.315,13.9,6,0,10510,Debt Consolidation,1
APP-22929,34,Male,43517,669,0.372,4.0,6,0,23596,Debt Consolidation,0
APP-22930,45,Female,48387,648,0.36,4.7,4,0,21497,Debt Consolidation,1
APP-22931,70,Male,31036,753,0.236,6.2,5,2,29241,Small Business,1
APP-22932,42,Male,39567,591,0.221,1.9,13,0,12992,Small Business,1
APP-22933,50,Female,27798,685,0.266,6.0,2,1,14100,Home Improvement,0
APP-22934,40,Female,31385,696,0.378,3.7,4,0,24450,Debt Consolidation,1
APP-22935,41,Female,18115,720,0.31,5.6,10,1,11660,Small Business,0
APP-22936,64,Male,79605,646,0.108,9.0,7,0,24558,Credit Card Refinance,1
APP-22937,52,Female,53434,684,0.197,1.0,7,3,9069,Credit Card Refinance,1
APP-22938,71,Female,55910,692,0.288,4.8,2,0,34306,Debt Consolidation,1
APP-22939,66,Female,47627,562,0.316,0.3,6,0,33948,Home Improvement,1
APP-22940,69,Male,50994,648,0.382,0.5,5,0,12113,Small Business,1
APP-22941,41,Female,119434,667,0.325,5.6,6,2,18499,Small Business,1
APP-22942,55,Female,32118,675,0.276,0.4,13,0,18982,Small Business,1
APP-22943,52,Male,57130,674,0.272,4.5,7,0,16930,Home Improvement,0
APP-22944,50,Male,56962,698,0.344,1.2,5,0,9990,Major Purchase,0
APP-22945,59,Female,91866,795,0.37,1.8,4,0,18838,Small Business,0
APP-22946,69,Female,62396,631,0.28,0.7,3,1,6156,Debt Consolidation,1
APP-22947,32,Male,64145,694,0.191,1.4,9,0,30293,Small Business,0
APP-22948,61,Female,24537,754,0.308,8.6,5,0,30821,Small Business,0
APP-22949,67,Male,31416,553,0.242,5.1,7,0,28788,Major Purchase,1
APP-22950,38,Male,25802,687,0.355,15.0,9,0,29348,Debt Consolidation,1
APP-22951,41,Female,18000,560,0.498,0.2,6,2,23938,Debt Consolidation,1
APP-22952,33,Male,60989,812,0.158,7.9,4,0,10727,Debt Consolidation,0
APP-22953,41,Male,42450,703,0.458,6.0,3,0,7490,Small Business,1
APP-22954,28,Female,61052,695,0.376,1.5,16,0,9403,Small Business,1
APP-22955,66,Male,49987,548,0.452,6.5,11,0,21616,Credit Card Refinance,1
APP-22956,60,Male,55951,637,0.268,6.3,8,1,7301,Major Purchase,0
APP-22957,66,Female,102330,637,0.146,3.1,9,0,19394,Debt Consolidation,1
APP-22958,27,Female,49217,784,0.342,5.8,7,0,22450,Debt Consolidation,0
APP-22959,43,Female,70823,717,0.488,2.9,9,0,16523,Credit Card Refinance,1
APP-22960,64,Female,41513,562,0.193,2.0,9,0,18296,Small Business,1
APP-22961,52,Male,77159,700,0.211,3.1,3,0,38853,Credit Card Refinance,0
APP-22962,31,Female,24790,572,0.39,11.3,11,0,17746,Credit Card Refinance,1
APP-22963,42,Male,18000,564,0.259,2.4,8,0,21228,Small Business,1
APP-22964,42,Female,156164,699,0.52,2.6,3,0,27410,Home Improvement,1
APP-22965,63,Male,134587,718,0.398,4.7,8,0,25240,Major Purchase,1
APP-22966,45,Female,18000,699,0.234,7.0,6,0,24679,Home Improvement,1
APP-22967,42,Male,48056,792,0.252,6.6,10,0,20198,Home Improvement,0
APP-22968,48,Male,53234,693,0.257,0.1,10,2,20220,Major Purchase,1
APP-22969,49,Female,72957,681,0.315,5.8,3,0,3440,Home Improvement,0
APP-22970,33,Female,127588,590,0.357,3.0,6,0,31883,Small Business,1
APP-22971,38,Female,27343,725,0.348,3.7,6,0,13259,Home Improvement,1
APP-22972,22,Male,28163,562,0.185,4.1,7,0,25028,Home Improvement,1
APP-22973,49,Female,48989,801,0.428,6.6,8,0,16123,Home Improvement,0
APP-22974,41,Female,28854,726,0.285,8.9,8,0,42918,Small Business,1
APP-22975,35,Female,18000,850,0.209,5.2,12,0,11377,Credit Card Refinance,1
APP-22976,47,Female,43261,695,0.264,4.1,9,0,36930,Debt Consolidation,0
APP-22977,70,Female,78562,729,0.442,2.3,9,0,16980,Major Purchase,1
APP-22978,51,Female,48472,651,0.343,0.7,6,0,23842,Major Purchase,1
APP-22979,35,Female,69094,667,0.353,15.9,10,0,18138,Small Business,1
APP-22980,71,Female,63866,601,0.18,3.1,7,0,30685,Debt Consolidation,1
APP-22981,43,Female,27865,575,0.336,4.2,4,1,19044,Home Improvement,1
APP-22982,44,Female,50889,682,0.44,7.0,9,0,20578,Major Purchase,1
APP-22983,64,Female,21187,666,0.104,0.4,9,0,18825,Home Improvement,1
APP-22984,33,Female,36991,600,0.273,9.7,5,0,22528,Small Business,1
APP-22985,42,Female,50400,611,0.395,8.0,11,0,10582,Small Business,1
APP-22986,63,Male,48989,672,0.339,7.4,5,0,2000,Small Business,0
APP-22987,57,Male,24100,598,0.198,0.1,9,0,21687,Credit Card Refinance,0
APP-22988,53,Female,26931,693,0.368,3.7,14,0,35051,Small Business,0
APP-22989,23,Female,57528,600,0.18,0.3,7,2,14711,Home Improvement,1
APP-22990,39,Female,77270,686,0.216,4.0,6,3,24143,Credit Card Refinance,1
APP-22991,43,Female,43746,595,0.228,6.3,5,3,6155,Home Improvement,1
APP-22992,49,Female,42558,595,0.505,0.6,10,0,13549,Small Business,1
APP-22993,50,Female,81813,516,0.12,5.9,9,0,18386,Credit Card Refinance,1
APP-22994,59,Female,32059,659,0.128,3.0,6,0,17760,Debt Consolidation,1
APP-22995,64,Female,126736,764,0.354,8.3,5,0,26938,Small Business,0
APP-22996,67,Male,23390,760,0.333,3.8,9,0,3466,Credit Card Refinance,1
APP-22997,45,Male,87262,691,0.264,2.0,3,0,16640,Credit Card Refinance,0
APP-22998,57,Male,65942,539,0.322,2.0,4,0,12991,Credit Card Refinance,1
APP-22999,67,Male,184529,724,0.192,11.4,2,0,10711,Major Purchase,0
