track_id,danceability,energy,loudness_db,speechiness,acousticness,valence,tempo_bpm,playback_context,skipped_within_30s
TRK-7000,0.45,0.692,-13.7,0.02,0.046,0.275,119.3,User Library,0
TRK-7001,0.911,0.801,-7.6,0.02,0.974,0.351,125.4,Curated Playlist,0
TRK-7002,0.736,0.32,-8.3,0.056,0.456,0.357,153.2,Curated Playlist,1
TRK-7003,0.629,0.65,-5.7,0.02,0.362,0.913,131.4,Algorithmic Radio,1
TRK-7004,0.275,0.603,-12.7,0.023,0.297,0.769,124.8,Curated Playlist,0
TRK-7005,0.275,0.833,-9.4,0.058,0.181,0.463,97.0,User Library,0
TRK-7006,0.196,0.897,-15.0,0.02,0.786,0.23,136.1,Curated Playlist,0
TRK-7007,0.843,0.111,-6.7,0.025,0.946,0.78,127.9,User Library,0
TRK-7008,0.631,0.693,-7.4,0.058,0.415,0.191,150.8,User Library,0
TRK-7009,0.716,0.146,-7.5,0.068,0.943,0.239,121.1,User Library,0
TRK-7010,0.166,0.583,-9.5,0.208,0.817,0.379,76.4,User Library,0
TRK-7011,0.926,0.353,-7.8,0.083,0.481,0.842,79.2,Curated Playlist,0
TRK-7012,0.816,0.37,-3.1,0.043,0.671,0.169,137.7,Algorithmic Radio,1
TRK-7013,0.32,0.411,-10.6,0.213,0.436,0.16,106.3,Algorithmic Radio,1
TRK-7014,0.295,0.647,-8.9,0.123,0.558,0.495,130.5,User Library,0
TRK-7015,0.297,0.394,-13.8,0.02,0.067,0.299,122.7,User Library,0
TRK-7016,0.393,0.745,-13.0,0.02,0.692,0.562,116.0,User Library,0
TRK-7017,0.57,0.456,-9.1,0.09,0.062,0.456,117.7,User Library,0
TRK-7018,0.496,0.16,-5.1,0.066,0.811,0.441,99.2,User Library,0
TRK-7019,0.383,0.79,-10.5,0.125,0.818,0.151,119.6,User Library,1
TRK-7020,0.639,0.351,-10.4,0.107,0.242,0.177,106.0,Curated Playlist,0
TRK-7021,0.262,0.481,-11.1,0.079,0.327,0.789,111.1,Curated Playlist,0
TRK-7022,0.384,0.703,-11.6,0.344,0.482,0.847,112.2,Curated Playlist,1
TRK-7023,0.443,0.393,-8.3,0.061,0.595,0.261,114.6,User Library,0
TRK-7024,0.515,0.15,-15.5,0.02,0.292,0.152,142.1,Curated Playlist,0
TRK-7025,0.778,0.429,-4.4,0.141,0.591,0.098,116.9,Algorithmic Radio,0
TRK-7026,0.31,0.931,-12.2,0.023,0.302,0.597,144.6,User Library,0
TRK-7027,0.561,0.665,-6.6,0.12,0.064,0.694,156.9,User Library,0
TRK-7028,0.624,0.691,-14.6,0.252,0.012,0.386,140.5,User Library,0
TRK-7029,0.187,0.656,-6.8,0.095,0.109,0.662,132.8,User Library,1
TRK-7030,0.636,0.275,-6.8,0.073,0.786,0.692,127.8,Curated Playlist,0
TRK-7031,0.286,0.468,-8.0,0.049,0.952,0.892,140.8,User Library,0
TRK-7032,0.202,0.761,-13.5,0.036,0.428,0.108,122.1,Curated Playlist,0
TRK-7033,0.909,0.189,-8.5,0.035,0.512,0.223,143.6,User Library,0
TRK-7034,0.923,0.345,-14.2,0.081,0.154,0.112,134.7,Curated Playlist,0
TRK-7035,0.797,0.343,-10.5,0.111,0.55,0.831,111.4,User Library,0
TRK-7036,0.394,0.48,-5.4,0.091,0.152,0.763,141.5,Curated Playlist,0
TRK-7037,0.228,0.963,-6.3,0.02,0.609,0.567,122.2,User Library,0
TRK-7038,0.697,0.159,-9.4,0.054,0.925,0.125,117.5,User Library,0
TRK-7039,0.502,0.556,-13.4,0.125,0.202,0.296,108.6,Algorithmic Radio,0
TRK-7040,0.248,0.258,-6.9,0.052,0.759,0.318,124.0,Curated Playlist,0
TRK-7041,0.546,0.954,-9.4,0.062,0.033,0.555,143.9,User Library,0
TRK-7042,0.178,0.2,-18.8,0.118,0.378,0.282,141.3,Curated Playlist,1
TRK-7043,0.877,0.455,-6.4,0.087,0.119,0.116,128.5,Curated Playlist,0
TRK-7044,0.357,0.749,-9.6,0.042,0.355,0.708,134.4,Curated Playlist,0
TRK-7045,0.68,0.72,-4.7,0.181,0.18,0.319,150.5,User Library,0
TRK-7046,0.399,0.472,-13.9,0.02,0.376,0.457,116.4,Algorithmic Radio,0
TRK-7047,0.566,0.405,-22.2,0.433,0.419,0.165,93.2,User Library,0
TRK-7048,0.587,0.45,-8.4,0.02,0.305,0.772,151.2,User Library,0
TRK-7049,0.298,0.333,-8.3,0.02,0.653,0.559,107.3,User Library,0
TRK-7050,0.926,0.281,-16.3,0.177,0.91,0.861,103.4,Curated Playlist,0
TRK-7051,0.77,0.525,-13.4,0.022,0.403,0.496,76.9,Algorithmic Radio,0
TRK-7052,0.902,0.336,-1.0,0.105,0.198,0.897,133.7,Algorithmic Radio,0
TRK-7053,0.866,0.353,-10.7,0.133,0.275,0.853,81.1,Curated Playlist,0
TRK-7054,0.628,0.678,-6.6,0.157,0.847,0.569,102.0,Algorithmic Radio,0
TRK-7055,0.887,0.952,-12.1,0.382,0.57,0.891,134.1,Curated Playlist,0
TRK-7056,0.221,0.631,-17.9,0.028,0.456,0.341,137.3,Curated Playlist,0
TRK-7057,0.307,0.168,-10.2,0.099,0.157,0.379,104.4,Algorithmic Radio,1
TRK-7058,0.186,0.167,-10.6,0.02,0.451,0.091,116.8,User Library,0
TRK-7059,0.41,0.937,-11.1,0.042,0.283,0.58,99.1,Curated Playlist,0
TRK-7060,0.461,0.362,-10.0,0.151,0.934,0.7,106.8,Curated Playlist,0
TRK-7061,0.367,0.181,-8.4,0.037,0.876,0.746,126.4,Algorithmic Radio,1
TRK-7062,0.813,0.627,-10.1,0.072,0.092,0.185,108.0,Algorithmic Radio,0
TRK-7063,0.435,0.649,-14.6,0.056,0.516,0.45,114.1,Algorithmic Radio,1
TRK-7064,0.375,0.671,-7.6,0.083,0.231,0.209,84.8,Algorithmic Radio,1
TRK-7065,0.584,0.335,-17.3,0.289,0.413,0.646,147.2,Curated Playlist,0
TRK-7066,0.263,0.113,-17.7,0.02,0.869,0.192,132.2,User Library,1
TRK-7067,0.792,0.949,-6.5,0.068,0.527,0.864,139.0,User Library,0
TRK-7068,0.21,0.321,-7.5,0.159,0.338,0.258,151.0,Curated Playlist,1
TRK-7069,0.94,0.695,-9.7,0.053,0.214,0.312,100.2,User Library,0
TRK-7070,0.768,0.722,-15.1,0.02,0.794,0.816,111.4,Curated Playlist,1
TRK-7071,0.309,0.637,-12.3,0.066,0.622,0.463,74.5,User Library,0
TRK-7072,0.154,0.375,-10.6,0.032,0.469,0.072,195.0,Algorithmic Radio,1
TRK-7073,0.802,0.339,-15.9,0.02,0.223,0.495,116.4,User Library,0
TRK-7074,0.715,0.626,-12.5,0.151,0.338,0.126,144.9,Algorithmic Radio,0
TRK-7075,0.733,0.862,-6.9,0.059,0.951,0.937,90.3,Algorithmic Radio,0
TRK-7076,0.767,0.933,-3.8,0.217,0.52,0.579,143.9,Curated Playlist,0
TRK-7077,0.209,0.193,-11.2,0.131,0.403,0.281,164.6,User Library,1
TRK-7078,0.437,0.236,-6.5,0.094,0.521,0.557,118.6,Curated Playlist,0
TRK-7079,0.243,0.931,-17.2,0.02,0.773,0.119,95.7,Curated Playlist,1
TRK-7080,0.84,0.748,-6.9,0.045,0.343,0.77,116.7,User Library,0
TRK-7081,0.649,0.877,-12.7,0.02,0.185,0.883,66.6,User Library,0
TRK-7082,0.415,0.278,-8.3,0.193,0.583,0.837,119.1,User Library,0
TRK-7083,0.201,0.617,-10.5,0.02,0.662,0.358,139.7,User Library,1
TRK-7084,0.399,0.717,-4.2,0.027,0.708,0.343,119.1,User Library,0
TRK-7085,0.41,0.698,-13.0,0.058,0.874,0.082,113.2,User Library,0
TRK-7086,0.734,0.459,-7.0,0.024,0.374,0.636,132.7,Curated Playlist,0
TRK-7087,0.66,0.114,-10.6,0.02,0.084,0.531,134.5,Algorithmic Radio,1
TRK-7088,0.86,0.613,-10.1,0.073,0.949,0.463,80.2,Curated Playlist,0
TRK-7089,0.528,0.323,-10.2,0.02,0.436,0.867,122.1,Algorithmic Radio,0
TRK-7090,0.246,0.496,-12.9,0.02,0.621,0.201,178.5,Curated Playlist,0
TRK-7091,0.721,0.943,-9.6,0.037,0.663,0.059,88.0,Curated Playlist,0
TRK-7092,0.759,0.451,-9.8,0.102,0.546,0.116,117.9,User Library,0
TRK-7093,0.599,0.839,-8.5,0.065,0.211,0.251,166.6,User Library,0
TRK-7094,0.767,0.266,-9.2,0.044,0.75,0.08,146.5,Algorithmic Radio,0
TRK-7095,0.545,0.692,-6.3,0.067,0.798,0.503,107.7,Algorithmic Radio,0
TRK-7096,0.568,0.96,-5.8,0.036,0.552,0.333,124.9,Curated Playlist,1
TRK-7097,0.492,0.19,-13.7,0.22,0.489,0.212,119.9,User Library,0
TRK-7098,0.17,0.107,-6.0,0.02,0.122,0.725,102.0,Curated Playlist,0
TRK-7099,0.236,0.482,-14.2,0.09,0.092,0.234,118.2,User Library,0
TRK-7100,0.175,0.182,-7.1,0.178,0.343,0.669,113.3,User Library,0
TRK-7101,0.659,0.759,-7.0,0.13,0.315,0.364,122.7,Algorithmic Radio,1
TRK-7102,0.401,0.905,-17.1,0.02,0.945,0.511,102.0,Curated Playlist,1
TRK-7103,0.557,0.482,-9.1,0.028,0.778,0.89,89.4,Curated Playlist,0
TRK-7104,0.876,0.328,-11.4,0.101,0.657,0.084,119.0,Algorithmic Radio,1
TRK-7105,0.349,0.482,-12.5,0.02,0.517,0.5,161.2,Curated Playlist,1
TRK-7106,0.478,0.737,-4.1,0.134,0.174,0.819,122.0,Curated Playlist,0
TRK-7107,0.754,0.108,-12.1,0.102,0.969,0.579,112.0,User Library,0
TRK-7108,0.333,0.619,-12.7,0.105,0.378,0.299,138.1,User Library,1
TRK-7109,0.212,0.64,-9.2,0.02,0.115,0.408,116.2,Curated Playlist,0
TRK-7110,0.382,0.661,-6.8,0.101,0.494,0.662,164.8,User Library,0
TRK-7111,0.279,0.313,-10.1,0.091,0.867,0.852,119.9,User Library,0
TRK-7112,0.894,0.728,-4.8,0.142,0.88,0.087,136.8,User Library,0
TRK-7113,0.796,0.18,-7.4,0.02,0.021,0.114,101.9,Curated Playlist,0
TRK-7114,0.657,0.275,-18.2,0.02,0.879,0.343,132.1,Curated Playlist,1
TRK-7115,0.847,0.872,-11.6,0.037,0.276,0.26,126.6,Curated Playlist,0
TRK-7116,0.793,0.75,-11.7,0.02,0.048,0.288,118.6,Curated Playlist,0
TRK-7117,0.299,0.112,-7.6,0.065,0.841,0.249,108.0,User Library,1
TRK-7118,0.864,0.319,-20.0,0.199,0.857,0.226,104.7,Curated Playlist,1
TRK-7119,0.581,0.289,-1.0,0.04,0.594,0.168,126.8,Algorithmic Radio,1
TRK-7120,0.796,0.338,-7.4,0.149,0.573,0.891,135.1,User Library,0
TRK-7121,0.867,0.318,-8.9,0.02,0.807,0.18,116.9,Curated Playlist,1
TRK-7122,0.404,0.155,-4.8,0.02,0.781,0.234,126.9,Curated Playlist,0
TRK-7123,0.238,0.504,-1.0,0.02,0.882,0.272,119.1,Curated Playlist,0
TRK-7124,0.332,0.745,-6.0,0.032,0.552,0.89,122.4,User Library,0
TRK-7125,0.492,0.634,-5.7,0.191,0.958,0.73,115.2,Algorithmic Radio,1
TRK-7126,0.804,0.692,-9.0,0.02,0.986,0.761,120.4,Curated Playlist,0
TRK-7127,0.839,0.171,-10.1,0.075,0.124,0.144,184.8,Algorithmic Radio,0
TRK-7128,0.156,0.937,-11.4,0.048,0.843,0.803,127.5,User Library,0
TRK-7129,0.559,0.838,-12.8,0.223,0.5,0.417,135.5,Curated Playlist,0
TRK-7130,0.484,0.808,-12.2,0.02,0.39,0.287,130.5,Curated Playlist,0
TRK-7131,0.328,0.824,-14.9,0.02,0.611,0.568,113.7,User Library,0
TRK-7132,0.246,0.921,-9.8,0.02,0.065,0.79,151.1,User Library,0
TRK-7133,0.42,0.579,-16.2,0.046,0.506,0.751,113.0,Curated Playlist,1
TRK-7134,0.904,0.276,-8.7,0.026,0.863,0.851,145.3,User Library,0
TRK-7135,0.409,0.643,-9.6,0.163,0.219,0.885,112.0,Curated Playlist,0
TRK-7136,0.565,0.754,-8.9,0.074,0.428,0.264,97.0,User Library,0
TRK-7137,0.712,0.749,-11.6,0.076,0.931,0.431,128.8,User Library,0
TRK-7138,0.441,0.559,-1.0,0.061,0.43,0.063,93.5,Curated Playlist,1
TRK-7139,0.927,0.16,-4.1,0.02,0.361,0.841,132.9,User Library,0
TRK-7140,0.92,0.427,-14.5,0.047,0.442,0.189,91.3,Algorithmic Radio,1
TRK-7141,0.351,0.91,-8.6,0.609,0.519,0.825,112.3,Algorithmic Radio,1
TRK-7142,0.548,0.614,-11.9,0.144,0.629,0.346,85.6,Curated Playlist,0
TRK-7143,0.391,0.574,-13.6,0.179,0.795,0.381,187.8,Algorithmic Radio,1
TRK-7144,0.378,0.337,-14.9,0.139,0.453,0.085,80.3,Algorithmic Radio,1
TRK-7145,0.18,0.424,-7.8,0.02,0.811,0.344,120.2,User Library,0
TRK-7146,0.638,0.888,-12.2,0.021,0.533,0.85,147.4,Algorithmic Radio,1
TRK-7147,0.552,0.686,-5.6,0.02,0.342,0.073,144.9,User Library,0
TRK-7148,0.191,0.793,-5.5,0.029,0.655,0.416,140.4,User Library,0
TRK-7149,0.373,0.5,-4.0,0.02,0.713,0.078,112.4,Curated Playlist,0
TRK-7150,0.877,0.655,-12.9,0.051,0.557,0.384,152.4,Curated Playlist,0
TRK-7151,0.342,0.319,-7.6,0.09,0.065,0.205,141.9,User Library,0
TRK-7152,0.266,0.721,-7.0,0.166,0.176,0.277,125.1,User Library,0
TRK-7153,0.542,0.476,-11.4,0.111,0.29,0.84,125.8,Curated Playlist,0
TRK-7154,0.939,0.489,-12.6,0.223,0.287,0.442,112.7,User Library,0
TRK-7155,0.344,0.671,-3.1,0.02,0.67,0.296,98.2,Curated Playlist,1
TRK-7156,0.688,0.924,-8.6,0.02,0.028,0.58,149.7,Curated Playlist,0
TRK-7157,0.759,0.156,-7.0,0.087,0.751,0.178,151.5,User Library,0
TRK-7158,0.34,0.826,-12.8,0.027,0.27,0.283,98.8,User Library,0
TRK-7159,0.733,0.357,-14.4,0.023,0.314,0.542,116.3,Curated Playlist,0
TRK-7160,0.444,0.491,-11.8,0.032,0.527,0.264,116.6,Curated Playlist,0
TRK-7161,0.656,0.119,-10.0,0.025,0.222,0.661,119.2,User Library,0
TRK-7162,0.657,0.365,-13.8,0.057,0.877,0.492,121.5,User Library,0
TRK-7163,0.579,0.542,-9.5,0.046,0.094,0.745,142.7,User Library,0
TRK-7164,0.222,0.149,-16.3,0.057,0.445,0.903,102.1,User Library,1
TRK-7165,0.818,0.532,-14.0,0.089,0.842,0.154,99.7,Curated Playlist,1
TRK-7166,0.407,0.916,-6.8,0.039,0.614,0.351,149.7,Curated Playlist,0
TRK-7167,0.299,0.193,-7.1,0.023,0.296,0.338,108.9,Curated Playlist,0
TRK-7168,0.183,0.773,-11.1,0.02,0.422,0.186,89.7,Algorithmic Radio,1
TRK-7169,0.623,0.461,-13.6,0.034,0.703,0.779,108.4,User Library,0
TRK-7170,0.692,0.677,-13.6,0.108,0.964,0.734,112.1,User Library,0
TRK-7171,0.163,0.329,-11.0,0.113,0.885,0.486,157.3,Curated Playlist,1
TRK-7172,0.56,0.24,-6.9,0.088,0.346,0.534,142.2,Curated Playlist,0
TRK-7173,0.331,0.241,-5.8,0.021,0.988,0.104,147.5,Curated Playlist,1
TRK-7174,0.666,0.162,-11.5,0.071,0.013,0.55,139.7,Curated Playlist,0
TRK-7175,0.289,0.263,-14.1,0.068,0.037,0.762,142.7,Curated Playlist,0
TRK-7176,0.703,0.685,-8.4,0.053,0.817,0.566,103.5,User Library,0
TRK-7177,0.459,0.876,-12.8,0.064,0.205,0.289,115.2,Curated Playlist,0
TRK-7178,0.899,0.816,-11.6,0.054,0.07,0.651,96.2,Curated Playlist,0
TRK-7179,0.26,0.703,-4.2,0.067,0.242,0.375,114.9,Algorithmic Radio,0
TRK-7180,0.423,0.197,-6.2,0.101,0.428,0.54,136.4,Curated Playlist,0
TRK-7181,0.241,0.354,-8.9,0.02,0.726,0.489,123.2,Curated Playlist,0
TRK-7182,0.89,0.373,-14.6,0.111,0.622,0.393,151.5,Curated Playlist,0
TRK-7183,0.852,0.32,-8.7,0.02,0.243,0.697,92.6,Algorithmic Radio,0
TRK-7184,0.356,0.553,-5.2,0.02,0.503,0.845,132.0,Algorithmic Radio,0
TRK-7185,0.678,0.571,-11.0,0.299,0.918,0.055,90.0,Curated Playlist,0
TRK-7186,0.804,0.414,-4.1,0.252,0.809,0.89,122.3,Curated Playlist,0
TRK-7187,0.594,0.411,-4.3,0.02,0.327,0.51,137.8,User Library,0
TRK-7188,0.574,0.829,-2.8,0.047,0.973,0.681,114.9,Curated Playlist,0
TRK-7189,0.343,0.795,-8.3,0.02,0.704,0.82,133.2,Curated Playlist,0
TRK-7190,0.224,0.371,-7.2,0.053,0.071,0.47,97.0,Curated Playlist,1
TRK-7191,0.868,0.904,-3.8,0.142,0.044,0.801,80.1,User Library,0
TRK-7192,0.87,0.938,-7.7,0.241,0.175,0.21,133.4,Curated Playlist,0
TRK-7193,0.656,0.388,-11.5,0.08,0.723,0.193,161.9,User Library,0
TRK-7194,0.421,0.412,-11.3,0.035,0.19,0.642,96.1,Curated Playlist,1
TRK-7195,0.429,0.545,-8.5,0.074,0.511,0.833,149.3,User Library,0
TRK-7196,0.731,0.928,-14.7,0.03,0.101,0.853,121.0,Curated Playlist,0
TRK-7197,0.868,0.871,-10.1,0.192,0.912,0.629,87.9,User Library,0
TRK-7198,0.86,0.19,-5.1,0.163,0.347,0.523,92.8,User Library,0
TRK-7199,0.774,0.446,-18.3,0.065,0.9,0.348,120.4,Curated Playlist,0
TRK-7200,0.664,0.587,-3.4,0.031,0.936,0.932,110.3,User Library,0
TRK-7201,0.217,0.543,-5.0,0.028,0.016,0.338,88.5,Curated Playlist,0
TRK-7202,0.279,0.271,-11.3,0.02,0.465,0.72,79.3,Algorithmic Radio,1
TRK-7203,0.869,0.856,-7.3,0.135,0.034,0.529,99.7,Algorithmic Radio,1
TRK-7204,0.635,0.696,-9.5,0.048,0.901,0.598,124.7,User Library,0
TRK-7205,0.157,0.837,-4.6,0.031,0.518,0.404,119.8,Algorithmic Radio,0
TRK-7206,0.231,0.856,-5.6,0.051,0.083,0.918,108.0,User Library,0
TRK-7207,0.681,0.759,-15.1,0.137,0.118,0.565,124.8,Algorithmic Radio,0
TRK-7208,0.154,0.487,-7.2,0.02,0.386,0.894,145.0,Curated Playlist,0
TRK-7209,0.279,0.637,-10.3,0.156,0.931,0.057,129.5,User Library,0
TRK-7210,0.589,0.241,-9.2,0.182,0.689,0.565,117.1,User Library,0
TRK-7211,0.704,0.693,-12.4,0.235,0.86,0.695,142.3,User Library,0
TRK-7212,0.672,0.258,-2.5,0.041,0.369,0.721,97.0,Curated Playlist,0
TRK-7213,0.329,0.711,-5.3,0.02,0.052,0.864,114.6,User Library,0
TRK-7214,0.72,0.302,-12.5,0.037,0.965,0.054,115.2,Curated Playlist,0
TRK-7215,0.34,0.203,-14.8,0.032,0.027,0.05,90.3,Curated Playlist,0
TRK-7216,0.41,0.245,-11.0,0.02,0.939,0.475,109.9,Algorithmic Radio,0
TRK-7217,0.747,0.102,-7.8,0.075,0.371,0.076,70.2,Algorithmic Radio,0
TRK-7218,0.67,0.732,-8.5,0.052,0.02,0.927,165.9,User Library,0
TRK-7219,0.829,0.745,-4.5,0.161,0.685,0.25,97.5,Curated Playlist,0
TRK-7220,0.676,0.553,-6.3,0.02,0.971,0.475,158.1,Algorithmic Radio,1
TRK-7221,0.605,0.242,-5.6,0.083,0.956,0.105,120.9,Algorithmic Radio,0
TRK-7222,0.225,0.174,-8.2,0.115,0.168,0.52,133.6,User Library,0
TRK-7223,0.444,0.117,-15.1,0.114,0.188,0.392,108.3,User Library,0
TRK-7224,0.362,0.246,-10.3,0.174,0.564,0.09,125.0,User Library,0
TRK-7225,0.345,0.884,-5.3,0.104,0.635,0.352,135.6,User Library,0
TRK-7226,0.928,0.313,-9.7,0.21,0.735,0.402,135.9,User Library,0
TRK-7227,0.464,0.412,-7.5,0.032,0.187,0.941,138.6,Curated Playlist,1
TRK-7228,0.864,0.193,-10.8,0.056,0.95,0.237,111.2,Curated Playlist,0
TRK-7229,0.655,0.296,-13.6,0.02,0.636,0.54,108.5,Curated Playlist,1
TRK-7230,0.786,0.557,-10.0,0.02,0.84,0.939,81.7,Curated Playlist,0
TRK-7231,0.552,0.635,-8.3,0.022,0.539,0.763,132.6,User Library,0
TRK-7232,0.612,0.316,-12.1,0.02,0.416,0.944,146.0,Algorithmic Radio,0
TRK-7233,0.544,0.151,-10.4,0.024,0.968,0.921,158.8,Algorithmic Radio,0
TRK-7234,0.306,0.444,-13.3,0.02,0.58,0.491,127.3,Curated Playlist,1
TRK-7235,0.728,0.306,-5.0,0.02,0.86,0.677,101.6,Algorithmic Radio,1
TRK-7236,0.375,0.293,-10.7,0.192,0.944,0.149,79.3,User Library,0
TRK-7237,0.169,0.945,-3.7,0.02,0.672,0.447,145.0,Curated Playlist,0
TRK-7238,0.666,0.642,-3.4,0.107,0.548,0.778,76.9,User Library,0
TRK-7239,0.292,0.59,-9.8,0.02,0.013,0.505,111.8,User Library,0
TRK-7240,0.902,0.466,-13.5,0.195,0.049,0.682,114.6,User Library,0
TRK-7241,0.913,0.477,-17.8,0.179,0.207,0.721,118.3,Curated Playlist,1
TRK-7242,0.882,0.576,-15.4,0.085,0.192,0.278,120.9,User Library,0
TRK-7243,0.446,0.713,-15.0,0.089,0.26,0.838,123.3,Curated Playlist,0
TRK-7244,0.162,0.718,-4.0,0.02,0.309,0.464,65.0,User Library,0
TRK-7245,0.893,0.251,-9.0,0.335,0.363,0.239,120.4,Algorithmic Radio,1
TRK-7246,0.493,0.54,-7.9,0.168,0.422,0.829,66.5,Curated Playlist,1
TRK-7247,0.923,0.463,-18.4,0.18,0.107,0.426,137.6,User Library,0
TRK-7248,0.921,0.866,-14.3,0.086,0.052,0.725,106.7,User Library,0
TRK-7249,0.832,0.656,-6.0,0.034,0.67,0.543,68.2,Algorithmic Radio,0
TRK-7250,0.386,0.569,-8.4,0.179,0.537,0.394,100.5,User Library,0
TRK-7251,0.458,0.202,-10.1,0.028,0.445,0.779,106.3,Curated Playlist,1
TRK-7252,0.831,0.633,-7.2,0.066,0.632,0.576,148.6,Curated Playlist,0
TRK-7253,0.404,0.203,-3.0,0.02,0.821,0.402,124.7,User Library,0
TRK-7254,0.286,0.397,-10.4,0.204,0.429,0.149,128.3,User Library,1
TRK-7255,0.595,0.226,-9.2,0.02,0.638,0.856,148.3,Curated Playlist,0
TRK-7256,0.899,0.709,-8.7,0.02,0.945,0.082,117.7,User Library,0
TRK-7257,0.707,0.282,-1.0,0.065,0.833,0.827,138.1,User Library,0
TRK-7258,0.606,0.445,-17.9,0.116,0.427,0.374,136.4,User Library,0
TRK-7259,0.228,0.888,-6.8,0.077,0.642,0.625,89.1,User Library,0
TRK-7260,0.642,0.28,-10.0,0.021,0.184,0.88,155.4,User Library,0
TRK-7261,0.942,0.547,-7.2,0.02,0.559,0.187,85.9,Algorithmic Radio,0
TRK-7262,0.262,0.469,-12.1,0.113,0.972,0.56,142.0,Curated Playlist,0
TRK-7263,0.565,0.116,-9.7,0.337,0.518,0.738,83.6,Curated Playlist,0
TRK-7264,0.852,0.798,-6.7,0.133,0.919,0.732,134.4,User Library,0
TRK-7265,0.743,0.161,-1.0,0.049,0.409,0.523,164.7,User Library,0
TRK-7266,0.708,0.517,-6.3,0.187,0.989,0.612,114.9,Algorithmic Radio,1
TRK-7267,0.712,0.593,-12.9,0.042,0.578,0.732,113.8,Curated Playlist,1
TRK-7268,0.438,0.653,-11.2,0.06,0.051,0.807,134.7,User Library,0
TRK-7269,0.385,0.706,-11.3,0.052,0.585,0.736,112.1,User Library,1
TRK-7270,0.797,0.323,-16.7,0.047,0.279,0.369,163.6,Curated Playlist,0
TRK-7271,0.798,0.109,-10.8,0.119,0.042,0.947,124.6,Algorithmic Radio,0
TRK-7272,0.844,0.737,-6.6,0.06,0.814,0.441,112.3,User Library,0
TRK-7273,0.881,0.571,-14.6,0.03,0.28,0.072,107.0,Curated Playlist,0
TRK-7274,0.559,0.836,-5.3,0.024,0.791,0.376,97.6,Curated Playlist,0
TRK-7275,0.551,0.823,-7.5,0.02,0.292,0.165,104.9,Algorithmic Radio,1
TRK-7276,0.789,0.842,-12.4,0.07,0.2,0.159,111.6,Algorithmic Radio,0
TRK-7277,0.67,0.527,-10.1,0.021,0.964,0.303,108.3,User Library,1
TRK-7278,0.712,0.394,-3.1,0.02,0.364,0.098,104.2,Curated Playlist,0
TRK-7279,0.787,0.797,-6.6,0.085,0.599,0.67,170.4,Curated Playlist,0
TRK-7280,0.862,0.497,-9.5,0.091,0.608,0.117,95.3,Curated Playlist,0
TRK-7281,0.42,0.261,-10.5,0.112,0.559,0.233,123.5,Algorithmic Radio,0
TRK-7282,0.45,0.852,-9.2,0.056,0.906,0.134,134.2,Algorithmic Radio,0
TRK-7283,0.225,0.877,-11.5,0.18,0.671,0.107,135.1,User Library,0
TRK-7284,0.613,0.51,-17.9,0.22,0.406,0.291,118.6,User Library,0
TRK-7285,0.179,0.167,-1.3,0.132,0.855,0.565,114.2,Curated Playlist,0
TRK-7286,0.522,0.441,-8.9,0.081,0.187,0.918,130.8,User Library,0
TRK-7287,0.584,0.807,-7.9,0.029,0.543,0.838,126.4,User Library,0
TRK-7288,0.379,0.894,-9.7,0.326,0.942,0.838,113.8,User Library,1
TRK-7289,0.623,0.279,-12.4,0.026,0.623,0.208,82.5,Algorithmic Radio,1
TRK-7290,0.174,0.159,-10.2,0.02,0.811,0.288,108.8,User Library,0
TRK-7291,0.18,0.872,-15.9,0.047,0.65,0.119,92.5,Curated Playlist,1
TRK-7292,0.808,0.443,-1.0,0.02,0.833,0.751,104.0,User Library,0
TRK-7293,0.438,0.577,-14.4,0.307,0.936,0.113,120.8,User Library,0
TRK-7294,0.252,0.952,-13.6,0.071,0.277,0.551,128.6,User Library,0
TRK-7295,0.568,0.159,-11.3,0.065,0.176,0.273,162.7,User Library,0
TRK-7296,0.766,0.671,-4.3,0.085,0.484,0.269,107.1,Algorithmic Radio,0
TRK-7297,0.323,0.165,-9.4,0.055,0.698,0.942,138.6,Algorithmic Radio,1
TRK-7298,0.648,0.43,-14.4,0.02,0.233,0.731,127.3,Curated Playlist,0
TRK-7299,0.218,0.807,-4.5,0.076,0.014,0.803,151.1,User Library,0
TRK-7300,0.191,0.481,-6.6,0.101,0.346,0.565,133.8,Curated Playlist,1
TRK-7301,0.575,0.978,-7.3,0.043,0.959,0.834,95.8,User Library,0
TRK-7302,0.583,0.592,-6.6,0.113,0.691,0.631,78.6,User Library,1
TRK-7303,0.66,0.383,-1.0,0.021,0.403,0.902,127.5,Curated Playlist,0
TRK-7304,0.731,0.294,-1.0,0.02,0.199,0.303,107.3,Curated Playlist,0
TRK-7305,0.931,0.408,-12.2,0.02,0.359,0.586,96.5,User Library,0
TRK-7306,0.563,0.428,-3.0,0.037,0.176,0.671,89.6,User Library,0
TRK-7307,0.408,0.16,-8.0,0.15,0.114,0.404,123.9,Algorithmic Radio,0
TRK-7308,0.786,0.425,-7.5,0.141,0.899,0.842,156.2,User Library,0
TRK-7309,0.367,0.509,-16.3,0.039,0.988,0.932,110.2,Algorithmic Radio,1
TRK-7310,0.501,0.736,-10.2,0.071,0.171,0.494,134.2,Algorithmic Radio,0
TRK-7311,0.213,0.678,-12.8,0.102,0.063,0.402,117.5,Curated Playlist,0
TRK-7312,0.17,0.724,-6.2,0.022,0.333,0.475,89.1,User Library,0
TRK-7313,0.92,0.107,-5.2,0.02,0.462,0.817,137.6,Curated Playlist,0
TRK-7314,0.819,0.292,-17.8,0.286,0.211,0.631,93.7,User Library,0
TRK-7315,0.707,0.682,-9.6,0.077,0.305,0.09,120.5,User Library,0
TRK-7316,0.477,0.526,-5.0,0.319,0.207,0.538,111.8,Curated Playlist,0
TRK-7317,0.289,0.105,-10.2,0.033,0.769,0.066,141.4,User Library,0
TRK-7318,0.275,0.808,-6.6,0.097,0.708,0.751,94.6,User Library,0
TRK-7319,0.35,0.78,-8.1,0.02,0.632,0.345,129.4,Curated Playlist,0
TRK-7320,0.589,0.583,-8.1,0.024,0.389,0.475,99.8,Curated Playlist,1
TRK-7321,0.722,0.158,-10.6,0.057,0.901,0.769,107.7,User Library,0
TRK-7322,0.678,0.775,-14.4,0.031,0.96,0.092,65.0,User Library,0
TRK-7323,0.374,0.614,-14.0,0.02,0.18,0.193,170.2,User Library,0
TRK-7324,0.914,0.788,-6.7,0.024,0.229,0.408,133.2,User Library,0
TRK-7325,0.74,0.762,-9.4,0.02,0.525,0.257,101.6,Curated Playlist,1
TRK-7326,0.593,0.807,-10.1,0.098,0.099,0.354,93.0,Curated Playlist,0
TRK-7327,0.639,0.556,-11.2,0.054,0.438,0.948,108.1,Curated Playlist,1
TRK-7328,0.486,0.223,-10.7,0.02,0.58,0.793,137.2,User Library,0
TRK-7329,0.348,0.691,-5.3,0.02,0.522,0.846,74.6,User Library,1
TRK-7330,0.435,0.646,-10.8,0.02,0.334,0.893,116.6,User Library,0
TRK-7331,0.756,0.753,-14.9,0.076,0.542,0.357,162.5,User Library,0
TRK-7332,0.162,0.249,-6.5,0.02,0.95,0.317,92.8,User Library,0
TRK-7333,0.243,0.272,-10.3,0.112,0.212,0.261,121.9,User Library,0
TRK-7334,0.187,0.884,-9.4,0.02,0.652,0.797,172.9,User Library,1
TRK-7335,0.183,0.76,-3.1,0.023,0.053,0.662,135.2,Curated Playlist,0
TRK-7336,0.834,0.899,-9.6,0.177,0.075,0.263,123.0,Curated Playlist,0
TRK-7337,0.713,0.768,-8.3,0.101,0.551,0.389,132.2,Curated Playlist,1
TRK-7338,0.529,0.625,-14.2,0.02,0.113,0.506,110.4,User Library,0
TRK-7339,0.228,0.676,-10.4,0.138,0.032,0.525,151.2,Algorithmic Radio,0
TRK-7340,0.543,0.882,-7.1,0.054,0.178,0.85,110.4,Algorithmic Radio,0
TRK-7341,0.529,0.609,-15.7,0.15,0.564,0.393,73.0,User Library,0
TRK-7342,0.289,0.657,-8.7,0.073,0.699,0.868,110.6,Curated Playlist,1
TRK-7343,0.497,0.238,-9.1,0.092,0.208,0.447,96.8,Algorithmic Radio,1
TRK-7344,0.469,0.517,-9.3,0.403,0.665,0.722,113.3,Curated Playlist,1
TRK-7345,0.643,0.73,-5.4,0.021,0.189,0.887,113.8,User Library,0
TRK-7346,0.658,0.338,-8.2,0.078,0.611,0.867,148.7,Curated Playlist,0
TRK-7347,0.186,0.278,-3.6,0.049,0.414,0.101,136.7,Curated Playlist,0
TRK-7348,0.45,0.376,-13.5,0.02,0.651,0.235,126.3,User Library,0
TRK-7349,0.651,0.313,-9.0,0.02,0.985,0.479,119.9,Algorithmic Radio,0
TRK-7350,0.553,0.289,-9.2,0.02,0.929,0.438,94.6,Curated Playlist,1
TRK-7351,0.835,0.474,-13.8,0.084,0.014,0.627,67.7,User Library,0
TRK-7352,0.677,0.899,-5.7,0.067,0.878,0.9,122.7,Curated Playlist,0
TRK-7353,0.28,0.546,-1.0,0.064,0.075,0.151,139.1,Curated Playlist,0
TRK-7354,0.206,0.265,-9.6,0.02,0.944,0.457,117.4,User Library,1
TRK-7355,0.664,0.168,-7.5,0.051,0.286,0.223,107.2,User Library,0
TRK-7356,0.171,0.713,-9.2,0.207,0.384,0.855,131.1,Algorithmic Radio,0
TRK-7357,0.619,0.437,-12.4,0.041,0.1,0.918,118.0,Curated Playlist,0
TRK-7358,0.902,0.823,-16.8,0.078,0.12,0.481,160.5,User Library,0
TRK-7359,0.61,0.68,-12.3,0.121,0.722,0.144,149.6,User Library,0
TRK-7360,0.461,0.801,-15.1,0.123,0.935,0.757,143.0,Curated Playlist,0
TRK-7361,0.665,0.339,-2.7,0.059,0.609,0.677,138.2,Curated Playlist,1
TRK-7362,0.517,0.709,-10.0,0.156,0.712,0.369,89.0,User Library,1
TRK-7363,0.586,0.332,-10.9,0.04,0.757,0.849,135.9,Curated Playlist,0
TRK-7364,0.903,0.926,-5.9,0.176,0.268,0.928,129.0,User Library,0
TRK-7365,0.459,0.66,-14.0,0.022,0.054,0.552,134.6,User Library,1
TRK-7366,0.919,0.386,-12.6,0.026,0.012,0.559,131.8,Curated Playlist,0
TRK-7367,0.874,0.337,-9.2,0.02,0.354,0.318,130.9,User Library,0
TRK-7368,0.307,0.268,-5.4,0.127,0.247,0.576,184.8,Algorithmic Radio,1
TRK-7369,0.205,0.711,-7.5,0.043,0.071,0.446,118.2,User Library,0
TRK-7370,0.231,0.292,-8.5,0.021,0.186,0.322,142.5,Curated Playlist,1
TRK-7371,0.165,0.624,-9.2,0.021,0.132,0.11,108.7,User Library,0
TRK-7372,0.226,0.333,-7.9,0.185,0.907,0.277,139.0,User Library,1
TRK-7373,0.696,0.683,-8.7,0.144,0.147,0.228,142.5,Curated Playlist,1
TRK-7374,0.207,0.817,-13.6,0.065,0.537,0.538,128.7,Curated Playlist,1
TRK-7375,0.405,0.785,-9.3,0.077,0.591,0.592,160.1,Curated Playlist,1
TRK-7376,0.826,0.77,-13.8,0.051,0.543,0.598,98.8,Curated Playlist,0
TRK-7377,0.169,0.265,-9.2,0.04,0.107,0.399,108.3,Curated Playlist,1
TRK-7378,0.802,0.178,-11.4,0.198,0.322,0.429,125.1,Curated Playlist,0
TRK-7379,0.375,0.715,-1.0,0.02,0.06,0.801,141.1,Curated Playlist,1
TRK-7380,0.245,0.424,-9.7,0.043,0.398,0.479,124.3,Curated Playlist,1
TRK-7381,0.707,0.48,-15.1,0.034,0.195,0.939,150.9,Curated Playlist,0
TRK-7382,0.653,0.127,-10.0,0.055,0.56,0.446,104.1,Algorithmic Radio,0
TRK-7383,0.852,0.328,-7.4,0.049,0.689,0.635,92.6,User Library,0
TRK-7384,0.738,0.13,-2.8,0.059,0.531,0.095,127.4,Curated Playlist,1
TRK-7385,0.793,0.874,-11.9,0.02,0.436,0.638,118.1,User Library,0
TRK-7386,0.376,0.314,-15.8,0.058,0.39,0.816,133.0,User Library,0
TRK-7387,0.292,0.59,-6.2,0.022,0.835,0.898,119.3,User Library,1
TRK-7388,0.75,0.134,-15.0,0.02,0.225,0.948,111.8,Algorithmic Radio,0
TRK-7389,0.795,0.687,-11.2,0.02,0.73,0.304,118.2,Curated Playlist,1
TRK-7390,0.942,0.384,-10.5,0.115,0.752,0.568,120.7,Curated Playlist,0
TRK-7391,0.48,0.89,-9.8,0.045,0.421,0.456,112.7,User Library,0
TRK-7392,0.448,0.882,-6.7,0.079,0.301,0.557,115.1,Curated Playlist,0
TRK-7393,0.771,0.386,-12.2,0.104,0.471,0.192,110.3,Algorithmic Radio,0
TRK-7394,0.423,0.893,-10.6,0.091,0.101,0.821,140.6,User Library,0
TRK-7395,0.895,0.977,-9.6,0.051,0.055,0.869,124.7,User Library,0
TRK-7396,0.837,0.826,-8.9,0.039,0.119,0.455,174.2,User Library,0
TRK-7397,0.493,0.843,-9.1,0.038,0.193,0.302,123.9,Curated Playlist,1
TRK-7398,0.751,0.319,-7.8,0.082,0.504,0.177,106.8,Curated Playlist,0
TRK-7399,0.754,0.607,-6.1,0.055,0.842,0.665,184.1,Curated Playlist,0
TRK-7400,0.232,0.159,-7.9,0.151,0.241,0.331,129.9,Curated Playlist,1
TRK-7401,0.872,0.184,-7.7,0.166,0.926,0.869,143.8,User Library,0
TRK-7402,0.554,0.979,-15.8,0.02,0.946,0.654,134.2,Curated Playlist,1
TRK-7403,0.811,0.387,-9.3,0.02,0.95,0.631,135.0,User Library,0
TRK-7404,0.406,0.758,-7.6,0.08,0.831,0.553,132.9,User Library,1
TRK-7405,0.866,0.81,-6.6,0.029,0.367,0.091,93.5,Curated Playlist,0
TRK-7406,0.461,0.855,-12.3,0.02,0.081,0.889,128.8,Algorithmic Radio,0
TRK-7407,0.159,0.978,-12.1,0.176,0.567,0.615,88.2,Curated Playlist,1
TRK-7408,0.874,0.313,-11.8,0.021,0.558,0.945,115.8,Curated Playlist,0
TRK-7409,0.223,0.136,-7.4,0.212,0.843,0.534,102.6,User Library,0
TRK-7410,0.405,0.462,-5.4,0.101,0.986,0.689,128.6,User Library,1
TRK-7411,0.91,0.214,-11.1,0.115,0.508,0.101,128.0,User Library,0
TRK-7412,0.91,0.12,-5.9,0.02,0.348,0.619,131.5,Algorithmic Radio,1
TRK-7413,0.609,0.417,-9.0,0.021,0.192,0.738,126.9,Algorithmic Radio,0
TRK-7414,0.655,0.79,-10.0,0.059,0.015,0.751,105.4,Algorithmic Radio,1
TRK-7415,0.509,0.598,-10.3,0.02,0.509,0.743,113.7,User Library,0
TRK-7416,0.385,0.375,-6.5,0.029,0.554,0.254,142.1,Curated Playlist,0
TRK-7417,0.413,0.676,-8.2,0.031,0.818,0.928,145.6,Curated Playlist,0
TRK-7418,0.688,0.304,-1.0,0.02,0.504,0.946,92.5,Curated Playlist,0
TRK-7419,0.752,0.113,-12.9,0.02,0.908,0.118,83.3,Curated Playlist,0
TRK-7420,0.783,0.773,-7.4,0.124,0.626,0.893,102.6,Curated Playlist,0
TRK-7421,0.782,0.649,-11.6,0.02,0.834,0.311,145.1,User Library,0
TRK-7422,0.223,0.771,-13.0,0.02,0.155,0.67,149.2,User Library,0
TRK-7423,0.546,0.134,-9.5,0.079,0.848,0.354,97.8,User Library,0
TRK-7424,0.196,0.837,-9.0,0.298,0.672,0.921,127.4,User Library,1
TRK-7425,0.59,0.645,-1.0,0.032,0.177,0.141,164.0,User Library,0
TRK-7426,0.503,0.596,-10.2,0.02,0.196,0.498,130.0,User Library,0
TRK-7427,0.86,0.65,-14.0,0.068,0.918,0.435,154.1,User Library,0
TRK-7428,0.431,0.861,-8.4,0.189,0.042,0.343,144.0,Curated Playlist,1
TRK-7429,0.244,0.617,-17.8,0.123,0.463,0.631,98.2,Algorithmic Radio,1
TRK-7430,0.264,0.611,-9.9,0.078,0.317,0.168,115.4,Algorithmic Radio,0
TRK-7431,0.759,0.972,-9.4,0.03,0.662,0.695,120.8,User Library,0
TRK-7432,0.645,0.766,-6.3,0.062,0.833,0.933,122.5,User Library,0
TRK-7433,0.231,0.489,-5.6,0.02,0.363,0.774,142.0,User Library,0
TRK-7434,0.217,0.723,-11.5,0.091,0.428,0.824,129.8,Algorithmic Radio,0
TRK-7435,0.711,0.443,-10.1,0.103,0.972,0.374,65.0,Curated Playlist,1
TRK-7436,0.208,0.301,-12.6,0.268,0.778,0.342,88.5,User Library,0
TRK-7437,0.807,0.625,-14.0,0.024,0.889,0.515,67.5,Algorithmic Radio,1
TRK-7438,0.715,0.917,-8.3,0.02,0.44,0.091,124.2,User Library,0
TRK-7439,0.215,0.918,-14.6,0.063,0.239,0.901,125.8,Algorithmic Radio,1
TRK-7440,0.218,0.401,-11.2,0.098,0.414,0.179,126.8,User Library,0
TRK-7441,0.939,0.564,-13.5,0.125,0.712,0.863,97.0,User Library,0
TRK-7442,0.449,0.286,-7.3,0.02,0.117,0.125,136.2,Curated Playlist,0
TRK-7443,0.447,0.976,-2.3,0.024,0.275,0.79,137.2,Algorithmic Radio,1
TRK-7444,0.8,0.963,-14.7,0.057,0.056,0.187,89.9,Algorithmic Radio,0
TRK-7445,0.908,0.672,-16.9,0.032,0.434,0.084,84.8,Curated Playlist,0
TRK-7446,0.939,0.808,-10.0,0.158,0.821,0.698,120.0,User Library,0
TRK-7447,0.753,0.729,-9.4,0.051,0.034,0.302,163.0,User Library,0
TRK-7448,0.451,0.622,-8.6,0.129,0.672,0.693,160.8,Algorithmic Radio,1
TRK-7449,0.217,0.147,-11.3,0.07,0.924,0.55,133.5,Curated Playlist,0
TRK-7450,0.772,0.5,-10.3,0.119,0.242,0.148,102.5,Curated Playlist,0
TRK-7451,0.597,0.694,-8.0,0.032,0.69,0.889,141.3,User Library,0
TRK-7452,0.489,0.696,-5.3,0.142,0.966,0.457,109.1,Curated Playlist,1
TRK-7453,0.875,0.428,-17.3,0.026,0.953,0.711,101.6,User Library,0
TRK-7454,0.239,0.929,-11.0,0.063,0.24,0.501,68.5,Curated Playlist,0
TRK-7455,0.544,0.247,-8.6,0.02,0.108,0.594,122.5,Algorithmic Radio,0
TRK-7456,0.159,0.54,-13.2,0.052,0.155,0.322,104.9,Curated Playlist,0
TRK-7457,0.525,0.708,-2.6,0.031,0.698,0.23,122.3,Curated Playlist,0
TRK-7458,0.195,0.713,-12.0,0.025,0.721,0.538,65.0,User Library,0
TRK-7459,0.245,0.671,-9.7,0.273,0.671,0.446,124.1,User Library,0
TRK-7460,0.244,0.342,-7.3,0.02,0.339,0.401,65.0,Algorithmic Radio,0
TRK-7461,0.669,0.237,-11.9,0.124,0.176,0.655,146.1,User Library,0
TRK-7462,0.747,0.66,-16.9,0.332,0.579,0.671,132.5,Algorithmic Radio,0
TRK-7463,0.617,0.627,-11.2,0.02,0.484,0.091,113.3,Curated Playlist,1
TRK-7464,0.92,0.258,-5.4,0.096,0.724,0.355,133.5,Curated Playlist,1
TRK-7465,0.45,0.721,-10.8,0.023,0.443,0.421,96.5,Algorithmic Radio,1
TRK-7466,0.379,0.501,-12.9,0.02,0.342,0.137,121.7,Curated Playlist,0
TRK-7467,0.845,0.688,-5.8,0.041,0.298,0.262,139.1,Algorithmic Radio,0
TRK-7468,0.329,0.837,-10.8,0.219,0.217,0.096,65.0,User Library,1
TRK-7469,0.921,0.249,-11.5,0.02,0.27,0.947,109.3,Curated Playlist,0
TRK-7470,0.16,0.117,-8.9,0.071,0.103,0.713,119.5,Curated Playlist,0
TRK-7471,0.926,0.786,-6.4,0.056,0.35,0.129,115.3,User Library,0
TRK-7472,0.185,0.637,-1.0,0.165,0.046,0.068,155.0,Curated Playlist,0
TRK-7473,0.863,0.716,-6.2,0.02,0.193,0.697,93.0,Curated Playlist,0
TRK-7474,0.572,0.838,-4.9,0.092,0.742,0.445,105.1,Algorithmic Radio,1
TRK-7475,0.944,0.806,-11.5,0.091,0.329,0.758,74.0,User Library,0
TRK-7476,0.209,0.946,-13.6,0.088,0.665,0.881,156.2,Curated Playlist,1
TRK-7477,0.593,0.572,-9.3,0.228,0.713,0.589,114.1,User Library,0
TRK-7478,0.925,0.53,-9.1,0.139,0.58,0.218,109.5,Curated Playlist,1
TRK-7479,0.568,0.454,-13.8,0.02,0.95,0.754,118.7,Curated Playlist,1
TRK-7480,0.654,0.235,-10.2,0.051,0.031,0.91,135.3,Curated Playlist,1
TRK-7481,0.707,0.604,-7.9,0.041,0.734,0.572,128.3,User Library,0
TRK-7482,0.514,0.344,-8.1,0.03,0.95,0.664,183.5,User Library,0
TRK-7483,0.652,0.911,-7.5,0.048,0.855,0.354,130.9,User Library,1
TRK-7484,0.617,0.613,-8.3,0.039,0.175,0.393,108.8,User Library,0
TRK-7485,0.871,0.622,-11.5,0.045,0.33,0.711,106.5,Curated Playlist,0
TRK-7486,0.186,0.412,-11.6,0.31,0.179,0.885,110.6,Algorithmic Radio,1
TRK-7487,0.375,0.146,-14.3,0.02,0.599,0.616,84.0,User Library,0
TRK-7488,0.91,0.128,-2.4,0.204,0.708,0.761,121.0,User Library,0
TRK-7489,0.862,0.473,-9.4,0.052,0.321,0.204,138.8,Curated Playlist,0
TRK-7490,0.515,0.174,-10.4,0.078,0.539,0.241,105.3,Curated Playlist,1
TRK-7491,0.646,0.634,-13.2,0.142,0.687,0.529,100.6,User Library,0
TRK-7492,0.372,0.875,-1.0,0.036,0.423,0.209,156.4,User Library,0
TRK-7493,0.3,0.877,-13.8,0.045,0.847,0.621,85.8,User Library,0
TRK-7494,0.521,0.68,-11.2,0.042,0.766,0.312,70.4,User Library,0
TRK-7495,0.433,0.286,-7.8,0.038,0.073,0.762,92.3,User Library,0
TRK-7496,0.617,0.859,-7.1,0.208,0.619,0.777,83.0,User Library,0
TRK-7497,0.212,0.88,-5.7,0.141,0.241,0.467,129.3,Curated Playlist,0
TRK-7498,0.93,0.273,-2.3,0.02,0.556,0.213,111.3,Curated Playlist,0
TRK-7499,0.939,0.749,-7.5,0.02,0.948,0.632,114.7,User Library,0
TRK-7500,0.709,0.352,-13.7,0.045,0.871,0.944,147.7,Curated Playlist,0
TRK-7501,0.579,0.806,-10.5,0.02,0.406,0.61,103.4,Curated Playlist,0
TRK-7502,0.398,0.978,-8.3,0.077,0.296,0.082,138.6,Algorithmic Radio,1
TRK-7503,0.801,0.126,-1.2,0.02,0.24,0.066,156.3,User Library,0
TRK-7504,0.698,0.89,-15.1,0.059,0.532,0.338,109.1,Curated Playlist,0
TRK-7505,0.28,0.648,-4.7,0.02,0.122,0.226,137.7,Curated Playlist,1
TRK-7506,0.879,0.957,-8.8,0.03,0.548,0.782,114.2,User Library,0
TRK-7507,0.808,0.509,-6.1,0.09,0.011,0.81,142.2,Algorithmic Radio,0
TRK-7508,0.91,0.846,-9.9,0.053,0.327,0.283,82.3,Curated Playlist,0
TRK-7509,0.731,0.155,-12.9,0.306,0.226,0.343,80.5,Curated Playlist,0
TRK-7510,0.641,0.395,-6.5,0.166,0.962,0.263,110.6,User Library,1
TRK-7511,0.485,0.159,-6.9,0.036,0.723,0.868,98.7,User Library,1
TRK-7512,0.896,0.958,-5.6,0.02,0.353,0.502,107.6,Curated Playlist,0
TRK-7513,0.843,0.819,-9.6,0.149,0.101,0.641,114.7,User Library,0
TRK-7514,0.186,0.85,-11.9,0.194,0.516,0.424,137.3,Curated Playlist,0
TRK-7515,0.171,0.925,-15.7,0.137,0.219,0.618,110.2,User Library,1
TRK-7516,0.451,0.175,-6.2,0.02,0.536,0.397,100.2,Curated Playlist,0
TRK-7517,0.798,0.439,-7.8,0.494,0.829,0.356,111.6,Curated Playlist,1
TRK-7518,0.94,0.163,-13.4,0.024,0.613,0.621,101.5,User Library,0
TRK-7519,0.27,0.285,-11.7,0.103,0.631,0.582,97.6,Curated Playlist,1
TRK-7520,0.625,0.302,-11.4,0.191,0.54,0.314,81.3,User Library,0
TRK-7521,0.455,0.513,-15.4,0.022,0.919,0.184,121.7,User Library,0
TRK-7522,0.926,0.336,-12.8,0.191,0.923,0.382,106.4,User Library,0
TRK-7523,0.824,0.189,-14.0,0.03,0.512,0.424,143.2,User Library,0
TRK-7524,0.821,0.247,-11.1,0.3,0.31,0.616,85.3,User Library,0
TRK-7525,0.525,0.23,-12.5,0.026,0.46,0.873,107.0,Algorithmic Radio,0
TRK-7526,0.482,0.956,-16.0,0.245,0.193,0.083,163.5,User Library,0
TRK-7527,0.369,0.768,-1.4,0.02,0.634,0.269,97.4,User Library,0
TRK-7528,0.195,0.952,-4.5,0.099,0.5,0.224,114.3,User Library,0
TRK-7529,0.842,0.487,-12.6,0.061,0.111,0.502,90.8,User Library,0
TRK-7530,0.8,0.345,-8.4,0.052,0.204,0.437,87.6,Curated Playlist,0
TRK-7531,0.95,0.802,-7.8,0.02,0.48,0.706,157.1,User Library,0
TRK-7532,0.947,0.387,-4.7,0.098,0.88,0.268,124.1,Curated Playlist,0
TRK-7533,0.594,0.363,-12.8,0.02,0.565,0.585,123.2,User Library,0
TRK-7534,0.765,0.305,-5.1,0.064,0.678,0.845,79.3,Algorithmic Radio,1
TRK-7535,0.906,0.214,-11.7,0.023,0.342,0.87,128.6,User Library,0
TRK-7536,0.83,0.326,-14.8,0.249,0.57,0.913,147.8,Curated Playlist,0
TRK-7537,0.348,0.413,-6.6,0.02,0.448,0.746,147.6,Curated Playlist,1
TRK-7538,0.51,0.693,-4.3,0.02,0.656,0.865,136.0,User Library,0
TRK-7539,0.253,0.155,-1.0,0.022,0.06,0.261,92.9,Curated Playlist,0
TRK-7540,0.913,0.285,-14.3,0.043,0.493,0.228,127.5,Curated Playlist,0
TRK-7541,0.635,0.812,-6.7,0.021,0.3,0.056,136.0,User Library,0
TRK-7542,0.333,0.229,-11.1,0.054,0.33,0.686,76.9,Curated Playlist,0
TRK-7543,0.687,0.402,-6.4,0.165,0.952,0.894,93.1,Algorithmic Radio,1
TRK-7544,0.645,0.861,-15.4,0.1,0.189,0.218,141.3,Curated Playlist,0
TRK-7545,0.437,0.236,-14.6,0.069,0.315,0.623,141.0,Algorithmic Radio,0
TRK-7546,0.241,0.173,-12.6,0.02,0.51,0.722,82.8,User Library,0
TRK-7547,0.687,0.526,-9.2,0.095,0.856,0.885,139.1,Curated Playlist,1
TRK-7548,0.566,0.366,-12.1,0.02,0.418,0.632,122.3,Algorithmic Radio,0
TRK-7549,0.768,0.596,-6.9,0.123,0.739,0.923,138.7,User Library,1
TRK-7550,0.566,0.807,-5.4,0.023,0.849,0.36,104.8,Algorithmic Radio,0
TRK-7551,0.832,0.221,-7.1,0.043,0.314,0.365,135.5,User Library,0
TRK-7552,0.592,0.611,-3.0,0.035,0.395,0.539,140.3,Algorithmic Radio,0
TRK-7553,0.599,0.545,-7.8,0.157,0.359,0.395,111.6,User Library,0
TRK-7554,0.851,0.227,-14.4,0.02,0.826,0.051,120.4,User Library,0
TRK-7555,0.473,0.649,-4.0,0.067,0.053,0.709,104.4,Algorithmic Radio,1
TRK-7556,0.257,0.341,-11.9,0.02,0.312,0.727,159.6,User Library,1
TRK-7557,0.173,0.529,-5.9,0.098,0.676,0.722,117.1,User Library,1
TRK-7558,0.754,0.172,-3.2,0.188,0.564,0.361,97.9,User Library,0
TRK-7559,0.646,0.504,-7.7,0.046,0.438,0.52,102.8,Curated Playlist,1
TRK-7560,0.713,0.37,-15.5,0.054,0.539,0.374,123.0,Algorithmic Radio,0
TRK-7561,0.32,0.824,-13.2,0.21,0.204,0.064,138.1,User Library,0
TRK-7562,0.259,0.15,-4.2,0.059,0.432,0.556,87.9,Curated Playlist,0
TRK-7563,0.162,0.468,-10.2,0.053,0.502,0.161,164.3,User Library,0
TRK-7564,0.43,0.503,-9.2,0.069,0.893,0.122,127.4,Curated Playlist,1
TRK-7565,0.622,0.738,-6.5,0.093,0.266,0.73,131.2,User Library,0
TRK-7566,0.464,0.605,-6.7,0.02,0.86,0.059,117.7,User Library,0
TRK-7567,0.5,0.687,-8.4,0.138,0.641,0.913,120.5,User Library,0
TRK-7568,0.873,0.784,-10.3,0.046,0.03,0.514,116.4,Curated Playlist,0
TRK-7569,0.429,0.859,-10.8,0.02,0.72,0.935,144.4,Algorithmic Radio,0
TRK-7570,0.561,0.376,-6.1,0.123,0.045,0.102,119.8,Curated Playlist,0
TRK-7571,0.777,0.573,-7.3,0.038,0.987,0.575,138.4,User Library,0
TRK-7572,0.467,0.839,-10.5,0.02,0.865,0.364,109.6,Curated Playlist,1
TRK-7573,0.648,0.971,-5.2,0.08,0.301,0.809,124.7,Curated Playlist,0
TRK-7574,0.84,0.883,-10.0,0.17,0.262,0.375,100.7,User Library,0
TRK-7575,0.91,0.427,-12.9,0.175,0.384,0.284,149.2,User Library,1
TRK-7576,0.268,0.272,-12.5,0.253,0.359,0.822,100.0,User Library,0
TRK-7577,0.891,0.531,-13.4,0.162,0.375,0.387,112.2,Curated Playlist,0
TRK-7578,0.544,0.753,-10.6,0.02,0.322,0.065,112.4,Curated Playlist,0
TRK-7579,0.357,0.533,-4.6,0.038,0.619,0.401,111.5,Curated Playlist,1
TRK-7580,0.517,0.525,-12.7,0.137,0.171,0.639,137.3,User Library,0
TRK-7581,0.934,0.838,-8.7,0.036,0.839,0.279,112.4,User Library,1
TRK-7582,0.544,0.418,-12.1,0.074,0.806,0.439,153.5,Algorithmic Radio,0
TRK-7583,0.413,0.857,-10.5,0.075,0.477,0.101,100.4,User Library,1
TRK-7584,0.657,0.458,-15.5,0.036,0.846,0.579,124.1,Algorithmic Radio,1
TRK-7585,0.342,0.389,-10.4,0.188,0.252,0.731,101.4,Curated Playlist,1
TRK-7586,0.211,0.5,-10.3,0.056,0.027,0.422,130.1,User Library,0
TRK-7587,0.253,0.771,-7.3,0.05,0.617,0.428,119.6,Curated Playlist,0
TRK-7588,0.252,0.211,-8.6,0.48,0.459,0.129,116.3,Algorithmic Radio,1
TRK-7589,0.272,0.273,-14.3,0.054,0.566,0.232,148.5,User Library,1
TRK-7590,0.261,0.937,-5.2,0.02,0.891,0.189,104.3,Algorithmic Radio,1
TRK-7591,0.663,0.254,-8.7,0.058,0.961,0.484,134.1,User Library,0
TRK-7592,0.296,0.6,-8.7,0.135,0.632,0.526,101.5,Curated Playlist,1
TRK-7593,0.427,0.61,-9.5,0.12,0.759,0.904,122.7,Algorithmic Radio,1
TRK-7594,0.867,0.531,-11.6,0.124,0.092,0.116,91.3,Algorithmic Radio,0
TRK-7595,0.529,0.667,-8.6,0.098,0.168,0.59,104.1,Curated Playlist,0
TRK-7596,0.684,0.302,-7.6,0.023,0.729,0.524,118.0,Curated Playlist,0
TRK-7597,0.288,0.586,-16.5,0.158,0.433,0.515,163.6,User Library,0
TRK-7598,0.304,0.428,-11.7,0.179,0.447,0.836,122.4,User Library,0
TRK-7599,0.183,0.682,-10.5,0.02,0.312,0.235,159.7,User Library,0
TRK-7600,0.285,0.224,-8.5,0.02,0.605,0.087,125.3,User Library,0
TRK-7601,0.373,0.602,-4.7,0.297,0.191,0.655,110.7,User Library,0
TRK-7602,0.292,0.263,-12.6,0.162,0.624,0.361,156.9,User Library,0
TRK-7603,0.221,0.345,-11.5,0.179,0.18,0.066,130.5,Algorithmic Radio,1
TRK-7604,0.247,0.292,-11.6,0.174,0.073,0.276,104.6,Curated Playlist,0
TRK-7605,0.519,0.261,-12.7,0.062,0.334,0.328,131.3,User Library,0
TRK-7606,0.315,0.827,-10.9,0.083,0.237,0.605,113.0,Algorithmic Radio,0
TRK-7607,0.441,0.351,-6.4,0.063,0.881,0.205,72.3,User Library,1
TRK-7608,0.553,0.916,-13.7,0.02,0.064,0.422,142.5,Curated Playlist,0
TRK-7609,0.702,0.954,-7.8,0.109,0.183,0.484,146.3,Curated Playlist,0
TRK-7610,0.181,0.603,-16.3,0.056,0.548,0.463,164.1,User Library,0
TRK-7611,0.79,0.226,-11.7,0.083,0.481,0.927,130.1,Curated Playlist,0
TRK-7612,0.652,0.43,-10.8,0.056,0.055,0.091,114.0,User Library,0
TRK-7613,0.215,0.802,-2.8,0.054,0.017,0.906,140.0,User Library,0
TRK-7614,0.849,0.423,-10.6,0.02,0.978,0.574,140.4,User Library,0
TRK-7615,0.887,0.177,-18.3,0.026,0.656,0.766,159.3,Algorithmic Radio,1
TRK-7616,0.199,0.59,-17.5,0.02,0.368,0.437,118.9,Curated Playlist,0
TRK-7617,0.372,0.844,-9.4,0.02,0.471,0.458,116.0,Curated Playlist,0
TRK-7618,0.795,0.8,-7.0,0.289,0.271,0.841,102.8,Curated Playlist,0
TRK-7619,0.749,0.254,-8.0,0.02,0.348,0.856,132.9,User Library,0
TRK-7620,0.298,0.692,-8.8,0.025,0.646,0.265,82.8,Curated Playlist,1
TRK-7621,0.317,0.294,-4.9,0.071,0.875,0.229,138.6,User Library,1
TRK-7622,0.446,0.292,-11.7,0.075,0.19,0.497,134.1,User Library,0
TRK-7623,0.538,0.869,-5.9,0.02,0.834,0.86,134.0,Curated Playlist,1
TRK-7624,0.645,0.32,-16.0,0.126,0.129,0.34,123.3,User Library,1
TRK-7625,0.445,0.332,-13.1,0.123,0.221,0.637,156.8,User Library,0
TRK-7626,0.52,0.101,-16.7,0.022,0.046,0.687,140.9,Algorithmic Radio,0
TRK-7627,0.748,0.866,-10.6,0.027,0.148,0.751,105.4,Curated Playlist,0
TRK-7628,0.179,0.797,-9.7,0.222,0.909,0.558,105.9,Curated Playlist,1
TRK-7629,0.352,0.652,-9.0,0.14,0.46,0.412,98.9,User Library,1
TRK-7630,0.721,0.76,-9.3,0.096,0.086,0.92,133.2,User Library,0
TRK-7631,0.866,0.234,-13.2,0.02,0.951,0.6,96.0,Curated Playlist,1
TRK-7632,0.559,0.503,-10.3,0.043,0.871,0.706,146.0,Curated Playlist,0
TRK-7633,0.576,0.409,-15.5,0.066,0.75,0.36,151.8,Curated Playlist,1
TRK-7634,0.236,0.183,-4.0,0.02,0.925,0.653,98.9,Algorithmic Radio,1
TRK-7635,0.508,0.528,-10.7,0.048,0.226,0.282,115.5,Algorithmic Radio,0
TRK-7636,0.576,0.91,-11.5,0.074,0.83,0.271,120.4,User Library,1
TRK-7637,0.344,0.135,-3.1,0.032,0.686,0.693,141.2,Algorithmic Radio,1
TRK-7638,0.365,0.356,-14.5,0.121,0.862,0.519,158.6,Curated Playlist,1
TRK-7639,0.452,0.283,-14.0,0.147,0.791,0.665,79.5,Curated Playlist,1
TRK-7640,0.166,0.31,-13.9,0.031,0.35,0.292,112.4,User Library,0
TRK-7641,0.408,0.899,-9.8,0.146,0.769,0.589,113.6,Curated Playlist,1
TRK-7642,0.319,0.512,-7.8,0.02,0.267,0.45,86.4,Algorithmic Radio,0
TRK-7643,0.412,0.51,-6.5,0.145,0.332,0.587,108.4,Curated Playlist,0
TRK-7644,0.246,0.769,-1.0,0.02,0.116,0.312,130.3,Curated Playlist,0
TRK-7645,0.862,0.236,-18.5,0.02,0.926,0.694,113.3,User Library,0
TRK-7646,0.625,0.529,-7.1,0.082,0.295,0.775,82.9,User Library,0
TRK-7647,0.693,0.478,-11.7,0.051,0.52,0.284,189.0,User Library,0
TRK-7648,0.781,0.625,-11.8,0.191,0.394,0.321,126.4,User Library,0
TRK-7649,0.549,0.98,-12.0,0.036,0.951,0.645,122.7,Curated Playlist,1
TRK-7650,0.22,0.777,-13.1,0.027,0.338,0.676,93.6,User Library,0
TRK-7651,0.58,0.45,-2.8,0.056,0.773,0.684,126.3,Curated Playlist,1
TRK-7652,0.619,0.828,-6.1,0.049,0.848,0.664,116.1,User Library,0
TRK-7653,0.746,0.25,-9.4,0.034,0.437,0.404,74.7,User Library,0
TRK-7654,0.495,0.127,-4.1,0.095,0.381,0.405,94.3,User Library,0
TRK-7655,0.252,0.28,-15.6,0.114,0.743,0.279,139.1,Algorithmic Radio,0
TRK-7656,0.377,0.4,-14.8,0.153,0.905,0.191,166.7,User Library,0
TRK-7657,0.44,0.549,-18.2,0.289,0.75,0.673,128.8,User Library,0
TRK-7658,0.667,0.641,-12.3,0.025,0.233,0.134,146.5,Algorithmic Radio,0
TRK-7659,0.607,0.901,-8.9,0.101,0.881,0.894,116.3,Algorithmic Radio,0
TRK-7660,0.435,0.549,-9.1,0.04,0.39,0.794,117.9,Curated Playlist,1
TRK-7661,0.939,0.541,-8.9,0.09,0.575,0.822,146.2,User Library,0
TRK-7662,0.635,0.144,-15.1,0.052,0.825,0.866,159.9,User Library,0
TRK-7663,0.34,0.131,-6.3,0.406,0.195,0.418,151.2,Algorithmic Radio,1
TRK-7664,0.231,0.585,-8.5,0.104,0.779,0.812,94.4,Algorithmic Radio,1
TRK-7665,0.272,0.486,-6.6,0.244,0.594,0.192,118.4,Curated Playlist,1
TRK-7666,0.347,0.838,-17.1,0.144,0.885,0.069,126.7,User Library,0
TRK-7667,0.279,0.241,-8.3,0.187,0.179,0.756,113.8,User Library,1
TRK-7668,0.299,0.122,-14.3,0.135,0.422,0.117,129.3,User Library,1
TRK-7669,0.378,0.495,-11.1,0.049,0.826,0.94,139.7,Curated Playlist,1
TRK-7670,0.289,0.309,-7.4,0.023,0.029,0.657,144.1,User Library,0
TRK-7671,0.867,0.144,-9.1,0.037,0.12,0.728,160.5,Algorithmic Radio,1
TRK-7672,0.214,0.738,-12.9,0.02,0.981,0.271,112.1,User Library,0
TRK-7673,0.57,0.198,-9.5,0.059,0.285,0.656,87.3,Curated Playlist,0
TRK-7674,0.478,0.635,-15.6,0.056,0.966,0.089,128.6,User Library,0
TRK-7675,0.936,0.347,-4.9,0.06,0.189,0.804,165.2,Curated Playlist,0
TRK-7676,0.24,0.253,-10.3,0.292,0.364,0.203,108.6,User Library,1
TRK-7677,0.468,0.434,-5.0,0.194,0.748,0.678,136.5,Curated Playlist,1
TRK-7678,0.926,0.805,-11.6,0.02,0.655,0.252,136.7,Curated Playlist,1
TRK-7679,0.842,0.445,-11.6,0.037,0.579,0.112,124.6,User Library,0
TRK-7680,0.804,0.761,-12.6,0.044,0.529,0.483,120.2,Algorithmic Radio,0
TRK-7681,0.356,0.21,-6.0,0.036,0.837,0.202,97.8,Curated Playlist,1
TRK-7682,0.287,0.78,-12.3,0.128,0.24,0.706,65.2,Algorithmic Radio,0
TRK-7683,0.685,0.309,-6.9,0.059,0.444,0.264,93.3,Algorithmic Radio,0
TRK-7684,0.894,0.696,-11.0,0.068,0.162,0.358,110.6,Algorithmic Radio,0
TRK-7685,0.595,0.598,-17.4,0.153,0.594,0.561,146.3,User Library,0
TRK-7686,0.607,0.918,-11.8,0.131,0.256,0.306,117.5,User Library,0
TRK-7687,0.374,0.441,-14.2,0.02,0.337,0.39,107.5,Algorithmic Radio,1
TRK-7688,0.766,0.158,-9.4,0.1,0.472,0.784,98.6,Curated Playlist,0
TRK-7689,0.3,0.117,-14.3,0.046,0.036,0.211,135.8,User Library,0
TRK-7690,0.409,0.828,-5.8,0.028,0.1,0.124,152.6,Curated Playlist,0
TRK-7691,0.49,0.562,-9.9,0.02,0.682,0.346,145.5,User Library,0
TRK-7692,0.556,0.782,-10.2,0.053,0.43,0.432,134.5,Curated Playlist,0
TRK-7693,0.344,0.306,-6.9,0.035,0.857,0.538,84.6,Algorithmic Radio,1
TRK-7694,0.242,0.404,-5.6,0.023,0.691,0.385,111.6,Curated Playlist,1
TRK-7695,0.638,0.126,-9.6,0.095,0.018,0.761,166.7,User Library,0
TRK-7696,0.381,0.946,-12.6,0.117,0.614,0.085,146.9,User Library,0
TRK-7697,0.615,0.688,-16.6,0.022,0.102,0.439,83.1,User Library,0
TRK-7698,0.273,0.921,-12.2,0.02,0.775,0.394,118.7,Curated Playlist,1
TRK-7699,0.535,0.334,-12.0,0.151,0.982,0.633,128.7,User Library,0
TRK-7700,0.576,0.638,-9.1,0.02,0.531,0.92,101.7,Curated Playlist,1
TRK-7701,0.191,0.697,-10.9,0.221,0.679,0.509,65.0,Curated Playlist,1
TRK-7702,0.419,0.379,-6.7,0.079,0.243,0.938,122.4,Curated Playlist,0
TRK-7703,0.258,0.846,-12.0,0.031,0.439,0.322,101.1,Algorithmic Radio,1
TRK-7704,0.201,0.934,-9.7,0.023,0.849,0.078,101.2,Curated Playlist,1
TRK-7705,0.942,0.879,-4.8,0.02,0.174,0.199,111.5,User Library,0
TRK-7706,0.408,0.75,-8.1,0.021,0.27,0.406,116.8,Curated Playlist,0
TRK-7707,0.798,0.344,-9.7,0.02,0.447,0.335,119.8,Curated Playlist,0
TRK-7708,0.354,0.348,-11.9,0.076,0.708,0.137,98.8,User Library,0
TRK-7709,0.695,0.948,-12.0,0.02,0.378,0.439,114.7,Curated Playlist,1
TRK-7710,0.758,0.109,-12.9,0.06,0.919,0.354,77.8,User Library,0
TRK-7711,0.627,0.73,-11.7,0.071,0.103,0.16,127.5,User Library,0
TRK-7712,0.527,0.721,-6.5,0.028,0.373,0.317,65.0,Algorithmic Radio,0
TRK-7713,0.479,0.648,-10.4,0.02,0.705,0.848,113.1,Algorithmic Radio,0
TRK-7714,0.429,0.971,-14.9,0.02,0.231,0.322,142.1,Curated Playlist,0
TRK-7715,0.894,0.374,-2.4,0.02,0.653,0.693,94.6,Curated Playlist,0
TRK-7716,0.814,0.399,-8.2,0.107,0.171,0.601,137.2,Algorithmic Radio,0
TRK-7717,0.922,0.169,-15.1,0.031,0.065,0.434,147.7,Algorithmic Radio,0
TRK-7718,0.249,0.49,-11.3,0.127,0.129,0.265,65.0,Curated Playlist,0
TRK-7719,0.735,0.33,-9.1,0.045,0.921,0.382,116.4,Curated Playlist,0
TRK-7720,0.901,0.402,-2.7,0.048,0.551,0.583,65.0,User Library,0
TRK-7721,0.295,0.834,-13.9,0.058,0.79,0.366,117.2,User Library,0
TRK-7722,0.203,0.923,-5.6,0.1,0.336,0.243,119.8,User Library,0
TRK-7723,0.743,0.263,-3.9,0.026,0.591,0.155,65.0,Curated Playlist,1
TRK-7724,0.61,0.428,-12.0,0.02,0.495,0.842,166.2,Algorithmic Radio,0
TRK-7725,0.823,0.917,-10.6,0.065,0.937,0.446,126.9,Algorithmic Radio,0
TRK-7726,0.262,0.154,-13.6,0.032,0.743,0.613,99.6,User Library,1
TRK-7727,0.786,0.181,-10.3,0.047,0.726,0.491,155.2,Curated Playlist,0
TRK-7728,0.311,0.243,-9.6,0.083,0.055,0.835,76.9,User Library,0
TRK-7729,0.281,0.624,-6.9,0.055,0.549,0.542,90.5,User Library,0
TRK-7730,0.281,0.232,-5.1,0.077,0.468,0.483,65.0,Algorithmic Radio,1
TRK-7731,0.802,0.952,-12.5,0.063,0.919,0.882,163.2,Curated Playlist,0
TRK-7732,0.682,0.493,-17.4,0.108,0.262,0.698,128.0,Curated Playlist,0
TRK-7733,0.568,0.541,-9.6,0.098,0.274,0.15,135.8,User Library,1
TRK-7734,0.437,0.317,-8.3,0.061,0.413,0.21,127.2,User Library,1
TRK-7735,0.852,0.514,-8.5,0.091,0.249,0.758,133.8,Curated Playlist,1
TRK-7736,0.464,0.682,-10.8,0.165,0.137,0.802,121.9,User Library,0
TRK-7737,0.803,0.761,-9.0,0.045,0.85,0.541,126.5,User Library,0
TRK-7738,0.501,0.763,-3.4,0.043,0.557,0.549,122.6,User Library,0
TRK-7739,0.452,0.609,-8.0,0.116,0.854,0.619,105.4,Curated Playlist,0
TRK-7740,0.52,0.896,-11.0,0.07,0.825,0.445,118.9,Algorithmic Radio,1
TRK-7741,0.391,0.819,-11.5,0.02,0.286,0.662,126.6,Algorithmic Radio,1
TRK-7742,0.748,0.766,-10.2,0.178,0.547,0.148,122.7,Algorithmic Radio,0
TRK-7743,0.552,0.149,-3.0,0.02,0.092,0.915,84.5,Algorithmic Radio,0
TRK-7744,0.336,0.106,-10.2,0.11,0.907,0.725,87.7,Algorithmic Radio,0
TRK-7745,0.87,0.287,-9.6,0.114,0.406,0.618,146.0,Curated Playlist,0
TRK-7746,0.457,0.684,-11.4,0.245,0.396,0.335,112.6,Curated Playlist,0
TRK-7747,0.585,0.462,-5.1,0.02,0.307,0.195,134.0,User Library,1
TRK-7748,0.875,0.454,-1.7,0.073,0.461,0.418,93.8,Algorithmic Radio,0
TRK-7749,0.649,0.878,-7.7,0.045,0.257,0.645,84.6,User Library,0
TRK-7750,0.244,0.888,-9.2,0.032,0.377,0.62,99.8,User Library,0
TRK-7751,0.902,0.9,-9.4,0.02,0.794,0.394,114.7,Algorithmic Radio,0
TRK-7752,0.652,0.376,-19.0,0.066,0.828,0.602,104.0,User Library,0
TRK-7753,0.418,0.708,-6.5,0.052,0.308,0.782,151.1,Algorithmic Radio,1
TRK-7754,0.261,0.339,-9.0,0.02,0.47,0.074,124.3,Curated Playlist,0
TRK-7755,0.785,0.268,-7.8,0.076,0.866,0.456,164.4,User Library,0
TRK-7756,0.646,0.262,-12.3,0.107,0.062,0.733,129.7,Curated Playlist,1
TRK-7757,0.577,0.401,-11.0,0.117,0.881,0.542,65.0,Algorithmic Radio,1
TRK-7758,0.865,0.478,-11.1,0.189,0.225,0.636,145.3,User Library,0
TRK-7759,0.781,0.831,-5.4,0.042,0.675,0.515,83.8,Curated Playlist,0
TRK-7760,0.271,0.206,-11.0,0.245,0.581,0.943,125.5,Algorithmic Radio,0
TRK-7761,0.399,0.747,-1.2,0.16,0.552,0.099,101.4,User Library,0
TRK-7762,0.349,0.568,-7.8,0.028,0.852,0.492,171.4,User Library,0
TRK-7763,0.745,0.353,-14.6,0.02,0.11,0.132,154.6,User Library,0
TRK-7764,0.177,0.534,-10.0,0.046,0.35,0.194,102.2,User Library,0
TRK-7765,0.606,0.364,-12.1,0.041,0.537,0.395,116.9,User Library,0
TRK-7766,0.76,0.625,-18.3,0.069,0.805,0.19,125.9,Curated Playlist,1
TRK-7767,0.851,0.482,-3.1,0.07,0.222,0.917,140.7,User Library,0
TRK-7768,0.424,0.245,-6.7,0.111,0.797,0.902,120.7,Algorithmic Radio,1
TRK-7769,0.807,0.203,-7.4,0.057,0.402,0.352,95.4,User Library,1
TRK-7770,0.239,0.581,-8.8,0.02,0.195,0.626,102.8,Curated Playlist,0
TRK-7771,0.827,0.894,-15.0,0.156,0.754,0.53,119.9,Curated Playlist,0
TRK-7772,0.252,0.403,-11.4,0.03,0.099,0.784,149.6,Algorithmic Radio,0
TRK-7773,0.468,0.745,-6.1,0.284,0.514,0.615,130.3,Curated Playlist,0
TRK-7774,0.788,0.68,-13.7,0.02,0.073,0.05,101.4,User Library,0
TRK-7775,0.27,0.92,-19.6,0.254,0.359,0.737,135.6,Algorithmic Radio,1
TRK-7776,0.333,0.822,-10.4,0.02,0.599,0.722,110.7,User Library,0
TRK-7777,0.728,0.599,-10.1,0.021,0.555,0.509,141.4,User Library,0
TRK-7778,0.726,0.678,-9.0,0.02,0.407,0.863,180.6,User Library,0
TRK-7779,0.663,0.891,-6.6,0.098,0.43,0.868,111.4,Curated Playlist,0
TRK-7780,0.705,0.452,-6.9,0.152,0.232,0.522,139.2,User Library,0
TRK-7781,0.584,0.388,-8.5,0.046,0.457,0.597,102.1,Curated Playlist,0
TRK-7782,0.351,0.11,-4.7,0.211,0.944,0.947,117.3,Curated Playlist,1
TRK-7783,0.427,0.827,-15.6,0.071,0.843,0.319,120.7,Algorithmic Radio,1
TRK-7784,0.295,0.805,-7.5,0.08,0.152,0.342,115.4,User Library,0
TRK-7785,0.877,0.192,-7.0,0.149,0.039,0.214,179.1,User Library,0
TRK-7786,0.617,0.608,-14.5,0.028,0.925,0.856,112.6,User Library,0
TRK-7787,0.471,0.508,-15.5,0.035,0.526,0.72,134.1,User Library,0
TRK-7788,0.52,0.204,-12.5,0.189,0.537,0.145,73.7,Curated Playlist,1
TRK-7789,0.908,0.963,-12.1,0.185,0.775,0.934,130.4,Curated Playlist,0
TRK-7790,0.273,0.289,-6.5,0.3,0.318,0.708,147.4,Curated Playlist,1
TRK-7791,0.619,0.159,-12.0,0.186,0.482,0.815,107.3,Algorithmic Radio,0
TRK-7792,0.555,0.623,-12.9,0.02,0.959,0.093,65.0,Algorithmic Radio,1
TRK-7793,0.639,0.75,-11.9,0.139,0.669,0.504,119.1,User Library,0
TRK-7794,0.164,0.129,-5.0,0.042,0.161,0.679,120.4,Algorithmic Radio,0
TRK-7795,0.848,0.68,-9.4,0.375,0.141,0.539,137.4,User Library,0
TRK-7796,0.896,0.568,-10.2,0.051,0.21,0.65,168.3,Curated Playlist,0
TRK-7797,0.602,0.191,-9.9,0.065,0.761,0.786,110.9,Curated Playlist,1
TRK-7798,0.707,0.252,-4.3,0.06,0.299,0.387,99.4,Algorithmic Radio,1
TRK-7799,0.888,0.6,-12.5,0.031,0.031,0.814,92.0,Curated Playlist,0
TRK-7800,0.716,0.361,-4.2,0.02,0.935,0.197,124.8,Curated Playlist,1
TRK-7801,0.272,0.926,-8.7,0.181,0.176,0.294,131.5,Algorithmic Radio,1
TRK-7802,0.611,0.82,-10.1,0.13,0.019,0.089,106.9,Curated Playlist,0
TRK-7803,0.635,0.966,-1.0,0.02,0.242,0.378,138.7,Curated Playlist,0
TRK-7804,0.489,0.329,-13.7,0.12,0.24,0.392,131.2,User Library,0
TRK-7805,0.739,0.953,-10.9,0.079,0.424,0.775,121.0,User Library,0
TRK-7806,0.897,0.479,-14.4,0.042,0.912,0.638,98.3,Algorithmic Radio,1
TRK-7807,0.89,0.406,-5.7,0.023,0.872,0.443,108.4,Curated Playlist,0
TRK-7808,0.511,0.144,-2.7,0.157,0.458,0.637,65.0,Curated Playlist,0
TRK-7809,0.241,0.146,-2.8,0.096,0.413,0.098,125.7,User Library,0
TRK-7810,0.938,0.709,-4.6,0.063,0.554,0.212,120.6,User Library,0
TRK-7811,0.821,0.503,-10.3,0.075,0.249,0.614,124.5,User Library,0
TRK-7812,0.25,0.299,-11.0,0.02,0.061,0.627,132.1,Curated Playlist,0
TRK-7813,0.887,0.64,-16.2,0.051,0.93,0.747,129.3,User Library,0
TRK-7814,0.846,0.323,-1.4,0.02,0.193,0.413,117.4,User Library,0
TRK-7815,0.565,0.608,-7.6,0.02,0.204,0.7,121.2,Curated Playlist,0
TRK-7816,0.623,0.416,-11.5,0.087,0.473,0.666,86.3,Curated Playlist,0
TRK-7817,0.469,0.825,-4.2,0.194,0.492,0.917,106.0,User Library,0
TRK-7818,0.194,0.822,-13.4,0.041,0.028,0.244,121.2,Curated Playlist,0
TRK-7819,0.418,0.52,-7.9,0.02,0.155,0.547,102.3,Algorithmic Radio,1
TRK-7820,0.792,0.409,-10.2,0.084,0.381,0.592,140.6,Curated Playlist,1
TRK-7821,0.154,0.419,-6.9,0.164,0.68,0.949,104.2,Algorithmic Radio,1
TRK-7822,0.417,0.809,-9.8,0.11,0.234,0.231,125.2,Algorithmic Radio,0
TRK-7823,0.469,0.389,-15.3,0.162,0.425,0.521,122.8,User Library,0
TRK-7824,0.58,0.284,-9.2,0.062,0.556,0.362,137.9,User Library,0
TRK-7825,0.886,0.175,-5.3,0.112,0.881,0.523,141.6,Curated Playlist,0
TRK-7826,0.427,0.511,-9.6,0.02,0.33,0.259,136.7,Curated Playlist,0
TRK-7827,0.428,0.524,-6.4,0.034,0.141,0.093,69.5,User Library,0
TRK-7828,0.74,0.84,-13.7,0.039,0.489,0.565,148.7,User Library,0
TRK-7829,0.512,0.295,-9.6,0.057,0.742,0.352,156.7,Curated Playlist,0
TRK-7830,0.33,0.435,-12.0,0.212,0.118,0.214,108.4,User Library,1
TRK-7831,0.512,0.811,-6.5,0.166,0.426,0.342,125.7,Algorithmic Radio,0
TRK-7832,0.263,0.825,-9.4,0.02,0.027,0.094,98.6,User Library,1
TRK-7833,0.291,0.438,-6.7,0.02,0.043,0.905,73.2,Algorithmic Radio,1
TRK-7834,0.549,0.504,-5.1,0.035,0.483,0.573,102.3,User Library,0
TRK-7835,0.485,0.367,-6.7,0.027,0.302,0.783,107.0,User Library,0
TRK-7836,0.882,0.921,-8.4,0.076,0.838,0.431,111.5,User Library,0
TRK-7837,0.44,0.204,-13.5,0.186,0.6,0.863,97.0,Algorithmic Radio,0
TRK-7838,0.614,0.922,-9.5,0.262,0.455,0.485,102.4,User Library,0
TRK-7839,0.656,0.702,-11.6,0.085,0.41,0.567,119.7,Curated Playlist,0
TRK-7840,0.16,0.568,-10.9,0.146,0.497,0.493,101.5,Algorithmic Radio,0
TRK-7841,0.681,0.129,-11.0,0.06,0.05,0.71,133.0,Curated Playlist,1
TRK-7842,0.292,0.519,-13.4,0.02,0.885,0.56,136.4,User Library,1
TRK-7843,0.919,0.459,-17.3,0.06,0.988,0.294,177.1,Algorithmic Radio,0
TRK-7844,0.269,0.242,-12.2,0.065,0.188,0.181,147.0,Algorithmic Radio,1
TRK-7845,0.482,0.678,-8.7,0.109,0.128,0.596,125.8,User Library,0
TRK-7846,0.218,0.955,-14.9,0.02,0.151,0.49,105.1,Curated Playlist,1
TRK-7847,0.947,0.595,-9.4,0.037,0.658,0.136,127.0,Algorithmic Radio,0
TRK-7848,0.552,0.729,-1.9,0.036,0.658,0.406,127.8,Algorithmic Radio,1
TRK-7849,0.626,0.16,-5.4,0.256,0.841,0.513,107.7,User Library,0
TRK-7850,0.204,0.468,-2.9,0.047,0.747,0.794,138.8,Algorithmic Radio,1
TRK-7851,0.75,0.202,-7.9,0.113,0.451,0.118,86.4,User Library,0
TRK-7852,0.318,0.639,-4.8,0.111,0.611,0.364,114.1,User Library,0
TRK-7853,0.868,0.926,-12.4,0.025,0.685,0.79,133.3,User Library,0
TRK-7854,0.314,0.682,-12.1,0.068,0.512,0.634,113.1,User Library,1
TRK-7855,0.303,0.168,-20.5,0.18,0.476,0.311,115.0,Curated Playlist,0
TRK-7856,0.179,0.412,-4.8,0.052,0.642,0.811,116.7,Curated Playlist,1
TRK-7857,0.528,0.585,-3.3,0.232,0.556,0.494,99.9,User Library,0
TRK-7858,0.602,0.455,-11.7,0.02,0.641,0.499,148.2,User Library,0
TRK-7859,0.203,0.834,-10.5,0.02,0.611,0.929,95.6,User Library,0
TRK-7860,0.77,0.817,-12.5,0.178,0.715,0.902,127.6,Algorithmic Radio,1
TRK-7861,0.513,0.638,-8.0,0.151,0.64,0.373,129.9,Algorithmic Radio,0
TRK-7862,0.57,0.429,-5.0,0.392,0.519,0.177,97.2,User Library,0
TRK-7863,0.503,0.325,-16.5,0.091,0.678,0.343,121.8,Algorithmic Radio,1
TRK-7864,0.471,0.193,-7.9,0.221,0.45,0.077,98.2,User Library,0
TRK-7865,0.598,0.412,-10.6,0.14,0.247,0.069,153.4,Curated Playlist,0
TRK-7866,0.274,0.464,-9.0,0.149,0.011,0.406,92.7,Algorithmic Radio,0
TRK-7867,0.296,0.695,-7.7,0.067,0.559,0.897,104.3,User Library,0
TRK-7868,0.839,0.679,-10.3,0.039,0.589,0.834,90.6,Curated Playlist,0
TRK-7869,0.907,0.162,-9.9,0.218,0.963,0.51,87.4,User Library,0
TRK-7870,0.449,0.448,-10.4,0.045,0.364,0.559,158.2,User Library,0
TRK-7871,0.367,0.26,-5.6,0.062,0.396,0.055,133.0,Curated Playlist,0
TRK-7872,0.665,0.238,-7.8,0.047,0.208,0.244,123.4,Algorithmic Radio,0
TRK-7873,0.477,0.828,-8.6,0.067,0.079,0.072,104.2,Curated Playlist,0
TRK-7874,0.17,0.137,-14.6,0.051,0.767,0.729,141.8,Algorithmic Radio,1
TRK-7875,0.275,0.469,-11.0,0.02,0.255,0.181,100.2,Algorithmic Radio,1
TRK-7876,0.723,0.248,-5.9,0.171,0.607,0.832,139.0,User Library,0
TRK-7877,0.677,0.874,-9.3,0.047,0.684,0.629,99.1,User Library,0
TRK-7878,0.172,0.59,-6.9,0.071,0.472,0.256,104.5,Curated Playlist,0
TRK-7879,0.328,0.304,-2.4,0.02,0.869,0.192,138.2,Curated Playlist,1
TRK-7880,0.335,0.542,-5.3,0.02,0.445,0.615,140.7,User Library,1
TRK-7881,0.688,0.744,-9.1,0.023,0.289,0.861,134.3,Algorithmic Radio,1
TRK-7882,0.166,0.943,-11.5,0.098,0.888,0.697,94.8,Curated Playlist,1
TRK-7883,0.233,0.294,-19.7,0.02,0.854,0.364,109.3,User Library,1
TRK-7884,0.79,0.88,-10.2,0.192,0.171,0.579,123.8,Curated Playlist,1
TRK-7885,0.293,0.922,-10.8,0.02,0.035,0.33,99.6,User Library,0
TRK-7886,0.672,0.906,-7.9,0.02,0.098,0.949,152.9,Curated Playlist,0
TRK-7887,0.341,0.659,-10.1,0.02,0.291,0.724,65.0,Algorithmic Radio,0
TRK-7888,0.23,0.654,-10.8,0.02,0.963,0.603,101.3,Algorithmic Radio,1
TRK-7889,0.345,0.455,-16.6,0.118,0.557,0.431,107.8,User Library,0
TRK-7890,0.728,0.762,-13.3,0.166,0.376,0.606,65.0,Curated Playlist,0
TRK-7891,0.835,0.568,-7.6,0.076,0.881,0.357,86.5,Curated Playlist,0
TRK-7892,0.814,0.696,-2.6,0.02,0.454,0.076,135.0,User Library,0
TRK-7893,0.468,0.477,-9.9,0.027,0.319,0.406,120.7,User Library,0
TRK-7894,0.684,0.744,-8.2,0.052,0.932,0.887,157.8,Curated Playlist,1
TRK-7895,0.314,0.826,-5.7,0.247,0.843,0.614,157.1,Curated Playlist,0
TRK-7896,0.385,0.229,-12.7,0.023,0.837,0.126,130.4,User Library,0
TRK-7897,0.867,0.833,-8.0,0.105,0.512,0.846,127.5,User Library,0
TRK-7898,0.16,0.575,-12.5,0.046,0.784,0.292,121.6,User Library,1
TRK-7899,0.218,0.843,-6.0,0.028,0.186,0.269,65.0,User Library,0
TRK-7900,0.316,0.48,-8.9,0.049,0.572,0.317,86.5,Curated Playlist,0
TRK-7901,0.171,0.434,-8.3,0.02,0.974,0.569,122.4,User Library,0
TRK-7902,0.295,0.905,-12.6,0.128,0.295,0.54,134.8,User Library,0
TRK-7903,0.616,0.321,-6.7,0.022,0.788,0.492,127.0,Algorithmic Radio,1
TRK-7904,0.487,0.843,-1.2,0.103,0.491,0.696,98.6,User Library,0
TRK-7905,0.864,0.526,-13.5,0.02,0.049,0.335,142.5,Curated Playlist,0
TRK-7906,0.804,0.552,-10.9,0.248,0.758,0.754,155.6,Algorithmic Radio,1
TRK-7907,0.423,0.371,-8.6,0.02,0.175,0.208,142.5,Curated Playlist,0
TRK-7908,0.358,0.604,-6.4,0.171,0.629,0.754,143.8,Curated Playlist,0
TRK-7909,0.454,0.386,-11.7,0.133,0.094,0.647,106.6,User Library,0
TRK-7910,0.622,0.135,-20.8,0.275,0.938,0.665,145.8,User Library,0
TRK-7911,0.364,0.339,-4.1,0.052,0.296,0.483,123.5,Curated Playlist,0
TRK-7912,0.649,0.106,-6.5,0.104,0.232,0.65,132.3,Curated Playlist,0
TRK-7913,0.478,0.961,-16.5,0.037,0.137,0.122,128.8,User Library,0
TRK-7914,0.592,0.95,-11.9,0.02,0.937,0.816,117.1,Curated Playlist,0
TRK-7915,0.499,0.448,-3.2,0.047,0.708,0.1,99.4,Algorithmic Radio,0
TRK-7916,0.386,0.741,-3.7,0.02,0.737,0.184,118.0,User Library,0
TRK-7917,0.909,0.404,-5.7,0.322,0.499,0.569,143.7,Curated Playlist,0
TRK-7918,0.761,0.691,-10.2,0.02,0.475,0.715,109.4,Curated Playlist,0
TRK-7919,0.262,0.809,-9.2,0.071,0.118,0.119,141.4,Algorithmic Radio,0
TRK-7920,0.845,0.933,-10.0,0.079,0.559,0.879,137.7,Algorithmic Radio,1
TRK-7921,0.54,0.452,-5.0,0.062,0.252,0.926,112.8,Curated Playlist,1
TRK-7922,0.866,0.789,-13.0,0.087,0.968,0.595,153.3,User Library,0
TRK-7923,0.79,0.334,-12.7,0.02,0.791,0.483,111.5,User Library,1
TRK-7924,0.49,0.971,-5.5,0.065,0.415,0.717,156.2,User Library,0
TRK-7925,0.168,0.123,-9.7,0.027,0.158,0.346,130.4,Curated Playlist,1
TRK-7926,0.365,0.631,-4.0,0.225,0.78,0.494,119.6,Curated Playlist,1
TRK-7927,0.583,0.68,-12.2,0.115,0.13,0.875,98.7,Algorithmic Radio,0
TRK-7928,0.657,0.705,-9.7,0.288,0.196,0.91,117.9,Curated Playlist,0
TRK-7929,0.356,0.206,-13.2,0.02,0.217,0.884,115.1,Curated Playlist,0
TRK-7930,0.261,0.926,-9.5,0.027,0.556,0.286,89.8,Curated Playlist,0
TRK-7931,0.818,0.259,-15.4,0.02,0.781,0.259,114.8,User Library,0
TRK-7932,0.938,0.648,-11.5,0.02,0.318,0.318,100.7,Curated Playlist,1
TRK-7933,0.571,0.296,-15.2,0.022,0.093,0.447,134.1,Curated Playlist,1
TRK-7934,0.287,0.37,-6.7,0.091,0.465,0.333,151.4,Algorithmic Radio,1
TRK-7935,0.368,0.581,-6.6,0.021,0.743,0.387,90.6,User Library,0
TRK-7936,0.165,0.467,-16.4,0.057,0.227,0.609,161.1,Algorithmic Radio,0
TRK-7937,0.881,0.241,-4.2,0.175,0.226,0.736,116.9,Curated Playlist,0
TRK-7938,0.244,0.25,-1.0,0.095,0.938,0.712,96.6,User Library,0
TRK-7939,0.611,0.468,-9.3,0.04,0.945,0.783,138.2,User Library,0
TRK-7940,0.369,0.766,-12.1,0.037,0.981,0.079,109.3,User Library,1
TRK-7941,0.593,0.89,-1.0,0.049,0.802,0.093,118.0,Curated Playlist,0
TRK-7942,0.671,0.174,-14.8,0.02,0.194,0.76,110.3,User Library,0
TRK-7943,0.814,0.446,-9.4,0.08,0.218,0.53,100.4,User Library,0
TRK-7944,0.315,0.188,-8.8,0.036,0.343,0.57,137.4,Algorithmic Radio,0
TRK-7945,0.159,0.115,-4.1,0.153,0.322,0.097,113.1,Curated Playlist,0
TRK-7946,0.26,0.682,-8.1,0.113,0.947,0.28,85.5,Curated Playlist,0
TRK-7947,0.87,0.63,-11.5,0.075,0.783,0.625,133.2,User Library,1
TRK-7948,0.849,0.243,-13.3,0.036,0.72,0.823,91.1,Curated Playlist,1
TRK-7949,0.628,0.306,-10.9,0.02,0.192,0.875,92.3,User Library,0
TRK-7950,0.63,0.121,-13.5,0.12,0.901,0.5,148.6,Algorithmic Radio,1
TRK-7951,0.682,0.835,-9.3,0.053,0.821,0.541,91.3,User Library,1
TRK-7952,0.29,0.958,-11.8,0.02,0.17,0.8,65.0,Curated Playlist,0
TRK-7953,0.882,0.219,-15.5,0.02,0.864,0.534,134.9,Curated Playlist,0
TRK-7954,0.485,0.304,-4.5,0.02,0.277,0.515,112.7,Curated Playlist,1
TRK-7955,0.457,0.864,-11.5,0.12,0.089,0.865,114.8,Algorithmic Radio,0
TRK-7956,0.565,0.915,-14.6,0.021,0.654,0.761,112.5,User Library,1
TRK-7957,0.188,0.469,-10.2,0.06,0.651,0.868,125.6,User Library,1
TRK-7958,0.283,0.145,-9.2,0.048,0.103,0.246,101.9,Curated Playlist,0
TRK-7959,0.74,0.135,-16.5,0.069,0.322,0.522,155.4,Curated Playlist,0
TRK-7960,0.216,0.605,-8.2,0.168,0.983,0.808,84.6,User Library,1
TRK-7961,0.633,0.446,-13.7,0.162,0.675,0.15,130.7,User Library,0
TRK-7962,0.346,0.125,-2.7,0.048,0.725,0.765,135.4,Curated Playlist,1
TRK-7963,0.461,0.613,-7.4,0.02,0.219,0.215,101.8,Algorithmic Radio,0
TRK-7964,0.381,0.11,-11.1,0.044,0.087,0.777,95.4,Curated Playlist,0
TRK-7965,0.435,0.793,-12.5,0.075,0.281,0.601,144.4,Algorithmic Radio,0
TRK-7966,0.725,0.37,-9.9,0.065,0.254,0.224,96.2,Curated Playlist,1
TRK-7967,0.388,0.135,-7.0,0.084,0.24,0.476,105.4,User Library,0
TRK-7968,0.603,0.618,-9.6,0.02,0.199,0.664,141.3,User Library,0
TRK-7969,0.531,0.45,-10.4,0.083,0.573,0.62,120.8,Curated Playlist,0
TRK-7970,0.681,0.957,-9.3,0.02,0.332,0.435,76.9,Curated Playlist,0
TRK-7971,0.899,0.579,-11.9,0.111,0.814,0.859,161.9,Curated Playlist,0
TRK-7972,0.736,0.342,-10.9,0.033,0.19,0.517,107.3,Curated Playlist,0
TRK-7973,0.322,0.724,-17.8,0.099,0.465,0.505,110.3,Algorithmic Radio,1
TRK-7974,0.175,0.339,-5.6,0.02,0.023,0.106,126.1,Curated Playlist,0
TRK-7975,0.36,0.896,-8.3,0.042,0.482,0.88,135.0,User Library,0
TRK-7976,0.626,0.43,-12.6,0.098,0.065,0.209,167.1,User Library,0
TRK-7977,0.191,0.584,-1.9,0.021,0.968,0.526,80.2,Curated Playlist,0
TRK-7978,0.547,0.145,-9.2,0.127,0.785,0.773,139.8,Algorithmic Radio,1
TRK-7979,0.627,0.475,-13.6,0.08,0.49,0.244,137.8,User Library,0
TRK-7980,0.417,0.832,-6.1,0.071,0.095,0.525,116.7,Algorithmic Radio,1
TRK-7981,0.767,0.809,-7.9,0.035,0.591,0.267,138.9,Algorithmic Radio,0
TRK-7982,0.235,0.297,-7.9,0.053,0.754,0.734,142.4,Curated Playlist,0
TRK-7983,0.21,0.299,-11.2,0.073,0.197,0.558,86.8,User Library,0
TRK-7984,0.733,0.819,-7.7,0.051,0.567,0.82,162.0,User Library,0
TRK-7985,0.546,0.919,-10.5,0.096,0.808,0.855,82.6,User Library,1
TRK-7986,0.701,0.184,-7.3,0.045,0.763,0.634,92.8,User Library,0
TRK-7987,0.498,0.496,-17.1,0.02,0.797,0.703,113.7,Curated Playlist,0
TRK-7988,0.347,0.397,-11.2,0.02,0.872,0.544,166.2,User Library,0
TRK-7989,0.805,0.866,-2.6,0.02,0.929,0.396,112.6,Curated Playlist,0
TRK-7990,0.79,0.174,-12.6,0.029,0.407,0.633,119.2,User Library,0
TRK-7991,0.706,0.286,-11.9,0.111,0.567,0.867,154.4,User Library,0
TRK-7992,0.368,0.762,-11.3,0.126,0.785,0.425,112.8,Curated Playlist,1
TRK-7993,0.622,0.145,-14.4,0.02,0.693,0.333,91.7,Algorithmic Radio,0
TRK-7994,0.439,0.533,-18.3,0.256,0.986,0.4,110.0,Curated Playlist,0
TRK-7995,0.223,0.489,-10.4,0.056,0.023,0.442,152.9,Curated Playlist,0
TRK-7996,0.884,0.394,-9.0,0.199,0.358,0.116,121.7,Curated Playlist,1
TRK-7997,0.259,0.447,-9.7,0.098,0.285,0.499,166.3,Curated Playlist,0
TRK-7998,0.91,0.566,-10.1,0.103,0.267,0.495,137.7,Algorithmic Radio,0
TRK-7999,0.507,0.242,-9.3,0.02,0.228,0.58,104.5,User Library,0
TRK-8000,0.298,0.603,-5.4,0.02,0.705,0.377,121.2,Algorithmic Radio,0
TRK-8001,0.584,0.809,-10.3,0.02,0.093,0.602,99.5,User Library,0
TRK-8002,0.848,0.769,-11.8,0.101,0.737,0.84,104.0,Algorithmic Radio,0
TRK-8003,0.736,0.235,-10.6,0.034,0.69,0.91,195.0,User Library,0
TRK-8004,0.795,0.231,-7.2,0.124,0.256,0.575,144.4,Algorithmic Radio,0
TRK-8005,0.677,0.336,-3.9,0.033,0.258,0.088,140.7,Algorithmic Radio,0
TRK-8006,0.704,0.418,-12.0,0.137,0.626,0.922,105.0,User Library,1
TRK-8007,0.829,0.459,-9.1,0.02,0.757,0.685,157.7,Algorithmic Radio,1
TRK-8008,0.35,0.698,-8.1,0.02,0.869,0.352,146.4,User Library,1
TRK-8009,0.542,0.15,-13.5,0.033,0.845,0.182,165.2,User Library,0
TRK-8010,0.327,0.131,-9.4,0.042,0.956,0.179,164.0,User Library,0
TRK-8011,0.94,0.445,-15.4,0.034,0.58,0.201,84.5,Algorithmic Radio,0
TRK-8012,0.905,0.714,-16.6,0.115,0.9,0.091,93.4,Curated Playlist,0
TRK-8013,0.182,0.27,-8.0,0.02,0.802,0.862,95.9,Curated Playlist,1
TRK-8014,0.714,0.665,-11.0,0.035,0.887,0.537,97.3,Curated Playlist,0
TRK-8015,0.89,0.329,-8.7,0.145,0.021,0.68,127.8,Algorithmic Radio,0
TRK-8016,0.294,0.88,-9.6,0.02,0.957,0.795,106.4,Curated Playlist,1
TRK-8017,0.604,0.888,-13.4,0.228,0.474,0.762,169.7,User Library,0
TRK-8018,0.882,0.362,-9.7,0.343,0.792,0.844,165.7,User Library,0
TRK-8019,0.177,0.302,-14.4,0.02,0.135,0.921,119.8,User Library,0
TRK-8020,0.708,0.462,-3.9,0.028,0.398,0.445,166.9,Curated Playlist,1
TRK-8021,0.388,0.312,-14.9,0.037,0.276,0.905,155.7,User Library,0
TRK-8022,0.89,0.692,-10.3,0.12,0.296,0.701,109.2,User Library,0
TRK-8023,0.927,0.827,-13.7,0.072,0.131,0.114,71.8,Algorithmic Radio,0
TRK-8024,0.905,0.692,-7.2,0.083,0.8,0.664,114.8,User Library,1
TRK-8025,0.529,0.825,-10.8,0.113,0.019,0.668,104.5,Curated Playlist,0
TRK-8026,0.84,0.449,-11.6,0.02,0.316,0.865,125.0,User Library,0
TRK-8027,0.826,0.238,-6.1,0.143,0.181,0.386,122.1,User Library,0
TRK-8028,0.405,0.749,-9.4,0.098,0.587,0.576,121.5,User Library,0
TRK-8029,0.813,0.417,-7.4,0.069,0.259,0.061,132.6,User Library,0
TRK-8030,0.18,0.691,-13.4,0.176,0.264,0.349,90.9,Algorithmic Radio,1
TRK-8031,0.627,0.338,-15.1,0.096,0.489,0.106,129.9,User Library,1
TRK-8032,0.334,0.171,-9.1,0.02,0.65,0.52,109.4,User Library,0
TRK-8033,0.246,0.973,-10.8,0.045,0.129,0.786,124.8,Curated Playlist,0
TRK-8034,0.212,0.237,-7.0,0.055,0.182,0.236,143.0,Curated Playlist,0
TRK-8035,0.707,0.97,-9.8,0.02,0.252,0.525,90.6,Curated Playlist,0
TRK-8036,0.422,0.96,-8.7,0.247,0.964,0.234,113.2,Algorithmic Radio,1
TRK-8037,0.73,0.799,-16.0,0.02,0.399,0.159,117.2,Curated Playlist,1
TRK-8038,0.202,0.68,-1.9,0.096,0.597,0.51,107.7,User Library,1
TRK-8039,0.402,0.608,-10.2,0.056,0.247,0.121,141.6,Algorithmic Radio,0
TRK-8040,0.582,0.862,-6.7,0.02,0.491,0.579,102.7,Curated Playlist,0
TRK-8041,0.783,0.355,-12.8,0.207,0.083,0.078,106.7,User Library,0
TRK-8042,0.405,0.512,-8.3,0.153,0.044,0.146,103.0,User Library,0
TRK-8043,0.651,0.645,-14.7,0.059,0.469,0.545,146.2,User Library,0
TRK-8044,0.859,0.462,-7.7,0.021,0.401,0.582,108.2,User Library,0
TRK-8045,0.643,0.476,-10.9,0.02,0.144,0.076,131.0,User Library,0
TRK-8046,0.336,0.391,-9.4,0.036,0.684,0.566,167.4,User Library,0
TRK-8047,0.17,0.597,-6.7,0.024,0.983,0.805,118.2,Algorithmic Radio,1
TRK-8048,0.846,0.849,-14.4,0.057,0.398,0.7,146.7,Algorithmic Radio,0
TRK-8049,0.167,0.277,-12.2,0.271,0.622,0.168,160.1,Curated Playlist,0
TRK-8050,0.85,0.922,-7.7,0.068,0.954,0.583,144.7,Algorithmic Radio,1
TRK-8051,0.573,0.706,-1.1,0.177,0.825,0.655,119.6,User Library,0
TRK-8052,0.901,0.824,-10.1,0.084,0.464,0.084,135.4,Algorithmic Radio,0
TRK-8053,0.789,0.589,-7.1,0.052,0.733,0.82,89.1,Curated Playlist,1
TRK-8054,0.948,0.786,-9.9,0.154,0.136,0.866,101.3,User Library,0
TRK-8055,0.431,0.114,-1.7,0.051,0.512,0.815,105.5,User Library,0
TRK-8056,0.764,0.82,-16.5,0.162,0.283,0.792,173.8,User Library,0
TRK-8057,0.472,0.135,-9.1,0.028,0.168,0.72,100.5,User Library,0
TRK-8058,0.534,0.883,-16.0,0.02,0.428,0.62,100.1,User Library,0
TRK-8059,0.652,0.973,-19.5,0.155,0.138,0.661,94.9,User Library,0
TRK-8060,0.849,0.359,-8.3,0.071,0.695,0.776,133.4,User Library,0
TRK-8061,0.937,0.285,-8.9,0.176,0.457,0.646,123.4,User Library,0
TRK-8062,0.765,0.774,-10.6,0.222,0.531,0.345,146.1,Algorithmic Radio,0
TRK-8063,0.484,0.323,-9.9,0.02,0.153,0.388,136.1,User Library,0
TRK-8064,0.487,0.862,-1.0,0.056,0.147,0.857,86.9,User Library,0
TRK-8065,0.74,0.191,-10.5,0.038,0.582,0.065,100.6,Curated Playlist,0
TRK-8066,0.341,0.211,-7.5,0.079,0.975,0.679,152.8,Algorithmic Radio,1
TRK-8067,0.238,0.962,-12.1,0.126,0.104,0.909,115.1,User Library,0
TRK-8068,0.434,0.693,-8.3,0.026,0.29,0.686,148.5,Algorithmic Radio,0
TRK-8069,0.38,0.845,-10.5,0.065,0.862,0.945,116.4,User Library,0
TRK-8070,0.387,0.385,-11.1,0.099,0.081,0.669,96.8,User Library,0
TRK-8071,0.337,0.695,-2.2,0.02,0.868,0.081,112.7,User Library,0
TRK-8072,0.184,0.623,-4.8,0.135,0.524,0.794,96.8,Curated Playlist,1
TRK-8073,0.164,0.631,-9.0,0.075,0.41,0.306,106.4,User Library,0
TRK-8074,0.94,0.701,-18.7,0.239,0.313,0.451,124.8,Curated Playlist,0
TRK-8075,0.492,0.606,-10.9,0.033,0.301,0.331,132.3,User Library,0
TRK-8076,0.457,0.478,-1.0,0.02,0.31,0.292,81.8,Curated Playlist,1
TRK-8077,0.694,0.343,-10.4,0.056,0.877,0.438,119.6,User Library,0
TRK-8078,0.325,0.776,-5.1,0.02,0.719,0.391,105.9,Curated Playlist,1
TRK-8079,0.91,0.299,-3.7,0.279,0.666,0.62,104.4,Curated Playlist,1
TRK-8080,0.779,0.709,-8.6,0.02,0.793,0.782,123.2,Curated Playlist,0
TRK-8081,0.222,0.305,-12.9,0.112,0.262,0.317,106.8,User Library,0
TRK-8082,0.484,0.65,-19.2,0.06,0.616,0.242,153.2,Algorithmic Radio,1
TRK-8083,0.853,0.757,-6.8,0.037,0.461,0.65,148.5,Curated Playlist,0
TRK-8084,0.906,0.292,-12.8,0.02,0.777,0.653,148.4,User Library,0
TRK-8085,0.524,0.153,-8.8,0.078,0.313,0.861,108.1,Algorithmic Radio,1
TRK-8086,0.641,0.215,-14.5,0.07,0.64,0.064,96.9,Curated Playlist,0
TRK-8087,0.284,0.633,-10.6,0.026,0.875,0.818,122.0,Curated Playlist,0
TRK-8088,0.943,0.848,-9.4,0.193,0.404,0.519,116.4,User Library,0
TRK-8089,0.335,0.14,-8.4,0.029,0.075,0.609,105.4,Curated Playlist,0
TRK-8090,0.904,0.746,-14.0,0.048,0.516,0.132,91.8,User Library,0
TRK-8091,0.67,0.4,-4.7,0.063,0.349,0.439,119.0,User Library,0
TRK-8092,0.636,0.521,-11.9,0.02,0.669,0.255,110.3,User Library,0
TRK-8093,0.56,0.917,-16.2,0.215,0.942,0.279,136.5,Curated Playlist,0
TRK-8094,0.335,0.392,-9.9,0.038,0.486,0.504,136.0,User Library,1
TRK-8095,0.291,0.509,-9.4,0.02,0.467,0.781,146.4,Algorithmic Radio,1
TRK-8096,0.326,0.112,-8.9,0.039,0.651,0.719,89.8,User Library,0
TRK-8097,0.299,0.172,-4.1,0.073,0.111,0.582,129.6,User Library,0
TRK-8098,0.774,0.328,-10.4,0.058,0.258,0.535,102.5,Curated Playlist,0
TRK-8099,0.43,0.125,-10.0,0.095,0.911,0.435,90.7,Curated Playlist,0
TRK-8100,0.196,0.656,-13.9,0.02,0.667,0.925,109.7,User Library,0
TRK-8101,0.925,0.475,-6.2,0.027,0.023,0.554,145.6,User Library,0
TRK-8102,0.857,0.582,-8.8,0.137,0.211,0.279,111.1,User Library,0
TRK-8103,0.892,0.254,-11.2,0.02,0.679,0.257,157.6,Curated Playlist,0
TRK-8104,0.946,0.36,-17.1,0.155,0.759,0.6,133.2,User Library,0
TRK-8105,0.289,0.684,-3.7,0.02,0.833,0.521,110.5,Curated Playlist,0
TRK-8106,0.467,0.949,-14.4,0.144,0.296,0.057,147.8,Curated Playlist,0
TRK-8107,0.757,0.144,-11.9,0.036,0.922,0.797,130.7,User Library,0
TRK-8108,0.707,0.884,-8.1,0.076,0.552,0.684,97.6,User Library,0
TRK-8109,0.273,0.608,-14.3,0.02,0.693,0.646,164.6,User Library,1
TRK-8110,0.803,0.596,-15.5,0.02,0.595,0.112,126.2,User Library,0
TRK-8111,0.33,0.54,-18.0,0.02,0.13,0.376,120.5,Curated Playlist,0
TRK-8112,0.329,0.161,-6.6,0.02,0.954,0.892,99.5,Curated Playlist,0
TRK-8113,0.58,0.179,-11.7,0.03,0.13,0.826,148.3,Curated Playlist,0
TRK-8114,0.624,0.629,-1.0,0.058,0.26,0.307,132.4,User Library,0
TRK-8115,0.614,0.4,-13.5,0.071,0.807,0.191,135.1,Algorithmic Radio,0
TRK-8116,0.223,0.907,-13.2,0.125,0.616,0.454,107.8,User Library,0
TRK-8117,0.852,0.458,-11.8,0.085,0.831,0.37,140.0,User Library,1
TRK-8118,0.362,0.226,-8.5,0.075,0.515,0.664,141.9,Curated Playlist,0
TRK-8119,0.254,0.729,-11.4,0.042,0.379,0.92,103.9,Algorithmic Radio,0
TRK-8120,0.861,0.358,-7.1,0.051,0.913,0.377,86.0,User Library,0
TRK-8121,0.915,0.562,-13.4,0.043,0.046,0.106,134.0,Curated Playlist,0
TRK-8122,0.84,0.714,-15.0,0.148,0.849,0.858,82.2,Algorithmic Radio,1
TRK-8123,0.798,0.892,-16.7,0.021,0.236,0.084,123.6,Curated Playlist,0
TRK-8124,0.674,0.797,-18.4,0.02,0.842,0.907,109.3,User Library,0
TRK-8125,0.591,0.695,-11.6,0.084,0.146,0.648,149.2,Algorithmic Radio,0
TRK-8126,0.22,0.698,-10.7,0.02,0.579,0.898,110.6,Curated Playlist,1
TRK-8127,0.477,0.932,-12.0,0.177,0.88,0.23,146.6,Curated Playlist,1
TRK-8128,0.448,0.36,-4.5,0.157,0.474,0.087,107.7,Curated Playlist,0
TRK-8129,0.358,0.101,-4.6,0.02,0.742,0.489,144.0,Algorithmic Radio,1
TRK-8130,0.729,0.339,-10.8,0.02,0.799,0.456,169.4,User Library,0
TRK-8131,0.547,0.292,-16.7,0.055,0.732,0.348,94.4,User Library,0
TRK-8132,0.215,0.682,-11.8,0.075,0.917,0.912,127.0,Curated Playlist,0
TRK-8133,0.326,0.658,-11.9,0.026,0.448,0.79,186.0,User Library,0
TRK-8134,0.697,0.622,-12.1,0.101,0.18,0.645,121.6,User Library,0
TRK-8135,0.211,0.114,-12.3,0.072,0.057,0.197,121.5,Curated Playlist,0
TRK-8136,0.831,0.741,-12.1,0.031,0.252,0.711,138.9,User Library,1
TRK-8137,0.546,0.385,-11.0,0.02,0.15,0.704,121.0,Curated Playlist,0
TRK-8138,0.534,0.685,-12.0,0.111,0.557,0.433,79.0,Algorithmic Radio,1
TRK-8139,0.624,0.59,-8.7,0.02,0.191,0.882,147.2,User Library,0
TRK-8140,0.81,0.402,-8.1,0.144,0.048,0.2,71.9,Algorithmic Radio,0
TRK-8141,0.428,0.218,-13.1,0.044,0.045,0.291,110.0,User Library,0
TRK-8142,0.692,0.183,-4.4,0.069,0.825,0.107,149.0,Algorithmic Radio,1
TRK-8143,0.603,0.832,-13.4,0.165,0.59,0.766,111.4,Algorithmic Radio,1
TRK-8144,0.364,0.908,-16.0,0.159,0.361,0.61,103.4,User Library,0
TRK-8145,0.853,0.672,-8.0,0.037,0.886,0.333,141.1,User Library,0
TRK-8146,0.788,0.191,-12.8,0.02,0.079,0.197,99.6,User Library,0
TRK-8147,0.677,0.454,-8.2,0.119,0.971,0.086,90.7,Algorithmic Radio,1
TRK-8148,0.83,0.741,-19.1,0.045,0.614,0.2,126.6,Algorithmic Radio,0
TRK-8149,0.844,0.786,-3.9,0.02,0.19,0.458,115.6,User Library,0
TRK-8150,0.717,0.204,-6.8,0.188,0.675,0.272,90.2,Curated Playlist,1
TRK-8151,0.82,0.1,-15.5,0.02,0.758,0.283,135.3,User Library,0
TRK-8152,0.708,0.727,-15.4,0.02,0.431,0.838,131.1,Curated Playlist,0
TRK-8153,0.694,0.414,-2.8,0.02,0.854,0.514,111.4,Algorithmic Radio,0
TRK-8154,0.645,0.324,-12.4,0.078,0.158,0.706,113.0,User Library,0
TRK-8155,0.752,0.111,-12.8,0.087,0.283,0.082,131.3,Algorithmic Radio,1
TRK-8156,0.277,0.575,-18.6,0.03,0.102,0.379,148.6,Algorithmic Radio,1
TRK-8157,0.855,0.849,-10.9,0.031,0.217,0.481,113.2,Algorithmic Radio,1
TRK-8158,0.847,0.943,-10.4,0.033,0.244,0.218,135.7,User Library,0
TRK-8159,0.173,0.598,-6.6,0.091,0.909,0.158,133.6,User Library,1
TRK-8160,0.811,0.553,-15.1,0.02,0.087,0.833,141.1,User Library,0
TRK-8161,0.253,0.175,-15.6,0.212,0.429,0.895,120.9,Curated Playlist,0
TRK-8162,0.418,0.583,-7.7,0.02,0.532,0.121,98.1,Curated Playlist,0
TRK-8163,0.745,0.434,-5.5,0.642,0.891,0.364,108.9,User Library,1
TRK-8164,0.279,0.634,-15.8,0.02,0.988,0.912,128.2,Curated Playlist,1
TRK-8165,0.804,0.442,-5.2,0.118,0.748,0.125,163.6,User Library,0
TRK-8166,0.816,0.311,-9.3,0.02,0.961,0.629,108.4,User Library,1
TRK-8167,0.556,0.184,-5.1,0.02,0.781,0.925,139.3,User Library,1
TRK-8168,0.155,0.377,-9.8,0.166,0.954,0.93,112.1,User Library,1
TRK-8169,0.38,0.185,-19.6,0.157,0.703,0.474,122.7,User Library,0
TRK-8170,0.644,0.256,-10.1,0.041,0.088,0.196,156.4,User Library,0
TRK-8171,0.935,0.969,-5.3,0.097,0.404,0.232,138.3,Algorithmic Radio,0
TRK-8172,0.655,0.491,-13.1,0.065,0.644,0.851,90.2,Curated Playlist,0
TRK-8173,0.358,0.568,-11.1,0.153,0.354,0.871,106.3,User Library,0
TRK-8174,0.657,0.869,-10.2,0.03,0.278,0.597,150.1,Curated Playlist,0
TRK-8175,0.582,0.976,-21.1,0.059,0.576,0.74,123.4,Curated Playlist,1
TRK-8176,0.774,0.613,-2.8,0.053,0.925,0.716,92.4,User Library,0
TRK-8177,0.236,0.815,-13.1,0.035,0.044,0.646,100.3,Curated Playlist,1
TRK-8178,0.759,0.388,-7.5,0.178,0.764,0.795,136.9,Curated Playlist,0
TRK-8179,0.583,0.369,-9.8,0.02,0.718,0.667,143.9,Curated Playlist,1
TRK-8180,0.92,0.454,-4.5,0.02,0.955,0.531,120.4,Curated Playlist,0
TRK-8181,0.423,0.692,-7.9,0.069,0.922,0.263,179.4,Curated Playlist,0
TRK-8182,0.656,0.7,-10.4,0.086,0.757,0.719,139.8,User Library,0
TRK-8183,0.896,0.377,-13.1,0.02,0.52,0.476,114.2,Algorithmic Radio,0
TRK-8184,0.232,0.217,-6.3,0.04,0.21,0.315,100.4,User Library,1
TRK-8185,0.9,0.657,-17.0,0.234,0.544,0.772,96.6,Algorithmic Radio,1
TRK-8186,0.7,0.213,-6.9,0.023,0.76,0.677,128.1,User Library,0
TRK-8187,0.204,0.609,-13.9,0.088,0.888,0.894,108.3,User Library,1
TRK-8188,0.391,0.71,-4.5,0.108,0.784,0.199,160.2,Curated Playlist,1
TRK-8189,0.717,0.717,-8.9,0.048,0.201,0.634,155.2,User Library,0
TRK-8190,0.204,0.763,-6.9,0.222,0.598,0.27,135.2,Algorithmic Radio,1
TRK-8191,0.616,0.868,-9.2,0.107,0.336,0.863,91.7,User Library,0
TRK-8192,0.427,0.54,-16.5,0.049,0.019,0.14,103.9,Curated Playlist,0
TRK-8193,0.647,0.743,-12.9,0.067,0.206,0.641,150.1,User Library,0
TRK-8194,0.187,0.645,-6.8,0.094,0.121,0.762,106.5,User Library,0
TRK-8195,0.847,0.264,-8.8,0.072,0.836,0.369,146.9,User Library,0
TRK-8196,0.929,0.123,-4.8,0.169,0.263,0.909,131.4,Curated Playlist,0
TRK-8197,0.925,0.35,-7.9,0.035,0.289,0.816,121.2,Curated Playlist,0
TRK-8198,0.75,0.49,-13.4,0.029,0.951,0.315,103.1,Curated Playlist,0
TRK-8199,0.254,0.643,-12.7,0.02,0.382,0.057,117.7,Algorithmic Radio,1
TRK-8200,0.757,0.848,-9.1,0.02,0.019,0.317,124.6,Curated Playlist,0
TRK-8201,0.17,0.273,-18.8,0.02,0.288,0.303,144.8,Algorithmic Radio,1
TRK-8202,0.168,0.21,-2.8,0.163,0.127,0.851,98.7,User Library,0
TRK-8203,0.409,0.948,-7.7,0.091,0.111,0.92,113.7,User Library,0
TRK-8204,0.541,0.195,-4.6,0.086,0.086,0.113,121.1,User Library,0
TRK-8205,0.766,0.521,-15.8,0.076,0.591,0.474,135.9,User Library,0
TRK-8206,0.697,0.615,-4.5,0.151,0.196,0.543,98.2,Curated Playlist,1
TRK-8207,0.507,0.576,-1.0,0.052,0.364,0.134,88.4,Curated Playlist,0
TRK-8208,0.369,0.176,-14.8,0.163,0.855,0.39,136.2,Curated Playlist,1
TRK-8209,0.948,0.15,-6.4,0.036,0.426,0.335,83.6,Curated Playlist,0
TRK-8210,0.491,0.193,-9.5,0.209,0.907,0.532,150.8,Algorithmic Radio,1
TRK-8211,0.511,0.615,-15.7,0.096,0.498,0.645,116.3,Algorithmic Radio,0
TRK-8212,0.281,0.579,-7.5,0.024,0.401,0.683,82.9,User Library,0
TRK-8213,0.786,0.306,-6.2,0.066,0.745,0.173,108.5,User Library,0
TRK-8214,0.705,0.661,-11.9,0.061,0.082,0.782,129.1,User Library,0
TRK-8215,0.327,0.822,-4.8,0.02,0.098,0.661,107.2,User Library,0
TRK-8216,0.216,0.137,-16.2,0.072,0.649,0.85,120.5,Curated Playlist,1
TRK-8217,0.694,0.538,-15.5,0.03,0.487,0.454,137.8,Curated Playlist,0
TRK-8218,0.674,0.707,-9.0,0.02,0.785,0.855,115.1,User Library,0
TRK-8219,0.369,0.322,-9.4,0.238,0.908,0.829,97.5,Curated Playlist,0
TRK-8220,0.911,0.371,-12.4,0.082,0.391,0.445,112.8,Curated Playlist,0
TRK-8221,0.271,0.64,-6.3,0.168,0.594,0.393,154.0,User Library,1
TRK-8222,0.496,0.89,-7.4,0.09,0.501,0.89,160.4,User Library,0
TRK-8223,0.905,0.813,-6.1,0.035,0.972,0.694,71.5,Algorithmic Radio,0
TRK-8224,0.486,0.613,-10.0,0.058,0.824,0.885,146.2,Curated Playlist,1
TRK-8225,0.661,0.743,-7.1,0.09,0.904,0.767,126.0,User Library,0
TRK-8226,0.468,0.421,-11.3,0.258,0.259,0.598,142.2,User Library,0
TRK-8227,0.369,0.664,-1.3,0.023,0.767,0.154,106.8,User Library,0
TRK-8228,0.937,0.51,-12.8,0.166,0.27,0.312,77.6,User Library,0
TRK-8229,0.477,0.267,-1.1,0.206,0.215,0.922,134.0,Algorithmic Radio,1
TRK-8230,0.865,0.718,-9.4,0.089,0.935,0.337,97.4,User Library,0
TRK-8231,0.334,0.59,-15.0,0.214,0.029,0.134,86.7,User Library,1
TRK-8232,0.32,0.416,-4.0,0.041,0.956,0.687,88.4,User Library,0
TRK-8233,0.175,0.902,-9.0,0.245,0.156,0.711,134.4,Curated Playlist,0
TRK-8234,0.671,0.118,-6.1,0.097,0.813,0.307,123.3,User Library,0
TRK-8235,0.445,0.378,-4.6,0.02,0.28,0.318,138.8,User Library,0
TRK-8236,0.841,0.15,-8.1,0.19,0.354,0.472,136.1,Curated Playlist,0
TRK-8237,0.529,0.775,-11.9,0.053,0.222,0.07,109.9,User Library,0
TRK-8238,0.925,0.718,-5.6,0.049,0.584,0.76,118.3,User Library,0
TRK-8239,0.298,0.392,-9.5,0.067,0.351,0.335,107.7,User Library,0
TRK-8240,0.845,0.695,-6.8,0.02,0.654,0.818,115.0,Curated Playlist,0
TRK-8241,0.771,0.448,-18.1,0.051,0.025,0.772,96.8,Algorithmic Radio,0
TRK-8242,0.767,0.766,-7.7,0.142,0.073,0.645,129.4,User Library,0
TRK-8243,0.826,0.5,-12.1,0.02,0.108,0.342,145.8,User Library,0
TRK-8244,0.759,0.463,-2.9,0.025,0.421,0.515,100.4,User Library,0
TRK-8245,0.651,0.923,-7.0,0.02,0.809,0.45,150.8,Curated Playlist,1
TRK-8246,0.255,0.321,-8.5,0.043,0.88,0.355,122.7,Curated Playlist,1
TRK-8247,0.176,0.206,-7.6,0.104,0.25,0.813,125.8,Curated Playlist,0
TRK-8248,0.887,0.614,-13.5,0.128,0.573,0.485,79.2,Curated Playlist,1
TRK-8249,0.643,0.953,-3.0,0.232,0.763,0.799,76.6,Algorithmic Radio,1
TRK-8250,0.787,0.432,-1.5,0.075,0.293,0.145,123.5,Algorithmic Radio,0
TRK-8251,0.535,0.155,-7.9,0.024,0.411,0.177,139.0,Curated Playlist,0
TRK-8252,0.244,0.399,-3.1,0.206,0.523,0.93,103.9,Curated Playlist,0
TRK-8253,0.25,0.545,-11.8,0.119,0.142,0.579,160.1,User Library,0
TRK-8254,0.698,0.242,-12.7,0.068,0.035,0.509,137.6,Curated Playlist,0
TRK-8255,0.494,0.679,-9.3,0.095,0.16,0.521,98.2,Curated Playlist,0
TRK-8256,0.31,0.978,-7.8,0.206,0.624,0.244,120.7,Curated Playlist,1
TRK-8257,0.543,0.498,-11.1,0.1,0.082,0.697,179.4,User Library,0
TRK-8258,0.201,0.412,-7.3,0.037,0.196,0.126,90.2,Curated Playlist,1
TRK-8259,0.616,0.453,-8.3,0.1,0.341,0.566,132.7,Curated Playlist,0
TRK-8260,0.365,0.201,-13.5,0.02,0.086,0.564,112.3,Curated Playlist,0
TRK-8261,0.788,0.877,-7.4,0.039,0.198,0.873,137.0,User Library,0
TRK-8262,0.398,0.465,-6.0,0.042,0.903,0.524,150.4,User Library,0
TRK-8263,0.514,0.441,-8.8,0.02,0.029,0.173,110.7,User Library,0
TRK-8264,0.159,0.681,-4.9,0.02,0.65,0.565,146.9,Algorithmic Radio,1
TRK-8265,0.208,0.489,-14.4,0.02,0.387,0.132,173.3,Curated Playlist,1
TRK-8266,0.464,0.67,-7.6,0.085,0.669,0.233,121.6,User Library,0
TRK-8267,0.534,0.154,-14.2,0.13,0.587,0.078,138.8,User Library,1
TRK-8268,0.63,0.816,-14.0,0.355,0.229,0.512,105.8,Curated Playlist,1
TRK-8269,0.383,0.928,-12.0,0.034,0.84,0.126,120.5,User Library,0
TRK-8270,0.706,0.671,-13.3,0.073,0.492,0.472,115.8,Algorithmic Radio,0
TRK-8271,0.838,0.94,-11.7,0.221,0.816,0.89,139.1,Curated Playlist,0
TRK-8272,0.774,0.233,-10.4,0.02,0.408,0.698,148.9,User Library,0
TRK-8273,0.182,0.52,-6.2,0.101,0.975,0.12,117.4,Curated Playlist,0
TRK-8274,0.534,0.63,-10.8,0.113,0.765,0.252,156.8,User Library,0
TRK-8275,0.234,0.612,-15.8,0.02,0.957,0.656,156.7,Algorithmic Radio,0
TRK-8276,0.344,0.453,-4.9,0.158,0.514,0.855,140.3,User Library,0
TRK-8277,0.939,0.398,-12.8,0.134,0.474,0.08,107.6,Algorithmic Radio,1
TRK-8278,0.264,0.212,-9.7,0.02,0.75,0.781,105.3,Curated Playlist,0
TRK-8279,0.549,0.445,-7.7,0.02,0.873,0.556,100.5,Algorithmic Radio,1
TRK-8280,0.645,0.243,-8.7,0.02,0.955,0.541,142.8,User Library,0
TRK-8281,0.712,0.746,-5.1,0.033,0.328,0.912,90.9,User Library,1
TRK-8282,0.598,0.284,-7.6,0.057,0.793,0.723,136.2,Curated Playlist,0
TRK-8283,0.158,0.152,-12.9,0.061,0.216,0.815,94.1,Curated Playlist,0
TRK-8284,0.411,0.586,-1.0,0.025,0.545,0.369,139.8,User Library,0
TRK-8285,0.564,0.624,-8.7,0.194,0.186,0.549,120.4,User Library,0
TRK-8286,0.22,0.867,-10.1,0.037,0.35,0.604,152.0,User Library,1
TRK-8287,0.431,0.608,-5.6,0.02,0.923,0.339,147.4,Curated Playlist,1
TRK-8288,0.177,0.404,-8.5,0.029,0.153,0.563,154.4,User Library,1
TRK-8289,0.213,0.807,-7.9,0.061,0.63,0.263,155.1,User Library,0
TRK-8290,0.468,0.575,-1.0,0.042,0.591,0.179,123.4,User Library,0
TRK-8291,0.256,0.17,-10.6,0.026,0.128,0.387,92.2,User Library,0
TRK-8292,0.604,0.598,-10.8,0.02,0.329,0.715,94.7,User Library,0
TRK-8293,0.702,0.899,-9.0,0.137,0.562,0.875,69.9,Algorithmic Radio,0
TRK-8294,0.79,0.449,-5.2,0.445,0.193,0.462,94.0,User Library,0
TRK-8295,0.31,0.361,-15.5,0.032,0.795,0.629,121.7,Algorithmic Radio,1
TRK-8296,0.284,0.226,-17.4,0.038,0.963,0.143,106.6,User Library,0
TRK-8297,0.234,0.233,-11.8,0.077,0.22,0.864,115.7,User Library,0
TRK-8298,0.659,0.481,-16.0,0.101,0.193,0.562,131.8,User Library,0
TRK-8299,0.715,0.624,-11.2,0.04,0.456,0.752,112.7,Curated Playlist,0
TRK-8300,0.175,0.171,-7.5,0.188,0.743,0.765,93.1,Curated Playlist,1
TRK-8301,0.899,0.927,-13.1,0.066,0.286,0.281,118.7,Curated Playlist,1
TRK-8302,0.192,0.765,-15.2,0.048,0.029,0.526,98.4,User Library,0
TRK-8303,0.583,0.616,-9.2,0.083,0.54,0.914,113.5,Algorithmic Radio,1
TRK-8304,0.717,0.829,-6.0,0.244,0.947,0.131,152.2,Algorithmic Radio,1
TRK-8305,0.847,0.171,-16.3,0.127,0.393,0.665,113.5,User Library,0
TRK-8306,0.721,0.52,-6.2,0.02,0.422,0.916,162.5,Curated Playlist,0
TRK-8307,0.791,0.654,-6.2,0.032,0.96,0.321,154.4,Curated Playlist,0
TRK-8308,0.422,0.829,-5.7,0.051,0.691,0.825,106.1,User Library,0
TRK-8309,0.802,0.789,-4.6,0.03,0.715,0.89,93.3,User Library,0
TRK-8310,0.214,0.344,-1.0,0.096,0.561,0.722,118.7,Curated Playlist,0
TRK-8311,0.866,0.928,-10.9,0.14,0.965,0.258,147.7,Algorithmic Radio,1
TRK-8312,0.588,0.209,-9.1,0.105,0.685,0.351,108.2,User Library,0
TRK-8313,0.804,0.87,-11.2,0.363,0.887,0.082,141.8,Curated Playlist,0
TRK-8314,0.512,0.954,-9.5,0.025,0.695,0.798,149.0,Algorithmic Radio,1
TRK-8315,0.665,0.256,-3.4,0.166,0.73,0.815,101.4,User Library,0
TRK-8316,0.571,0.735,-14.9,0.116,0.295,0.619,103.8,User Library,0
TRK-8317,0.735,0.135,-12.9,0.036,0.307,0.367,137.1,Curated Playlist,0
TRK-8318,0.215,0.457,-4.0,0.106,0.777,0.119,123.6,User Library,0
TRK-8319,0.198,0.554,-5.4,0.02,0.301,0.728,103.5,User Library,1
TRK-8320,0.348,0.611,-11.0,0.125,0.562,0.704,111.5,User Library,1
TRK-8321,0.278,0.924,-6.1,0.061,0.254,0.871,118.3,User Library,0
TRK-8322,0.847,0.692,-8.1,0.028,0.811,0.707,82.4,Algorithmic Radio,0
TRK-8323,0.325,0.524,-3.5,0.085,0.118,0.796,138.4,Curated Playlist,1
TRK-8324,0.931,0.813,-9.2,0.082,0.823,0.721,108.5,User Library,0
TRK-8325,0.42,0.936,-5.4,0.02,0.601,0.618,65.0,Curated Playlist,1
TRK-8326,0.296,0.119,-1.0,0.02,0.193,0.434,119.4,Algorithmic Radio,0
TRK-8327,0.782,0.965,-7.1,0.045,0.541,0.862,102.2,User Library,0
TRK-8328,0.677,0.176,-9.3,0.067,0.287,0.636,160.5,User Library,0
TRK-8329,0.549,0.817,-6.6,0.167,0.327,0.409,105.9,Algorithmic Radio,0
TRK-8330,0.594,0.347,-11.0,0.211,0.354,0.125,93.7,Algorithmic Radio,1
TRK-8331,0.725,0.216,-1.0,0.06,0.072,0.312,132.2,User Library,0
TRK-8332,0.333,0.487,-8.8,0.112,0.976,0.539,104.1,User Library,0
TRK-8333,0.947,0.667,-10.6,0.046,0.041,0.298,101.3,User Library,0
TRK-8334,0.93,0.435,-12.8,0.11,0.659,0.249,132.2,User Library,0
TRK-8335,0.67,0.148,-5.1,0.02,0.374,0.525,95.0,Curated Playlist,0
TRK-8336,0.31,0.628,-6.0,0.037,0.643,0.203,85.0,User Library,0
TRK-8337,0.694,0.894,-11.5,0.08,0.359,0.77,161.4,User Library,0
TRK-8338,0.208,0.437,-7.2,0.02,0.67,0.486,133.9,Curated Playlist,1
TRK-8339,0.175,0.29,-15.5,0.103,0.725,0.566,113.7,Algorithmic Radio,0
TRK-8340,0.356,0.489,-8.8,0.144,0.687,0.183,119.9,User Library,1
TRK-8341,0.52,0.143,-7.7,0.041,0.122,0.342,132.1,User Library,0
TRK-8342,0.845,0.822,-2.7,0.048,0.654,0.419,143.4,Algorithmic Radio,0
TRK-8343,0.732,0.827,-12.6,0.152,0.284,0.777,101.9,Curated Playlist,0
TRK-8344,0.744,0.617,-14.6,0.12,0.038,0.743,128.8,User Library,0
TRK-8345,0.49,0.411,-13.1,0.027,0.417,0.251,107.8,User Library,0
TRK-8346,0.427,0.804,-14.8,0.031,0.435,0.605,115.5,User Library,0
TRK-8347,0.447,0.588,-4.2,0.091,0.468,0.269,123.9,Curated Playlist,0
TRK-8348,0.94,0.827,-3.3,0.066,0.701,0.939,119.8,User Library,0
TRK-8349,0.182,0.656,-8.2,0.02,0.313,0.907,137.7,User Library,0
TRK-8350,0.844,0.79,-4.6,0.03,0.319,0.557,131.7,User Library,0
TRK-8351,0.613,0.627,-9.0,0.184,0.069,0.679,83.8,User Library,1
TRK-8352,0.501,0.464,-9.9,0.093,0.683,0.771,87.4,Curated Playlist,0
TRK-8353,0.73,0.943,-10.8,0.341,0.566,0.699,111.1,User Library,0
TRK-8354,0.539,0.576,-10.7,0.117,0.352,0.68,163.9,User Library,0
TRK-8355,0.849,0.632,-15.7,0.228,0.701,0.913,99.6,Algorithmic Radio,0
TRK-8356,0.871,0.294,-8.4,0.02,0.537,0.587,115.0,Curated Playlist,0
TRK-8357,0.487,0.651,-9.7,0.118,0.47,0.623,107.1,User Library,0
TRK-8358,0.371,0.603,-6.5,0.02,0.511,0.814,106.7,Curated Playlist,0
TRK-8359,0.624,0.263,-9.1,0.089,0.634,0.653,124.3,User Library,1
TRK-8360,0.88,0.152,-10.2,0.051,0.657,0.71,153.6,Curated Playlist,0
TRK-8361,0.319,0.632,-13.0,0.034,0.293,0.261,130.9,Curated Playlist,1
TRK-8362,0.648,0.772,-9.2,0.159,0.148,0.384,100.7,Curated Playlist,0
TRK-8363,0.655,0.561,-6.5,0.154,0.164,0.183,186.1,Curated Playlist,0
TRK-8364,0.736,0.3,-14.1,0.02,0.637,0.505,121.9,User Library,0
TRK-8365,0.255,0.687,-9.2,0.075,0.865,0.46,106.1,Curated Playlist,1
TRK-8366,0.723,0.17,-8.6,0.037,0.411,0.947,153.9,User Library,0
TRK-8367,0.877,0.489,-12.4,0.043,0.176,0.6,108.7,User Library,0
TRK-8368,0.294,0.244,-11.9,0.143,0.751,0.758,159.9,Algorithmic Radio,1
TRK-8369,0.34,0.262,-8.6,0.03,0.826,0.351,99.1,Curated Playlist,1
TRK-8370,0.927,0.278,-14.0,0.229,0.873,0.798,154.3,Algorithmic Radio,0
TRK-8371,0.295,0.44,-8.1,0.02,0.605,0.604,124.8,User Library,1
TRK-8372,0.834,0.145,-13.1,0.087,0.854,0.677,151.0,Curated Playlist,0
TRK-8373,0.544,0.45,-5.2,0.089,0.025,0.315,165.6,User Library,0
TRK-8374,0.348,0.55,-1.0,0.023,0.115,0.544,92.8,Curated Playlist,0
TRK-8375,0.847,0.525,-12.9,0.031,0.101,0.621,150.6,User Library,0
TRK-8376,0.506,0.437,-7.4,0.144,0.708,0.58,86.2,User Library,0
TRK-8377,0.562,0.838,-12.4,0.115,0.078,0.874,94.9,User Library,0
TRK-8378,0.437,0.228,-5.3,0.032,0.496,0.858,100.7,Curated Playlist,1
TRK-8379,0.624,0.545,-14.6,0.061,0.473,0.924,132.1,User Library,0
TRK-8380,0.281,0.155,-7.6,0.02,0.314,0.651,120.8,Algorithmic Radio,1
TRK-8381,0.463,0.163,-13.0,0.02,0.863,0.925,116.0,User Library,1
TRK-8382,0.926,0.605,-10.3,0.053,0.177,0.799,123.5,User Library,1
TRK-8383,0.357,0.598,-13.6,0.02,0.355,0.294,134.2,User Library,1
TRK-8384,0.675,0.873,-6.2,0.148,0.769,0.435,136.0,Algorithmic Radio,1
TRK-8385,0.41,0.591,-12.8,0.101,0.04,0.265,146.3,User Library,0
TRK-8386,0.769,0.945,-7.3,0.23,0.669,0.054,163.7,User Library,1
TRK-8387,0.255,0.143,-10.9,0.095,0.81,0.219,119.5,Curated Playlist,1
TRK-8388,0.926,0.186,-10.0,0.226,0.924,0.054,107.5,User Library,0
TRK-8389,0.513,0.139,-8.9,0.065,0.869,0.698,134.7,Curated Playlist,1
TRK-8390,0.339,0.263,-12.5,0.073,0.323,0.433,92.5,User Library,0
TRK-8391,0.209,0.576,-8.7,0.302,0.585,0.331,103.7,Curated Playlist,0
TRK-8392,0.286,0.668,-3.4,0.082,0.086,0.736,144.0,User Library,0
TRK-8393,0.566,0.14,-12.6,0.02,0.263,0.799,117.0,Curated Playlist,0
TRK-8394,0.42,0.932,-4.8,0.103,0.102,0.928,91.0,Curated Playlist,0
TRK-8395,0.813,0.841,-3.5,0.189,0.319,0.628,84.2,Curated Playlist,0
TRK-8396,0.495,0.361,-12.8,0.127,0.868,0.465,121.2,Curated Playlist,0
TRK-8397,0.349,0.168,-15.3,0.07,0.35,0.325,147.4,Algorithmic Radio,0
TRK-8398,0.644,0.25,-8.3,0.089,0.561,0.25,147.1,User Library,0
TRK-8399,0.715,0.212,-11.7,0.37,0.435,0.242,122.7,User Library,0
TRK-8400,0.284,0.208,-2.0,0.02,0.46,0.418,168.2,Curated Playlist,0
TRK-8401,0.284,0.556,-9.4,0.088,0.96,0.943,117.5,Curated Playlist,1
TRK-8402,0.179,0.316,-12.7,0.027,0.3,0.051,116.7,User Library,1
TRK-8403,0.739,0.415,-14.1,0.082,0.625,0.227,65.0,Curated Playlist,0
TRK-8404,0.681,0.971,-5.1,0.075,0.422,0.22,109.3,User Library,0
TRK-8405,0.53,0.702,-11.8,0.02,0.07,0.695,140.4,Curated Playlist,0
TRK-8406,0.825,0.935,-9.3,0.02,0.49,0.367,157.5,Algorithmic Radio,0
TRK-8407,0.795,0.225,-5.7,0.078,0.807,0.462,100.1,Curated Playlist,0
TRK-8408,0.618,0.436,-11.4,0.02,0.107,0.184,131.1,User Library,0
TRK-8409,0.845,0.588,-9.7,0.025,0.078,0.414,145.1,Curated Playlist,0
TRK-8410,0.315,0.168,-9.6,0.144,0.161,0.143,120.3,Curated Playlist,0
TRK-8411,0.24,0.104,-6.8,0.032,0.759,0.53,65.2,User Library,0
TRK-8412,0.366,0.69,-7.1,0.054,0.72,0.138,125.9,Curated Playlist,0
TRK-8413,0.196,0.665,-10.4,0.227,0.564,0.761,138.3,Algorithmic Radio,0
TRK-8414,0.575,0.461,-9.2,0.021,0.469,0.56,97.3,User Library,0
TRK-8415,0.899,0.531,-11.0,0.039,0.881,0.702,113.9,User Library,1
TRK-8416,0.181,0.466,-15.4,0.075,0.761,0.427,92.3,User Library,1
TRK-8417,0.248,0.121,-8.5,0.113,0.806,0.393,65.0,Curated Playlist,0
TRK-8418,0.512,0.395,-1.9,0.186,0.807,0.138,144.6,Algorithmic Radio,0
TRK-8419,0.897,0.256,-13.0,0.198,0.64,0.521,119.9,Curated Playlist,0
TRK-8420,0.403,0.187,-12.6,0.12,0.459,0.513,158.3,User Library,0
TRK-8421,0.556,0.942,-13.0,0.021,0.857,0.471,140.6,Curated Playlist,0
TRK-8422,0.183,0.627,-6.6,0.02,0.917,0.716,111.5,Curated Playlist,0
TRK-8423,0.269,0.741,-7.7,0.039,0.033,0.799,118.0,Curated Playlist,0
TRK-8424,0.939,0.378,-10.1,0.02,0.061,0.726,133.6,User Library,0
TRK-8425,0.922,0.446,-13.2,0.099,0.95,0.179,143.2,Curated Playlist,0
TRK-8426,0.154,0.308,-9.1,0.087,0.282,0.61,127.7,User Library,1
TRK-8427,0.911,0.185,-15.8,0.02,0.866,0.122,146.5,User Library,0
TRK-8428,0.661,0.258,-8.9,0.145,0.391,0.675,112.9,Curated Playlist,1
TRK-8429,0.844,0.802,-6.0,0.023,0.127,0.394,96.1,Algorithmic Radio,0
TRK-8430,0.514,0.696,-14.5,0.045,0.089,0.169,118.4,User Library,0
TRK-8431,0.562,0.581,-15.6,0.088,0.163,0.826,124.9,Algorithmic Radio,0
TRK-8432,0.541,0.518,-3.2,0.045,0.255,0.603,91.2,User Library,0
TRK-8433,0.683,0.912,-11.9,0.047,0.489,0.369,87.9,Curated Playlist,1
TRK-8434,0.262,0.164,-5.0,0.02,0.697,0.078,130.7,User Library,0
TRK-8435,0.174,0.347,-10.1,0.041,0.977,0.534,110.2,User Library,0
TRK-8436,0.396,0.408,-10.1,0.116,0.443,0.881,116.0,Curated Playlist,1
TRK-8437,0.714,0.789,-7.7,0.197,0.518,0.587,111.4,Curated Playlist,0
TRK-8438,0.311,0.973,-13.0,0.043,0.521,0.924,156.5,Curated Playlist,0
TRK-8439,0.689,0.312,-9.0,0.044,0.539,0.173,150.3,Curated Playlist,0
TRK-8440,0.926,0.869,-11.0,0.097,0.517,0.561,90.3,Curated Playlist,0
TRK-8441,0.225,0.831,-14.8,0.229,0.019,0.768,107.2,Algorithmic Radio,0
TRK-8442,0.688,0.298,-8.2,0.025,0.012,0.523,140.4,Curated Playlist,0
TRK-8443,0.505,0.451,-10.6,0.046,0.106,0.132,134.4,User Library,0
TRK-8444,0.845,0.461,-10.1,0.127,0.11,0.575,119.0,User Library,0
TRK-8445,0.292,0.961,-14.3,0.075,0.701,0.601,92.7,User Library,0
TRK-8446,0.704,0.259,-3.1,0.02,0.211,0.706,103.6,Curated Playlist,0
TRK-8447,0.82,0.803,-6.0,0.079,0.887,0.735,107.6,User Library,0
TRK-8448,0.906,0.394,-5.6,0.02,0.92,0.744,126.6,User Library,0
TRK-8449,0.697,0.743,-10.7,0.057,0.966,0.647,160.9,User Library,0
TRK-8450,0.548,0.47,-16.4,0.06,0.93,0.244,103.5,Curated Playlist,0
TRK-8451,0.644,0.609,-1.7,0.167,0.276,0.414,95.4,User Library,1
TRK-8452,0.845,0.833,-9.7,0.05,0.51,0.749,117.4,User Library,0
TRK-8453,0.606,0.808,-12.5,0.026,0.182,0.908,144.8,Curated Playlist,0
TRK-8454,0.174,0.862,-7.8,0.021,0.8,0.121,85.3,Curated Playlist,1
TRK-8455,0.895,0.152,-4.8,0.166,0.881,0.532,154.9,User Library,0
TRK-8456,0.702,0.709,-9.6,0.02,0.844,0.331,115.9,Curated Playlist,0
TRK-8457,0.691,0.223,-4.4,0.044,0.435,0.253,102.4,User Library,0
TRK-8458,0.323,0.466,-5.2,0.02,0.754,0.505,81.6,Algorithmic Radio,0
TRK-8459,0.677,0.583,-13.8,0.119,0.106,0.595,137.0,User Library,0
TRK-8460,0.465,0.454,-12.2,0.051,0.049,0.059,115.9,Algorithmic Radio,0
TRK-8461,0.671,0.557,-5.7,0.035,0.748,0.752,124.1,Algorithmic Radio,0
TRK-8462,0.235,0.977,-20.4,0.036,0.427,0.788,98.4,Curated Playlist,0
TRK-8463,0.676,0.219,-10.1,0.153,0.986,0.919,112.3,User Library,0
TRK-8464,0.95,0.694,-15.2,0.065,0.105,0.213,108.3,Curated Playlist,1
TRK-8465,0.189,0.448,-11.4,0.101,0.849,0.585,117.6,User Library,1
TRK-8466,0.932,0.217,-10.7,0.182,0.48,0.434,103.9,Algorithmic Radio,1
TRK-8467,0.476,0.24,-10.9,0.186,0.821,0.351,83.2,Curated Playlist,1
TRK-8468,0.847,0.935,-11.7,0.032,0.811,0.559,185.5,Algorithmic Radio,1
TRK-8469,0.776,0.874,-13.9,0.244,0.908,0.754,87.3,Curated Playlist,0
TRK-8470,0.604,0.898,-1.0,0.02,0.302,0.071,124.4,Curated Playlist,0
TRK-8471,0.741,0.973,-2.0,0.038,0.941,0.922,77.5,Curated Playlist,1
TRK-8472,0.853,0.283,-14.1,0.181,0.159,0.779,72.1,User Library,0
TRK-8473,0.473,0.413,-3.2,0.026,0.09,0.726,122.3,Curated Playlist,0
TRK-8474,0.412,0.689,-11.1,0.026,0.433,0.734,124.2,Curated Playlist,1
TRK-8475,0.684,0.526,-9.0,0.029,0.822,0.4,150.3,Algorithmic Radio,0
TRK-8476,0.796,0.468,-9.8,0.076,0.474,0.726,129.6,Curated Playlist,0
TRK-8477,0.76,0.415,-12.1,0.046,0.823,0.398,116.4,Algorithmic Radio,0
TRK-8478,0.788,0.623,-5.6,0.104,0.725,0.859,97.2,Algorithmic Radio,0
TRK-8479,0.498,0.607,-9.0,0.18,0.215,0.21,156.0,Curated Playlist,0
TRK-8480,0.804,0.242,-11.4,0.09,0.94,0.313,142.3,User Library,0
TRK-8481,0.246,0.515,-14.7,0.02,0.07,0.546,90.1,Curated Playlist,1
TRK-8482,0.586,0.587,-13.1,0.216,0.89,0.337,120.9,User Library,1
TRK-8483,0.155,0.602,-16.1,0.025,0.308,0.432,123.5,User Library,0
TRK-8484,0.41,0.285,-9.5,0.02,0.5,0.493,111.7,User Library,0
TRK-8485,0.443,0.753,-14.3,0.02,0.424,0.821,138.5,Algorithmic Radio,1
TRK-8486,0.467,0.122,-10.6,0.066,0.178,0.521,140.0,User Library,0
TRK-8487,0.706,0.412,-4.0,0.02,0.361,0.376,115.4,Curated Playlist,0
TRK-8488,0.461,0.787,-4.7,0.02,0.199,0.273,113.3,Algorithmic Radio,0
TRK-8489,0.509,0.596,-9.6,0.029,0.21,0.418,156.0,Curated Playlist,1
TRK-8490,0.34,0.33,-9.8,0.026,0.193,0.514,142.4,Curated Playlist,0
TRK-8491,0.449,0.712,-2.0,0.074,0.489,0.722,121.7,Curated Playlist,1
TRK-8492,0.332,0.599,-7.4,0.136,0.792,0.159,80.9,User Library,0
TRK-8493,0.209,0.801,-10.8,0.115,0.568,0.249,128.3,User Library,0
TRK-8494,0.633,0.747,-15.2,0.024,0.885,0.392,136.8,Algorithmic Radio,1
TRK-8495,0.685,0.637,-7.9,0.023,0.634,0.374,65.0,User Library,0
TRK-8496,0.646,0.53,-6.2,0.27,0.686,0.403,126.0,Curated Playlist,1
TRK-8497,0.521,0.217,-12.0,0.02,0.664,0.764,110.0,Curated Playlist,0
TRK-8498,0.454,0.33,-8.3,0.169,0.45,0.342,114.7,User Library,0
TRK-8499,0.841,0.469,-11.0,0.02,0.686,0.502,98.2,Algorithmic Radio,0
TRK-8500,0.565,0.627,-10.2,0.235,0.078,0.612,116.4,Curated Playlist,1
TRK-8501,0.533,0.552,-19.5,0.034,0.853,0.259,153.4,User Library,1
TRK-8502,0.171,0.354,-10.4,0.046,0.772,0.697,109.3,Algorithmic Radio,1
TRK-8503,0.423,0.106,-5.6,0.098,0.25,0.542,143.2,Curated Playlist,1
TRK-8504,0.454,0.537,-12.0,0.071,0.763,0.452,100.6,Curated Playlist,1
TRK-8505,0.469,0.351,-9.3,0.031,0.022,0.779,138.2,Curated Playlist,0
TRK-8506,0.614,0.746,-12.5,0.065,0.223,0.269,120.0,User Library,0
TRK-8507,0.577,0.121,-8.1,0.105,0.074,0.845,128.4,Curated Playlist,0
TRK-8508,0.636,0.615,-10.4,0.02,0.775,0.555,120.2,User Library,0
TRK-8509,0.762,0.928,-13.3,0.02,0.751,0.598,135.4,Curated Playlist,0
TRK-8510,0.8,0.253,-4.2,0.049,0.807,0.838,65.0,Curated Playlist,0
TRK-8511,0.724,0.515,-5.8,0.02,0.014,0.786,85.9,Algorithmic Radio,0
TRK-8512,0.914,0.18,-11.9,0.087,0.501,0.591,130.0,Curated Playlist,0
TRK-8513,0.165,0.651,-7.5,0.02,0.701,0.728,71.0,User Library,0
TRK-8514,0.307,0.584,-7.4,0.045,0.162,0.44,107.3,Algorithmic Radio,0
TRK-8515,0.156,0.458,-6.9,0.02,0.647,0.543,118.7,Curated Playlist,0
TRK-8516,0.668,0.559,-16.3,0.064,0.092,0.106,100.1,Curated Playlist,0
TRK-8517,0.868,0.889,-5.5,0.02,0.188,0.131,103.4,User Library,0
TRK-8518,0.345,0.273,-11.8,0.02,0.476,0.796,126.5,Algorithmic Radio,1
TRK-8519,0.892,0.12,-10.9,0.02,0.65,0.104,144.2,Algorithmic Radio,1
TRK-8520,0.198,0.858,-1.0,0.247,0.153,0.202,97.0,Curated Playlist,0
TRK-8521,0.898,0.608,-8.3,0.02,0.192,0.766,106.2,Algorithmic Radio,0
TRK-8522,0.431,0.884,-11.0,0.099,0.21,0.051,102.4,User Library,0
TRK-8523,0.231,0.625,-18.3,0.02,0.244,0.304,65.0,Algorithmic Radio,1
TRK-8524,0.539,0.813,-3.9,0.02,0.232,0.576,123.4,Curated Playlist,0
TRK-8525,0.355,0.478,-14.9,0.057,0.397,0.586,142.4,User Library,0
TRK-8526,0.378,0.76,-13.5,0.05,0.651,0.749,144.4,Curated Playlist,0
TRK-8527,0.396,0.903,-10.8,0.242,0.439,0.505,99.1,Curated Playlist,1
TRK-8528,0.792,0.603,-3.8,0.232,0.77,0.508,90.0,User Library,0
TRK-8529,0.581,0.259,-6.4,0.121,0.715,0.703,120.5,User Library,1
TRK-8530,0.399,0.337,-10.1,0.074,0.134,0.499,139.9,User Library,1
TRK-8531,0.638,0.275,-8.3,0.049,0.058,0.598,123.7,User Library,0
TRK-8532,0.723,0.317,-11.9,0.035,0.87,0.858,126.9,User Library,0
TRK-8533,0.368,0.37,-8.9,0.235,0.088,0.411,147.4,User Library,0
TRK-8534,0.481,0.589,-9.2,0.074,0.155,0.397,102.3,User Library,0
TRK-8535,0.248,0.617,-5.6,0.069,0.032,0.053,114.7,Algorithmic Radio,0
TRK-8536,0.295,0.475,-5.6,0.021,0.626,0.602,159.2,Curated Playlist,1
TRK-8537,0.695,0.642,-7.5,0.02,0.581,0.077,115.3,User Library,0
TRK-8538,0.295,0.172,-10.9,0.232,0.977,0.504,89.6,Algorithmic Radio,1
TRK-8539,0.57,0.177,-6.5,0.03,0.879,0.774,103.9,Curated Playlist,1
TRK-8540,0.717,0.251,-9.9,0.047,0.413,0.545,97.5,Curated Playlist,0
TRK-8541,0.236,0.556,-13.8,0.02,0.374,0.293,128.6,Curated Playlist,0
TRK-8542,0.604,0.288,-11.1,0.145,0.301,0.758,98.5,User Library,0
TRK-8543,0.355,0.349,-9.2,0.02,0.159,0.293,126.5,User Library,0
TRK-8544,0.92,0.452,-5.9,0.144,0.145,0.71,102.3,User Library,0
TRK-8545,0.537,0.814,-10.2,0.02,0.14,0.599,69.0,Curated Playlist,0
TRK-8546,0.795,0.112,-14.3,0.174,0.122,0.203,127.4,Curated Playlist,0
TRK-8547,0.59,0.671,-9.3,0.105,0.246,0.865,123.6,Curated Playlist,0
TRK-8548,0.185,0.689,-9.0,0.02,0.311,0.231,132.4,User Library,0
TRK-8549,0.657,0.803,-8.8,0.067,0.952,0.941,103.8,Curated Playlist,0
TRK-8550,0.911,0.921,-5.8,0.03,0.577,0.057,101.3,Curated Playlist,0
TRK-8551,0.631,0.118,-5.4,0.02,0.978,0.287,129.6,Algorithmic Radio,0
TRK-8552,0.805,0.235,-11.9,0.157,0.375,0.23,156.5,User Library,0
TRK-8553,0.857,0.88,-12.0,0.041,0.458,0.063,120.3,Algorithmic Radio,0
TRK-8554,0.332,0.503,-13.7,0.041,0.328,0.709,130.2,Algorithmic Radio,1
TRK-8555,0.32,0.597,-6.7,0.02,0.189,0.674,112.3,Curated Playlist,0
TRK-8556,0.639,0.683,-3.7,0.039,0.15,0.763,83.0,Curated Playlist,0
TRK-8557,0.479,0.698,-10.8,0.164,0.936,0.281,143.2,User Library,0
TRK-8558,0.822,0.92,-10.5,0.036,0.977,0.45,141.8,Algorithmic Radio,0
TRK-8559,0.87,0.977,-3.6,0.242,0.054,0.643,137.1,User Library,0
TRK-8560,0.433,0.734,-7.5,0.234,0.157,0.446,115.6,Curated Playlist,0
TRK-8561,0.339,0.353,-7.8,0.02,0.425,0.678,134.3,User Library,0
TRK-8562,0.774,0.874,-14.3,0.02,0.193,0.621,141.5,User Library,0
TRK-8563,0.37,0.143,-6.8,0.159,0.367,0.153,158.9,Curated Playlist,0
TRK-8564,0.808,0.303,-13.2,0.04,0.137,0.753,143.7,Algorithmic Radio,1
TRK-8565,0.489,0.89,-14.0,0.02,0.457,0.699,121.5,Curated Playlist,1
TRK-8566,0.684,0.325,-10.9,0.026,0.276,0.64,88.6,Algorithmic Radio,0
TRK-8567,0.226,0.294,-11.8,0.073,0.355,0.19,123.7,Curated Playlist,0
TRK-8568,0.649,0.222,-10.4,0.128,0.102,0.291,126.2,User Library,0
TRK-8569,0.511,0.856,-15.3,0.02,0.43,0.404,137.0,User Library,0
TRK-8570,0.619,0.54,-5.7,0.02,0.974,0.302,152.5,Curated Playlist,0
TRK-8571,0.284,0.694,-5.0,0.204,0.332,0.255,117.7,User Library,1
TRK-8572,0.739,0.31,-17.3,0.111,0.869,0.775,170.4,Curated Playlist,1
TRK-8573,0.84,0.767,-5.6,0.071,0.836,0.624,77.8,User Library,0
TRK-8574,0.323,0.769,-12.7,0.117,0.943,0.559,130.1,User Library,1
TRK-8575,0.227,0.375,-6.1,0.045,0.784,0.253,100.8,Curated Playlist,0
TRK-8576,0.169,0.461,-9.8,0.114,0.656,0.876,74.2,Curated Playlist,1
TRK-8577,0.664,0.285,-9.4,0.037,0.849,0.222,115.2,User Library,0
TRK-8578,0.636,0.959,-10.2,0.022,0.084,0.765,85.0,User Library,0
TRK-8579,0.587,0.668,-4.7,0.104,0.464,0.92,116.1,User Library,0
TRK-8580,0.336,0.922,-14.5,0.044,0.979,0.704,120.8,User Library,0
TRK-8581,0.463,0.367,-7.1,0.319,0.764,0.944,146.8,Curated Playlist,0
TRK-8582,0.626,0.788,-5.1,0.034,0.953,0.636,83.8,Curated Playlist,0
TRK-8583,0.547,0.774,-6.6,0.204,0.774,0.246,141.8,User Library,0
TRK-8584,0.94,0.709,-1.0,0.216,0.867,0.233,122.4,User Library,1
TRK-8585,0.259,0.95,-11.6,0.022,0.702,0.342,144.7,User Library,0
TRK-8586,0.706,0.446,-5.7,0.128,0.755,0.056,109.6,User Library,0
TRK-8587,0.473,0.215,-9.9,0.045,0.523,0.664,88.0,Curated Playlist,0
TRK-8588,0.493,0.691,-4.6,0.2,0.916,0.292,90.8,User Library,0
TRK-8589,0.724,0.742,-9.5,0.048,0.819,0.784,89.0,User Library,0
TRK-8590,0.704,0.606,-11.1,0.109,0.837,0.373,131.5,Curated Playlist,1
TRK-8591,0.943,0.282,-4.3,0.05,0.67,0.482,155.4,User Library,0
TRK-8592,0.253,0.544,-11.5,0.021,0.308,0.919,106.4,Curated Playlist,0
TRK-8593,0.233,0.375,-15.2,0.02,0.045,0.268,135.1,Curated Playlist,1
TRK-8594,0.729,0.476,-11.6,0.044,0.927,0.699,83.4,User Library,0
TRK-8595,0.613,0.668,-7.0,0.113,0.584,0.73,124.3,Curated Playlist,0
TRK-8596,0.369,0.756,-3.9,0.074,0.302,0.249,136.0,Curated Playlist,0
TRK-8597,0.214,0.304,-9.1,0.093,0.156,0.501,85.2,Curated Playlist,1
TRK-8598,0.219,0.457,-4.2,0.027,0.823,0.365,115.1,Curated Playlist,0
TRK-8599,0.865,0.337,-14.9,0.053,0.83,0.745,137.2,Algorithmic Radio,0
TRK-8600,0.303,0.275,-11.3,0.02,0.808,0.61,65.0,Algorithmic Radio,1
TRK-8601,0.409,0.789,-10.7,0.136,0.642,0.478,152.1,Curated Playlist,0
TRK-8602,0.331,0.9,-10.0,0.368,0.369,0.751,128.5,Algorithmic Radio,1
TRK-8603,0.434,0.426,-9.2,0.042,0.308,0.262,137.2,User Library,0
TRK-8604,0.206,0.761,-6.7,0.02,0.018,0.728,110.1,Curated Playlist,0
TRK-8605,0.565,0.889,-11.3,0.02,0.827,0.829,78.7,User Library,1
TRK-8606,0.204,0.845,-8.9,0.085,0.096,0.841,132.8,User Library,0
TRK-8607,0.79,0.261,-9.7,0.076,0.628,0.755,118.0,Curated Playlist,0
TRK-8608,0.337,0.942,-13.2,0.124,0.504,0.417,120.8,Curated Playlist,0
TRK-8609,0.582,0.431,-10.0,0.023,0.526,0.934,146.1,User Library,0
TRK-8610,0.854,0.399,-10.1,0.115,0.918,0.392,138.3,Curated Playlist,0
TRK-8611,0.671,0.155,-10.2,0.093,0.041,0.625,166.1,Curated Playlist,1
TRK-8612,0.576,0.528,-9.4,0.031,0.768,0.195,123.7,User Library,0
TRK-8613,0.409,0.196,-9.2,0.063,0.061,0.932,103.4,User Library,0
TRK-8614,0.416,0.319,-11.2,0.02,0.047,0.684,115.5,User Library,0
TRK-8615,0.686,0.379,-4.4,0.048,0.431,0.728,130.0,User Library,0
TRK-8616,0.945,0.812,-14.2,0.17,0.072,0.109,144.4,Curated Playlist,0
TRK-8617,0.679,0.87,-12.4,0.044,0.783,0.737,84.8,User Library,1
TRK-8618,0.596,0.366,-1.0,0.146,0.529,0.747,120.2,User Library,0
TRK-8619,0.735,0.856,-13.7,0.071,0.038,0.655,158.6,Curated Playlist,0
TRK-8620,0.522,0.854,-14.9,0.02,0.05,0.313,114.2,Curated Playlist,0
TRK-8621,0.198,0.773,-6.6,0.07,0.61,0.491,142.3,User Library,0
TRK-8622,0.6,0.229,-17.8,0.056,0.8,0.149,131.8,User Library,0
TRK-8623,0.916,0.707,-10.4,0.041,0.439,0.474,142.9,User Library,0
TRK-8624,0.29,0.932,-1.0,0.02,0.553,0.269,100.6,Curated Playlist,0
TRK-8625,0.702,0.701,-15.7,0.043,0.794,0.364,100.7,Algorithmic Radio,1
TRK-8626,0.311,0.392,-17.4,0.02,0.608,0.196,120.5,Curated Playlist,0
TRK-8627,0.579,0.541,-15.5,0.02,0.23,0.257,83.2,User Library,0
TRK-8628,0.227,0.668,-5.9,0.043,0.611,0.119,113.5,Curated Playlist,1
TRK-8629,0.51,0.549,-5.0,0.029,0.626,0.878,126.1,User Library,0
TRK-8630,0.755,0.206,-11.6,0.208,0.729,0.527,162.8,User Library,0
TRK-8631,0.428,0.375,-6.8,0.038,0.618,0.407,129.7,User Library,0
TRK-8632,0.682,0.806,-3.9,0.113,0.96,0.532,135.0,Curated Playlist,1
TRK-8633,0.786,0.858,-2.4,0.06,0.203,0.615,147.9,Curated Playlist,0
TRK-8634,0.892,0.221,-10.5,0.097,0.942,0.88,96.8,Curated Playlist,0
TRK-8635,0.338,0.938,-18.7,0.024,0.538,0.211,116.0,Curated Playlist,0
TRK-8636,0.469,0.389,-12.8,0.228,0.669,0.316,178.2,User Library,0
TRK-8637,0.272,0.683,-11.2,0.06,0.107,0.928,118.1,User Library,0
TRK-8638,0.944,0.762,-10.5,0.142,0.383,0.384,146.8,Curated Playlist,0
TRK-8639,0.892,0.815,-10.3,0.036,0.764,0.07,143.1,Curated Playlist,0
TRK-8640,0.582,0.932,-5.0,0.02,0.703,0.183,84.5,Curated Playlist,0
TRK-8641,0.824,0.375,-4.4,0.09,0.049,0.074,127.5,User Library,0
TRK-8642,0.567,0.855,-10.2,0.02,0.546,0.941,123.5,Curated Playlist,0
TRK-8643,0.649,0.216,-5.1,0.052,0.097,0.301,127.9,User Library,0
TRK-8644,0.221,0.72,-8.1,0.02,0.986,0.881,101.9,Curated Playlist,0
TRK-8645,0.754,0.753,-9.2,0.079,0.889,0.946,93.2,Curated Playlist,1
TRK-8646,0.252,0.696,-5.9,0.311,0.031,0.59,108.6,Algorithmic Radio,1
TRK-8647,0.811,0.322,-9.2,0.05,0.851,0.08,117.7,User Library,0
TRK-8648,0.776,0.868,-1.3,0.136,0.911,0.123,148.4,Curated Playlist,0
TRK-8649,0.717,0.249,-15.3,0.057,0.356,0.483,163.6,Curated Playlist,0
TRK-8650,0.179,0.147,-11.6,0.055,0.715,0.416,153.5,User Library,1
TRK-8651,0.393,0.731,-10.0,0.213,0.443,0.596,140.6,User Library,0
TRK-8652,0.36,0.518,-7.7,0.177,0.652,0.445,95.9,Curated Playlist,0
TRK-8653,0.438,0.847,-4.4,0.123,0.344,0.891,110.2,User Library,0
TRK-8654,0.22,0.437,-9.6,0.028,0.326,0.531,125.0,User Library,0
TRK-8655,0.9,0.248,-15.2,0.063,0.426,0.674,104.8,Algorithmic Radio,0
TRK-8656,0.593,0.836,-6.1,0.02,0.153,0.857,133.9,Curated Playlist,0
TRK-8657,0.394,0.583,-6.5,0.047,0.825,0.182,137.3,User Library,0
TRK-8658,0.468,0.266,-17.3,0.053,0.352,0.257,132.9,Curated Playlist,1
TRK-8659,0.508,0.734,-9.5,0.143,0.402,0.147,144.6,Curated Playlist,0
TRK-8660,0.63,0.55,-15.9,0.181,0.886,0.176,98.3,Algorithmic Radio,0
TRK-8661,0.563,0.632,-12.2,0.043,0.497,0.511,142.4,Curated Playlist,1
TRK-8662,0.886,0.506,-13.1,0.02,0.543,0.339,103.3,Algorithmic Radio,0
TRK-8663,0.548,0.829,-6.3,0.158,0.947,0.431,97.4,User Library,1
TRK-8664,0.944,0.83,-9.0,0.02,0.879,0.934,132.8,Curated Playlist,0
TRK-8665,0.831,0.724,-14.6,0.078,0.176,0.191,149.2,User Library,0
TRK-8666,0.317,0.193,-6.0,0.02,0.474,0.537,131.7,User Library,0
TRK-8667,0.894,0.838,-15.2,0.041,0.962,0.139,120.5,Curated Playlist,1
TRK-8668,0.243,0.69,-8.2,0.341,0.375,0.337,127.4,User Library,0
TRK-8669,0.804,0.713,-12.8,0.02,0.374,0.525,123.3,Curated Playlist,1
TRK-8670,0.454,0.419,-11.0,0.044,0.201,0.902,93.0,Algorithmic Radio,0
TRK-8671,0.852,0.874,-7.5,0.029,0.122,0.402,90.2,User Library,0
TRK-8672,0.844,0.738,-7.4,0.188,0.735,0.108,118.1,User Library,0
TRK-8673,0.795,0.199,-4.2,0.163,0.765,0.399,121.9,Curated Playlist,1
TRK-8674,0.782,0.459,-9.8,0.022,0.96,0.181,120.3,Algorithmic Radio,1
TRK-8675,0.394,0.88,-8.3,0.02,0.768,0.257,136.2,Curated Playlist,1
TRK-8676,0.215,0.142,-11.3,0.079,0.248,0.606,114.8,Curated Playlist,0
TRK-8677,0.472,0.946,-8.8,0.033,0.049,0.111,133.5,User Library,0
TRK-8678,0.289,0.698,-7.7,0.089,0.976,0.468,116.5,User Library,1
TRK-8679,0.706,0.656,-9.9,0.02,0.344,0.599,163.8,Curated Playlist,0
TRK-8680,0.427,0.338,-16.7,0.02,0.316,0.43,121.9,User Library,0
TRK-8681,0.93,0.319,-8.2,0.093,0.898,0.067,176.2,Algorithmic Radio,1
TRK-8682,0.663,0.929,-8.0,0.02,0.583,0.937,128.4,Curated Playlist,0
TRK-8683,0.808,0.362,-12.2,0.156,0.221,0.38,114.9,Curated Playlist,0
TRK-8684,0.256,0.782,-14.6,0.02,0.881,0.751,98.4,Curated Playlist,1
TRK-8685,0.84,0.446,-3.6,0.02,0.983,0.343,85.4,Curated Playlist,0
TRK-8686,0.888,0.223,-7.5,0.523,0.095,0.478,96.2,Curated Playlist,0
TRK-8687,0.54,0.109,-10.4,0.045,0.855,0.4,98.9,Algorithmic Radio,0
TRK-8688,0.635,0.579,-14.0,0.097,0.393,0.358,129.5,Algorithmic Radio,1
TRK-8689,0.762,0.959,-12.8,0.02,0.524,0.07,107.4,Algorithmic Radio,0
TRK-8690,0.29,0.425,-4.3,0.075,0.907,0.374,124.5,Algorithmic Radio,1
TRK-8691,0.552,0.414,-8.9,0.104,0.964,0.851,150.8,Curated Playlist,1
TRK-8692,0.469,0.403,-11.7,0.03,0.267,0.671,117.9,Curated Playlist,1
TRK-8693,0.267,0.558,-7.5,0.141,0.219,0.181,169.9,User Library,1
TRK-8694,0.444,0.488,-12.8,0.074,0.089,0.582,91.8,User Library,0
TRK-8695,0.205,0.874,-3.5,0.039,0.561,0.853,116.4,User Library,0
TRK-8696,0.171,0.545,-4.1,0.065,0.023,0.68,107.1,User Library,0
TRK-8697,0.258,0.547,-11.4,0.069,0.414,0.184,142.5,User Library,0
TRK-8698,0.92,0.222,-12.0,0.02,0.082,0.831,66.2,User Library,0
TRK-8699,0.59,0.965,-20.0,0.041,0.407,0.321,85.4,Algorithmic Radio,0
TRK-8700,0.923,0.32,-15.4,0.034,0.049,0.459,117.4,Algorithmic Radio,1
TRK-8701,0.496,0.165,-14.9,0.041,0.829,0.524,157.2,User Library,0
TRK-8702,0.399,0.684,-9.0,0.115,0.216,0.815,125.4,User Library,0
TRK-8703,0.555,0.624,-10.8,0.053,0.332,0.888,87.6,Algorithmic Radio,0
TRK-8704,0.502,0.465,-14.9,0.225,0.863,0.887,91.3,Algorithmic Radio,0
TRK-8705,0.235,0.472,-10.6,0.028,0.741,0.057,160.2,Algorithmic Radio,0
TRK-8706,0.663,0.791,-7.5,0.043,0.225,0.88,105.1,Algorithmic Radio,0
TRK-8707,0.323,0.272,-7.4,0.124,0.08,0.099,97.4,Algorithmic Radio,1
TRK-8708,0.646,0.822,-17.1,0.063,0.711,0.289,155.5,User Library,0
TRK-8709,0.67,0.671,-10.0,0.063,0.393,0.513,144.3,User Library,1
TRK-8710,0.272,0.469,-15.0,0.02,0.761,0.482,150.6,Curated Playlist,0
TRK-8711,0.199,0.503,-5.9,0.041,0.446,0.594,97.2,User Library,0
TRK-8712,0.775,0.326,-6.4,0.025,0.349,0.482,83.4,Algorithmic Radio,0
TRK-8713,0.518,0.762,-13.1,0.585,0.452,0.891,123.2,Curated Playlist,0
TRK-8714,0.197,0.551,-12.6,0.029,0.744,0.266,128.0,Curated Playlist,0
TRK-8715,0.946,0.382,-11.3,0.173,0.894,0.297,128.8,User Library,0
TRK-8716,0.196,0.625,-18.5,0.09,0.059,0.879,155.5,Curated Playlist,0
TRK-8717,0.706,0.976,-8.2,0.033,0.524,0.119,78.4,Curated Playlist,0
TRK-8718,0.937,0.483,-10.6,0.063,0.042,0.599,140.6,Algorithmic Radio,0
TRK-8719,0.341,0.91,-5.6,0.147,0.469,0.664,93.7,User Library,0
TRK-8720,0.264,0.404,-13.9,0.172,0.878,0.505,140.5,Algorithmic Radio,0
TRK-8721,0.247,0.148,-12.0,0.02,0.364,0.675,108.6,Algorithmic Radio,0
TRK-8722,0.393,0.28,-15.5,0.033,0.924,0.205,100.5,Curated Playlist,0
TRK-8723,0.231,0.468,-13.5,0.033,0.628,0.817,105.4,Curated Playlist,0
TRK-8724,0.704,0.293,-14.2,0.02,0.925,0.176,85.3,Curated Playlist,1
TRK-8725,0.2,0.1,-5.5,0.073,0.752,0.411,121.0,User Library,1
TRK-8726,0.558,0.905,-12.3,0.154,0.111,0.118,101.5,User Library,0
TRK-8727,0.947,0.843,-9.0,0.038,0.237,0.541,138.9,Algorithmic Radio,0
TRK-8728,0.801,0.753,-11.0,0.108,0.396,0.653,135.4,Curated Playlist,0
TRK-8729,0.642,0.248,-14.6,0.079,0.177,0.897,160.5,User Library,0
TRK-8730,0.395,0.206,-10.2,0.038,0.495,0.715,128.8,Curated Playlist,0
TRK-8731,0.649,0.159,-7.1,0.02,0.472,0.537,132.5,User Library,0
TRK-8732,0.572,0.737,-14.3,0.099,0.947,0.889,153.6,User Library,1
TRK-8733,0.491,0.917,-6.3,0.154,0.435,0.481,104.9,Curated Playlist,0
TRK-8734,0.255,0.479,-12.9,0.093,0.78,0.555,84.3,User Library,0
TRK-8735,0.859,0.205,-11.4,0.02,0.933,0.586,124.8,User Library,0
TRK-8736,0.51,0.551,-7.4,0.02,0.869,0.419,85.9,Curated Playlist,0
TRK-8737,0.306,0.407,-12.2,0.02,0.214,0.805,178.9,Curated Playlist,0
TRK-8738,0.444,0.43,-9.3,0.068,0.496,0.217,154.9,User Library,0
TRK-8739,0.481,0.647,-10.8,0.113,0.351,0.549,171.9,User Library,0
TRK-8740,0.812,0.732,-9.0,0.02,0.402,0.7,121.5,User Library,0
TRK-8741,0.737,0.197,-19.0,0.146,0.364,0.864,133.2,User Library,0
TRK-8742,0.765,0.131,-16.8,0.065,0.82,0.846,109.0,User Library,0
TRK-8743,0.159,0.975,-7.0,0.094,0.453,0.508,141.2,User Library,1
TRK-8744,0.483,0.305,-5.4,0.284,0.523,0.629,90.8,User Library,0
TRK-8745,0.535,0.147,-13.1,0.02,0.973,0.405,65.0,Algorithmic Radio,1
TRK-8746,0.165,0.267,-10.5,0.185,0.069,0.471,101.0,User Library,0
TRK-8747,0.358,0.134,-8.3,0.02,0.488,0.866,85.1,User Library,0
TRK-8748,0.758,0.445,-6.7,0.04,0.769,0.888,155.5,User Library,0
TRK-8749,0.26,0.806,-17.6,0.153,0.158,0.856,163.6,User Library,0
TRK-8750,0.578,0.4,-13.0,0.189,0.609,0.175,86.3,Curated Playlist,1
TRK-8751,0.322,0.491,-10.8,0.056,0.245,0.815,151.0,User Library,0
TRK-8752,0.16,0.695,-6.7,0.072,0.86,0.904,142.8,User Library,0
TRK-8753,0.343,0.548,-1.0,0.099,0.331,0.375,82.3,User Library,1
TRK-8754,0.931,0.858,-10.4,0.143,0.332,0.517,110.6,Curated Playlist,0
TRK-8755,0.791,0.862,-15.1,0.02,0.596,0.751,106.1,User Library,0
TRK-8756,0.918,0.109,-7.9,0.133,0.19,0.556,138.0,Curated Playlist,1
TRK-8757,0.54,0.785,-4.2,0.053,0.289,0.944,90.5,User Library,0
TRK-8758,0.238,0.505,-9.1,0.048,0.418,0.46,117.6,User Library,0
TRK-8759,0.588,0.97,-13.1,0.044,0.357,0.693,103.5,Curated Playlist,0
TRK-8760,0.514,0.525,-5.7,0.057,0.524,0.763,131.4,Curated Playlist,1
TRK-8761,0.825,0.968,-6.8,0.232,0.598,0.495,114.8,Curated Playlist,0
TRK-8762,0.228,0.764,-13.6,0.064,0.565,0.821,107.2,User Library,0
TRK-8763,0.541,0.319,-8.0,0.245,0.651,0.542,114.9,Curated Playlist,0
TRK-8764,0.27,0.574,-5.5,0.02,0.312,0.42,168.9,User Library,0
TRK-8765,0.41,0.973,-4.8,0.103,0.134,0.147,110.0,Curated Playlist,1
TRK-8766,0.74,0.855,-9.8,0.134,0.756,0.404,95.0,Curated Playlist,1
TRK-8767,0.531,0.186,-10.9,0.091,0.844,0.711,134.0,User Library,1
TRK-8768,0.451,0.722,-4.6,0.075,0.262,0.879,116.6,Curated Playlist,0
TRK-8769,0.466,0.404,-14.3,0.067,0.409,0.277,86.0,Curated Playlist,1
TRK-8770,0.518,0.106,-7.7,0.158,0.499,0.37,173.6,User Library,0
TRK-8771,0.778,0.455,-15.0,0.138,0.533,0.189,111.5,Algorithmic Radio,1
TRK-8772,0.864,0.307,-5.2,0.02,0.656,0.672,110.9,Algorithmic Radio,0
TRK-8773,0.914,0.821,-10.5,0.151,0.051,0.914,123.8,User Library,1
TRK-8774,0.78,0.397,-4.4,0.043,0.717,0.627,161.5,Algorithmic Radio,0
TRK-8775,0.402,0.828,-7.5,0.023,0.071,0.605,79.7,User Library,0
TRK-8776,0.701,0.101,-14.4,0.163,0.469,0.548,126.6,Curated Playlist,0
TRK-8777,0.5,0.371,-3.8,0.045,0.821,0.13,170.1,Algorithmic Radio,1
TRK-8778,0.354,0.312,-3.3,0.132,0.452,0.707,123.1,Curated Playlist,1
TRK-8779,0.823,0.306,-6.0,0.024,0.156,0.592,90.4,User Library,0
TRK-8780,0.181,0.16,-12.5,0.02,0.975,0.645,105.2,Algorithmic Radio,1
TRK-8781,0.871,0.265,-10.7,0.055,0.881,0.859,125.0,User Library,0
TRK-8782,0.519,0.589,-8.9,0.02,0.766,0.756,151.9,User Library,0
TRK-8783,0.66,0.356,-12.3,0.112,0.413,0.753,111.9,User Library,0
TRK-8784,0.677,0.467,-2.7,0.026,0.19,0.884,139.8,Algorithmic Radio,0
TRK-8785,0.866,0.432,-8.9,0.047,0.933,0.941,85.6,Algorithmic Radio,1
TRK-8786,0.659,0.871,-20.3,0.02,0.532,0.573,85.4,User Library,0
TRK-8787,0.641,0.897,-8.1,0.027,0.845,0.148,108.4,Algorithmic Radio,1
TRK-8788,0.203,0.534,-10.9,0.122,0.345,0.463,154.5,User Library,0
TRK-8789,0.565,0.391,-9.8,0.02,0.339,0.759,121.7,Algorithmic Radio,0
TRK-8790,0.27,0.194,-11.0,0.083,0.976,0.075,127.0,Curated Playlist,1
TRK-8791,0.74,0.939,-6.3,0.2,0.521,0.101,126.7,User Library,0
TRK-8792,0.56,0.153,-5.0,0.091,0.148,0.11,146.6,User Library,0
TRK-8793,0.694,0.362,-8.4,0.133,0.225,0.708,105.4,User Library,0
TRK-8794,0.183,0.362,-10.9,0.02,0.482,0.501,136.5,User Library,0
TRK-8795,0.218,0.382,-9.7,0.023,0.052,0.382,100.1,Curated Playlist,0
TRK-8796,0.723,0.245,-9.4,0.18,0.463,0.145,167.6,User Library,0
TRK-8797,0.208,0.789,-12.7,0.1,0.421,0.709,100.8,Algorithmic Radio,0
TRK-8798,0.207,0.208,-7.2,0.082,0.774,0.339,98.8,Curated Playlist,1
TRK-8799,0.16,0.659,-7.7,0.087,0.358,0.289,133.2,Curated Playlist,0
TRK-8800,0.915,0.209,-3.3,0.043,0.973,0.637,121.9,User Library,0
TRK-8801,0.74,0.162,-4.5,0.02,0.187,0.553,127.8,Algorithmic Radio,0
TRK-8802,0.433,0.9,-12.2,0.123,0.589,0.376,125.5,Curated Playlist,0
TRK-8803,0.387,0.267,-6.2,0.091,0.098,0.627,93.8,Algorithmic Radio,0
TRK-8804,0.43,0.823,-13.3,0.051,0.729,0.294,158.7,Algorithmic Radio,1
TRK-8805,0.77,0.579,-6.7,0.184,0.985,0.765,141.4,User Library,0
TRK-8806,0.679,0.169,-11.6,0.033,0.813,0.256,152.6,User Library,0
TRK-8807,0.298,0.941,-13.6,0.028,0.555,0.193,107.3,Algorithmic Radio,1
TRK-8808,0.289,0.317,-8.4,0.165,0.485,0.754,130.0,Algorithmic Radio,1
TRK-8809,0.229,0.856,-20.2,0.128,0.828,0.687,124.7,Curated Playlist,0
TRK-8810,0.678,0.249,-16.5,0.058,0.927,0.214,147.1,User Library,0
TRK-8811,0.761,0.851,-10.2,0.02,0.979,0.155,147.8,Curated Playlist,0
TRK-8812,0.362,0.112,-9.2,0.02,0.399,0.805,124.6,User Library,1
TRK-8813,0.167,0.55,-11.0,0.085,0.981,0.749,83.6,User Library,1
TRK-8814,0.216,0.777,-15.8,0.039,0.163,0.345,162.7,Curated Playlist,1
TRK-8815,0.924,0.923,-12.8,0.145,0.258,0.642,133.3,User Library,0
TRK-8816,0.386,0.9,-7.9,0.24,0.097,0.162,105.4,Curated Playlist,0
TRK-8817,0.765,0.821,-7.2,0.131,0.276,0.506,129.8,Algorithmic Radio,1
TRK-8818,0.65,0.882,-9.6,0.038,0.763,0.067,83.7,Algorithmic Radio,1
TRK-8819,0.456,0.275,-4.9,0.124,0.846,0.402,145.3,Algorithmic Radio,0
TRK-8820,0.315,0.35,-7.9,0.035,0.773,0.117,84.7,Algorithmic Radio,1
TRK-8821,0.247,0.354,-12.5,0.02,0.628,0.478,114.7,User Library,0
TRK-8822,0.642,0.432,-10.6,0.02,0.514,0.43,125.9,Algorithmic Radio,1
TRK-8823,0.77,0.446,-15.1,0.039,0.705,0.45,144.9,Algorithmic Radio,0
TRK-8824,0.665,0.579,-9.9,0.187,0.393,0.091,122.6,Algorithmic Radio,1
TRK-8825,0.574,0.241,-5.1,0.022,0.834,0.375,135.2,Curated Playlist,0
TRK-8826,0.184,0.708,-6.8,0.02,0.674,0.731,119.3,User Library,0
TRK-8827,0.925,0.247,-3.9,0.28,0.694,0.382,119.2,User Library,0
TRK-8828,0.789,0.373,-10.7,0.02,0.535,0.694,122.1,User Library,0
TRK-8829,0.384,0.543,-4.1,0.123,0.878,0.383,115.5,Algorithmic Radio,0
TRK-8830,0.934,0.801,-10.3,0.031,0.257,0.431,79.5,Curated Playlist,0
TRK-8831,0.632,0.751,-3.6,0.02,0.384,0.558,101.6,Algorithmic Radio,1
TRK-8832,0.616,0.668,-9.6,0.2,0.772,0.906,125.9,Curated Playlist,0
TRK-8833,0.748,0.237,-6.7,0.02,0.493,0.148,114.0,Curated Playlist,0
TRK-8834,0.799,0.581,-3.6,0.064,0.881,0.08,116.3,User Library,0
TRK-8835,0.675,0.177,-10.3,0.026,0.349,0.597,112.2,User Library,0
TRK-8836,0.252,0.432,-8.6,0.02,0.372,0.904,99.3,User Library,1
TRK-8837,0.421,0.464,-4.3,0.02,0.881,0.941,108.2,Curated Playlist,1
TRK-8838,0.892,0.135,-10.0,0.02,0.465,0.486,112.6,User Library,0
TRK-8839,0.33,0.341,-14.8,0.02,0.516,0.471,120.1,Curated Playlist,1
TRK-8840,0.448,0.941,-1.0,0.114,0.336,0.63,129.4,User Library,0
TRK-8841,0.496,0.939,-11.4,0.053,0.281,0.55,115.7,Algorithmic Radio,1
TRK-8842,0.502,0.41,-8.9,0.034,0.653,0.621,95.3,User Library,0
TRK-8843,0.64,0.138,-4.9,0.043,0.127,0.837,86.4,Curated Playlist,0
TRK-8844,0.904,0.258,-11.9,0.212,0.872,0.722,182.3,User Library,0
TRK-8845,0.343,0.445,-13.5,0.193,0.774,0.497,92.9,Curated Playlist,1
TRK-8846,0.247,0.934,-8.5,0.101,0.197,0.466,107.6,User Library,0
TRK-8847,0.308,0.224,-16.7,0.173,0.69,0.626,132.4,Curated Playlist,1
TRK-8848,0.86,0.772,-10.7,0.031,0.601,0.46,128.7,Algorithmic Radio,0
TRK-8849,0.667,0.196,-8.5,0.038,0.191,0.462,132.5,User Library,0
TRK-8850,0.379,0.964,-10.6,0.076,0.278,0.065,109.4,User Library,0
TRK-8851,0.803,0.436,-15.7,0.078,0.411,0.207,125.7,Curated Playlist,1
TRK-8852,0.839,0.782,-3.1,0.053,0.695,0.49,121.5,Curated Playlist,0
TRK-8853,0.827,0.401,-9.1,0.041,0.636,0.79,112.5,User Library,0
TRK-8854,0.885,0.652,-3.8,0.343,0.532,0.301,125.9,Curated Playlist,1
TRK-8855,0.352,0.269,-10.5,0.138,0.763,0.52,145.3,User Library,0
TRK-8856,0.754,0.228,-13.0,0.046,0.753,0.36,119.5,User Library,0
TRK-8857,0.518,0.925,-8.4,0.104,0.616,0.144,119.6,User Library,0
TRK-8858,0.824,0.908,-10.4,0.025,0.781,0.912,145.6,Algorithmic Radio,0
TRK-8859,0.733,0.881,-14.2,0.02,0.338,0.819,143.1,Curated Playlist,1
TRK-8860,0.771,0.65,-3.6,0.035,0.874,0.121,158.0,Curated Playlist,1
TRK-8861,0.675,0.811,-12.0,0.041,0.613,0.698,77.9,Algorithmic Radio,0
TRK-8862,0.292,0.161,-16.9,0.02,0.816,0.363,141.7,User Library,1
TRK-8863,0.586,0.395,-4.2,0.135,0.545,0.945,134.4,Curated Playlist,0
TRK-8864,0.938,0.376,-11.5,0.036,0.224,0.322,98.7,Algorithmic Radio,1
TRK-8865,0.9,0.659,-11.9,0.069,0.542,0.265,126.0,User Library,0
TRK-8866,0.185,0.413,-16.6,0.02,0.374,0.561,145.2,User Library,0
TRK-8867,0.282,0.231,-2.5,0.02,0.694,0.802,100.1,Algorithmic Radio,1
TRK-8868,0.255,0.625,-14.7,0.176,0.476,0.223,130.6,Algorithmic Radio,0
TRK-8869,0.731,0.817,-9.3,0.075,0.829,0.688,140.9,User Library,0
TRK-8870,0.804,0.436,-5.8,0.24,0.675,0.105,94.3,User Library,0
TRK-8871,0.321,0.216,-7.8,0.535,0.681,0.877,116.6,User Library,0
TRK-8872,0.555,0.273,-9.7,0.037,0.223,0.123,127.2,User Library,0
TRK-8873,0.823,0.309,-16.3,0.028,0.975,0.873,100.9,User Library,0
TRK-8874,0.736,0.364,-12.7,0.156,0.835,0.492,98.9,Curated Playlist,1
TRK-8875,0.584,0.666,-8.7,0.526,0.783,0.453,116.8,Algorithmic Radio,1
TRK-8876,0.622,0.629,-12.6,0.079,0.334,0.926,139.2,User Library,0
TRK-8877,0.557,0.713,-8.7,0.127,0.535,0.941,135.4,Algorithmic Radio,1
TRK-8878,0.388,0.419,-6.8,0.122,0.144,0.635,99.3,User Library,0
TRK-8879,0.602,0.825,-5.6,0.035,0.538,0.164,135.7,User Library,0
TRK-8880,0.701,0.28,-14.4,0.068,0.153,0.506,99.9,Curated Playlist,0
TRK-8881,0.849,0.513,-1.0,0.143,0.552,0.526,81.4,User Library,0
TRK-8882,0.659,0.805,-6.4,0.093,0.646,0.513,111.2,User Library,0
TRK-8883,0.759,0.259,-9.5,0.02,0.392,0.563,147.0,Algorithmic Radio,0
TRK-8884,0.278,0.197,-5.1,0.033,0.499,0.067,135.7,User Library,0
TRK-8885,0.519,0.878,-1.0,0.02,0.868,0.69,120.0,Curated Playlist,0
TRK-8886,0.157,0.402,-15.3,0.021,0.116,0.691,110.0,User Library,1
TRK-8887,0.347,0.702,-10.4,0.189,0.786,0.154,110.6,User Library,1
TRK-8888,0.731,0.122,-19.0,0.02,0.177,0.563,122.6,Curated Playlist,0
TRK-8889,0.943,0.707,-8.7,0.02,0.046,0.562,94.4,Algorithmic Radio,0
TRK-8890,0.229,0.378,-8.0,0.03,0.192,0.664,111.6,User Library,0
TRK-8891,0.471,0.149,-9.7,0.077,0.76,0.127,114.8,Curated Playlist,1
TRK-8892,0.79,0.637,-12.1,0.061,0.407,0.614,87.6,Algorithmic Radio,1
TRK-8893,0.313,0.312,-17.7,0.02,0.865,0.303,99.9,Curated Playlist,1
TRK-8894,0.594,0.44,-8.0,0.02,0.524,0.506,129.9,User Library,0
TRK-8895,0.736,0.171,-3.7,0.022,0.032,0.746,120.2,Curated Playlist,1
TRK-8896,0.643,0.23,-11.9,0.056,0.712,0.685,112.6,Curated Playlist,0
TRK-8897,0.3,0.362,-7.7,0.025,0.118,0.157,98.1,Curated Playlist,0
TRK-8898,0.434,0.179,-15.8,0.236,0.784,0.582,157.8,Curated Playlist,0
TRK-8899,0.777,0.902,-7.7,0.05,0.175,0.922,99.9,User Library,0
TRK-8900,0.593,0.105,-11.1,0.02,0.349,0.191,126.0,Curated Playlist,0
TRK-8901,0.154,0.526,-12.5,0.105,0.756,0.818,108.3,Curated Playlist,1
TRK-8902,0.759,0.208,-12.5,0.032,0.945,0.682,120.9,Curated Playlist,0
TRK-8903,0.178,0.371,-11.1,0.085,0.374,0.747,131.0,Algorithmic Radio,0
TRK-8904,0.747,0.915,-8.0,0.026,0.823,0.304,87.1,Algorithmic Radio,0
TRK-8905,0.312,0.242,-14.7,0.068,0.197,0.309,119.8,Curated Playlist,0
TRK-8906,0.916,0.95,-11.1,0.118,0.801,0.865,148.6,Curated Playlist,0
TRK-8907,0.444,0.281,-9.7,0.21,0.654,0.374,162.3,Curated Playlist,0
TRK-8908,0.412,0.753,-13.9,0.024,0.199,0.107,116.9,Curated Playlist,0
TRK-8909,0.269,0.581,-2.3,0.033,0.306,0.591,121.0,Algorithmic Radio,1
TRK-8910,0.394,0.878,-12.9,0.05,0.139,0.162,173.1,Curated Playlist,0
TRK-8911,0.851,0.588,-12.2,0.21,0.385,0.767,147.2,User Library,0
TRK-8912,0.947,0.57,-13.4,0.185,0.21,0.628,105.2,Curated Playlist,0
TRK-8913,0.445,0.272,-2.3,0.02,0.641,0.837,105.1,Curated Playlist,0
TRK-8914,0.509,0.246,-7.3,0.02,0.985,0.756,143.0,Curated Playlist,0
TRK-8915,0.728,0.907,-13.2,0.055,0.022,0.151,95.7,Curated Playlist,0
TRK-8916,0.859,0.388,-5.1,0.02,0.54,0.393,146.1,User Library,0
TRK-8917,0.624,0.427,-8.7,0.034,0.572,0.747,128.0,User Library,0
TRK-8918,0.463,0.769,-8.5,0.02,0.906,0.426,132.4,User Library,0
TRK-8919,0.48,0.398,-10.9,0.081,0.506,0.925,113.8,User Library,1
TRK-8920,0.706,0.938,-12.5,0.239,0.543,0.712,104.9,User Library,0
TRK-8921,0.153,0.749,-8.1,0.458,0.472,0.064,155.1,Algorithmic Radio,1
TRK-8922,0.646,0.626,-11.7,0.038,0.274,0.842,114.1,User Library,0
TRK-8923,0.434,0.875,-2.2,0.073,0.065,0.141,110.1,Algorithmic Radio,0
TRK-8924,0.785,0.144,-14.6,0.155,0.41,0.176,118.1,User Library,1
TRK-8925,0.224,0.326,-3.4,0.02,0.062,0.711,124.6,User Library,0
TRK-8926,0.621,0.509,-9.9,0.094,0.549,0.828,95.3,Curated Playlist,0
TRK-8927,0.535,0.3,-8.3,0.042,0.311,0.533,106.4,User Library,1
TRK-8928,0.664,0.755,-6.2,0.02,0.533,0.31,105.2,Algorithmic Radio,0
TRK-8929,0.202,0.909,-12.0,0.041,0.142,0.366,140.3,User Library,0
TRK-8930,0.614,0.473,-6.0,0.02,0.924,0.359,98.7,User Library,0
TRK-8931,0.599,0.401,-20.3,0.095,0.887,0.344,77.9,Algorithmic Radio,1
TRK-8932,0.599,0.946,-12.4,0.023,0.196,0.269,72.8,User Library,0
TRK-8933,0.633,0.491,-13.2,0.03,0.347,0.598,84.7,User Library,0
TRK-8934,0.691,0.53,-14.5,0.02,0.611,0.86,152.7,User Library,0
TRK-8935,0.794,0.409,-10.4,0.16,0.104,0.326,120.4,Curated Playlist,0
TRK-8936,0.366,0.9,-8.0,0.054,0.357,0.218,132.0,User Library,1
TRK-8937,0.81,0.601,-6.7,0.068,0.256,0.805,132.9,Curated Playlist,1
TRK-8938,0.549,0.771,-8.5,0.067,0.907,0.718,121.3,Algorithmic Radio,1
TRK-8939,0.212,0.814,-12.2,0.042,0.845,0.888,118.2,Algorithmic Radio,0
TRK-8940,0.197,0.401,-8.0,0.02,0.578,0.199,145.1,User Library,0
TRK-8941,0.417,0.482,-9.0,0.109,0.52,0.18,123.5,User Library,0
TRK-8942,0.778,0.847,-5.8,0.02,0.922,0.537,153.6,User Library,0
TRK-8943,0.716,0.42,-6.4,0.02,0.924,0.603,134.9,Curated Playlist,1
TRK-8944,0.781,0.799,-9.4,0.099,0.96,0.482,105.2,User Library,0
TRK-8945,0.564,0.928,-13.1,0.02,0.133,0.589,108.1,Algorithmic Radio,0
TRK-8946,0.502,0.648,-12.1,0.029,0.167,0.212,102.5,Curated Playlist,0
TRK-8947,0.268,0.753,-11.7,0.052,0.673,0.482,149.2,User Library,0
TRK-8948,0.413,0.808,-10.8,0.048,0.541,0.642,110.3,Curated Playlist,1
TRK-8949,0.497,0.844,-8.4,0.099,0.028,0.439,100.8,User Library,0
TRK-8950,0.221,0.448,-6.6,0.078,0.071,0.662,127.7,User Library,1
TRK-8951,0.326,0.145,-9.7,0.083,0.88,0.456,117.7,User Library,1
TRK-8952,0.629,0.454,-9.4,0.1,0.861,0.35,127.1,User Library,0
TRK-8953,0.739,0.693,-8.9,0.028,0.36,0.323,165.4,Curated Playlist,0
TRK-8954,0.949,0.496,-11.6,0.031,0.883,0.42,141.9,Curated Playlist,1
TRK-8955,0.896,0.759,-13.2,0.046,0.592,0.071,120.6,User Library,0
TRK-8956,0.664,0.414,-16.5,0.029,0.8,0.652,86.2,Algorithmic Radio,1
TRK-8957,0.487,0.659,-12.3,0.336,0.429,0.811,108.0,User Library,0
TRK-8958,0.659,0.264,-7.6,0.135,0.121,0.369,137.1,User Library,0
TRK-8959,0.779,0.759,-12.3,0.02,0.435,0.091,91.9,User Library,0
TRK-8960,0.245,0.58,-10.5,0.02,0.458,0.938,171.4,Curated Playlist,0
TRK-8961,0.478,0.28,-7.6,0.02,0.55,0.287,120.3,Algorithmic Radio,0
TRK-8962,0.822,0.357,-7.4,0.022,0.113,0.164,121.2,Curated Playlist,0
TRK-8963,0.457,0.759,-13.8,0.02,0.982,0.383,104.0,Algorithmic Radio,1
TRK-8964,0.607,0.525,-5.5,0.061,0.249,0.715,131.9,User Library,0
TRK-8965,0.62,0.29,-5.0,0.156,0.205,0.315,92.2,User Library,0
TRK-8966,0.298,0.951,-14.0,0.107,0.526,0.567,172.0,Curated Playlist,0
TRK-8967,0.44,0.729,-12.8,0.02,0.536,0.424,151.6,Curated Playlist,0
TRK-8968,0.418,0.942,-4.7,0.041,0.441,0.156,143.6,User Library,1
TRK-8969,0.171,0.476,-10.1,0.057,0.766,0.347,86.6,Algorithmic Radio,0
TRK-8970,0.169,0.518,-18.4,0.133,0.516,0.702,124.9,User Library,0
TRK-8971,0.815,0.89,-15.1,0.146,0.608,0.601,149.0,User Library,0
TRK-8972,0.368,0.562,-10.5,0.192,0.719,0.158,134.2,Curated Playlist,1
TRK-8973,0.564,0.722,-14.2,0.057,0.035,0.197,95.9,Curated Playlist,0
TRK-8974,0.389,0.322,-11.2,0.095,0.569,0.627,104.4,User Library,1
TRK-8975,0.903,0.493,-9.4,0.02,0.877,0.782,109.2,User Library,0
TRK-8976,0.357,0.209,-3.7,0.067,0.027,0.365,105.5,Curated Playlist,0
TRK-8977,0.494,0.281,-10.7,0.023,0.407,0.586,156.7,Curated Playlist,0
TRK-8978,0.848,0.101,-5.2,0.045,0.918,0.204,73.9,Curated Playlist,1
TRK-8979,0.824,0.135,-3.8,0.08,0.356,0.33,135.7,Curated Playlist,0
TRK-8980,0.299,0.96,-3.8,0.024,0.46,0.068,89.0,User Library,0
TRK-8981,0.792,0.313,-8.4,0.02,0.972,0.741,96.9,Algorithmic Radio,0
TRK-8982,0.517,0.684,-17.4,0.02,0.205,0.411,71.8,Algorithmic Radio,0
TRK-8983,0.536,0.838,-7.7,0.02,0.074,0.785,106.8,User Library,0
TRK-8984,0.257,0.585,-5.3,0.02,0.852,0.688,156.3,User Library,0
TRK-8985,0.214,0.235,-9.8,0.02,0.861,0.796,126.4,User Library,0
TRK-8986,0.732,0.741,-2.5,0.022,0.473,0.307,91.2,Curated Playlist,0
TRK-8987,0.547,0.628,-6.1,0.02,0.514,0.217,144.4,Algorithmic Radio,1
TRK-8988,0.499,0.744,-7.2,0.346,0.829,0.925,149.6,Curated Playlist,0
TRK-8989,0.734,0.777,-5.2,0.029,0.734,0.696,122.5,Algorithmic Radio,0
TRK-8990,0.762,0.958,-8.2,0.02,0.27,0.801,168.8,User Library,0
TRK-8991,0.277,0.605,-19.5,0.063,0.027,0.062,139.7,Curated Playlist,0
TRK-8992,0.638,0.401,-11.5,0.156,0.48,0.369,136.4,User Library,0
TRK-8993,0.258,0.671,-4.7,0.091,0.852,0.719,100.7,User Library,0
TRK-8994,0.751,0.16,-12.7,0.028,0.888,0.12,135.1,Curated Playlist,0
TRK-8995,0.676,0.89,-10.4,0.066,0.947,0.561,125.2,User Library,0
TRK-8996,0.915,0.205,-13.7,0.1,0.872,0.436,132.5,Curated Playlist,0
TRK-8997,0.205,0.389,-2.4,0.104,0.578,0.066,103.6,Curated Playlist,0
TRK-8998,0.196,0.818,-2.8,0.088,0.446,0.262,123.1,Algorithmic Radio,0
TRK-8999,0.376,0.626,-13.0,0.164,0.769,0.306,100.4,User Library,0
TRK-9000,0.359,0.446,-8.9,0.163,0.735,0.151,68.5,Curated Playlist,0
TRK-9001,0.348,0.517,-12.2,0.069,0.537,0.618,144.0,Algorithmic Radio,0
TRK-9002,0.875,0.852,-7.0,0.045,0.096,0.268,83.9,Algorithmic Radio,0
TRK-9003,0.35,0.399,-7.5,0.082,0.918,0.3,122.6,Curated Playlist,1
TRK-9004,0.368,0.865,-6.3,0.136,0.456,0.858,128.0,Curated Playlist,0
TRK-9005,0.758,0.178,-8.2,0.02,0.366,0.47,127.8,User Library,0
TRK-9006,0.51,0.784,-1.0,0.386,0.627,0.403,113.2,Curated Playlist,0
TRK-9007,0.771,0.846,-13.6,0.02,0.67,0.701,126.5,Curated Playlist,0
TRK-9008,0.202,0.26,-16.3,0.051,0.216,0.869,131.3,Curated Playlist,0
TRK-9009,0.54,0.479,-11.1,0.164,0.83,0.073,137.6,Curated Playlist,0
TRK-9010,0.177,0.246,-15.8,0.02,0.294,0.453,161.6,User Library,0
TRK-9011,0.2,0.722,-15.5,0.052,0.193,0.6,125.6,User Library,1
TRK-9012,0.875,0.571,-13.5,0.02,0.408,0.337,121.5,Curated Playlist,0
TRK-9013,0.261,0.659,-13.2,0.04,0.726,0.745,98.2,User Library,0
TRK-9014,0.576,0.273,-13.3,0.02,0.956,0.924,130.5,User Library,0
TRK-9015,0.479,0.286,-7.4,0.036,0.803,0.899,136.0,User Library,1
TRK-9016,0.428,0.137,-11.5,0.037,0.932,0.289,115.4,User Library,0
TRK-9017,0.87,0.383,-10.2,0.399,0.148,0.254,133.1,Algorithmic Radio,1
TRK-9018,0.167,0.593,-5.9,0.421,0.08,0.912,113.0,Curated Playlist,1
TRK-9019,0.681,0.855,-12.6,0.02,0.557,0.463,136.1,User Library,0
TRK-9020,0.921,0.687,-10.6,0.104,0.294,0.237,141.9,Curated Playlist,0
TRK-9021,0.598,0.483,-8.0,0.02,0.821,0.686,141.6,User Library,1
TRK-9022,0.899,0.939,-17.3,0.02,0.669,0.306,122.8,Curated Playlist,0
TRK-9023,0.192,0.733,-19.0,0.02,0.961,0.291,95.0,User Library,0
TRK-9024,0.485,0.919,-8.1,0.269,0.26,0.841,105.3,Algorithmic Radio,1
TRK-9025,0.358,0.564,-7.5,0.226,0.486,0.196,134.3,User Library,0
TRK-9026,0.735,0.328,-1.2,0.02,0.501,0.108,178.8,Curated Playlist,0
TRK-9027,0.935,0.146,-8.9,0.02,0.244,0.292,111.8,Algorithmic Radio,0
TRK-9028,0.355,0.739,-6.2,0.022,0.588,0.596,130.9,Algorithmic Radio,1
TRK-9029,0.673,0.207,-10.3,0.058,0.444,0.161,106.7,User Library,0
TRK-9030,0.308,0.366,-8.3,0.067,0.448,0.474,96.6,Curated Playlist,0
TRK-9031,0.602,0.569,-2.8,0.02,0.365,0.615,103.8,User Library,0
TRK-9032,0.521,0.597,-18.0,0.113,0.027,0.814,70.0,Curated Playlist,0
TRK-9033,0.928,0.629,-7.8,0.03,0.522,0.257,152.5,User Library,1
TRK-9034,0.637,0.246,-1.0,0.204,0.339,0.786,66.5,Algorithmic Radio,0
TRK-9035,0.43,0.434,-8.4,0.086,0.011,0.261,113.7,User Library,0
TRK-9036,0.241,0.643,-2.9,0.046,0.312,0.659,91.7,Curated Playlist,0
TRK-9037,0.271,0.953,-12.0,0.125,0.283,0.438,98.8,Curated Playlist,0
TRK-9038,0.33,0.74,-9.6,0.136,0.396,0.153,153.0,Algorithmic Radio,0
TRK-9039,0.351,0.912,-9.4,0.027,0.139,0.693,124.8,Curated Playlist,0
TRK-9040,0.83,0.771,-18.4,0.033,0.508,0.246,96.8,User Library,0
TRK-9041,0.599,0.621,-14.2,0.22,0.689,0.209,105.9,User Library,1
TRK-9042,0.569,0.269,-13.9,0.02,0.628,0.372,101.6,User Library,0
TRK-9043,0.242,0.687,-6.2,0.02,0.798,0.638,119.0,Curated Playlist,0
TRK-9044,0.838,0.649,-6.0,0.048,0.453,0.261,124.1,Curated Playlist,0
TRK-9045,0.728,0.63,-8.2,0.129,0.519,0.215,165.5,Curated Playlist,0
TRK-9046,0.204,0.531,-6.2,0.118,0.804,0.059,74.0,User Library,1
TRK-9047,0.716,0.565,-10.2,0.202,0.429,0.474,119.2,Curated Playlist,0
TRK-9048,0.585,0.394,-4.7,0.061,0.698,0.436,112.4,Curated Playlist,0
TRK-9049,0.215,0.557,-9.5,0.02,0.436,0.26,142.7,Algorithmic Radio,0
TRK-9050,0.517,0.274,-9.3,0.071,0.419,0.098,128.5,Curated Playlist,1
TRK-9051,0.538,0.809,-10.6,0.121,0.755,0.436,134.2,User Library,0
TRK-9052,0.283,0.263,-6.8,0.02,0.181,0.759,128.3,User Library,0
TRK-9053,0.907,0.175,-11.2,0.02,0.342,0.694,97.6,User Library,1
TRK-9054,0.83,0.484,-5.6,0.02,0.23,0.825,149.1,Curated Playlist,0
TRK-9055,0.685,0.679,-14.0,0.072,0.362,0.059,139.2,Curated Playlist,0
TRK-9056,0.52,0.485,-13.9,0.174,0.236,0.92,142.0,User Library,0
TRK-9057,0.479,0.344,-6.8,0.089,0.578,0.357,150.3,User Library,0
TRK-9058,0.671,0.591,-9.9,0.322,0.792,0.941,130.0,User Library,0
TRK-9059,0.586,0.405,-11.3,0.02,0.781,0.277,155.5,Algorithmic Radio,1
TRK-9060,0.2,0.921,-5.9,0.187,0.367,0.474,129.1,User Library,0
TRK-9061,0.56,0.912,-11.9,0.135,0.979,0.369,114.7,User Library,0
TRK-9062,0.795,0.542,-10.3,0.03,0.592,0.37,119.8,User Library,0
TRK-9063,0.517,0.389,-3.9,0.291,0.401,0.808,119.4,User Library,0
TRK-9064,0.192,0.749,-3.3,0.027,0.829,0.722,107.5,Curated Playlist,1
TRK-9065,0.779,0.132,-3.2,0.176,0.725,0.943,159.2,Algorithmic Radio,0
TRK-9066,0.311,0.518,-10.6,0.17,0.744,0.602,127.1,User Library,0
TRK-9067,0.357,0.396,-4.6,0.113,0.202,0.467,122.3,Curated Playlist,1
TRK-9068,0.282,0.91,-13.3,0.066,0.469,0.131,129.3,User Library,0
TRK-9069,0.414,0.111,-13.1,0.02,0.855,0.947,191.5,Algorithmic Radio,1
TRK-9070,0.755,0.586,-18.9,0.061,0.504,0.546,92.8,User Library,0
TRK-9071,0.566,0.752,-2.8,0.035,0.68,0.68,99.7,User Library,0
TRK-9072,0.314,0.527,-13.0,0.126,0.586,0.416,86.9,Curated Playlist,0
TRK-9073,0.852,0.175,-10.0,0.114,0.836,0.543,114.4,User Library,0
TRK-9074,0.854,0.956,-13.1,0.193,0.289,0.898,125.9,User Library,0
TRK-9075,0.846,0.556,-6.7,0.02,0.574,0.2,108.8,Curated Playlist,1
TRK-9076,0.341,0.64,-11.0,0.132,0.131,0.313,107.0,Curated Playlist,1
TRK-9077,0.511,0.308,-14.7,0.223,0.686,0.187,123.4,Curated Playlist,0
TRK-9078,0.938,0.525,-7.7,0.125,0.727,0.763,107.9,Curated Playlist,0
TRK-9079,0.768,0.478,-15.2,0.02,0.052,0.106,127.4,Curated Playlist,1
TRK-9080,0.172,0.166,-12.8,0.02,0.672,0.123,146.7,Curated Playlist,1
TRK-9081,0.202,0.193,-17.9,0.02,0.416,0.319,136.2,Curated Playlist,0
TRK-9082,0.521,0.837,-15.2,0.079,0.132,0.513,141.1,Curated Playlist,0
TRK-9083,0.877,0.311,-8.8,0.079,0.422,0.416,146.1,User Library,0
TRK-9084,0.581,0.272,-17.4,0.347,0.2,0.09,126.8,User Library,0
TRK-9085,0.548,0.544,-15.4,0.041,0.417,0.912,116.2,User Library,0
TRK-9086,0.234,0.776,-9.5,0.032,0.387,0.908,101.5,User Library,0
TRK-9087,0.675,0.155,-11.7,0.078,0.734,0.301,110.6,Curated Playlist,0
TRK-9088,0.808,0.608,-1.5,0.14,0.769,0.708,107.4,User Library,0
TRK-9089,0.454,0.205,-2.2,0.221,0.605,0.571,137.6,User Library,0
TRK-9090,0.77,0.132,-13.0,0.13,0.032,0.264,128.3,User Library,0
TRK-9091,0.922,0.146,-7.3,0.045,0.922,0.286,136.7,User Library,0
TRK-9092,0.313,0.834,-6.5,0.081,0.683,0.492,92.2,Curated Playlist,0
TRK-9093,0.569,0.204,-11.9,0.155,0.044,0.427,154.4,Curated Playlist,0
TRK-9094,0.38,0.14,-15.5,0.054,0.812,0.312,109.8,Curated Playlist,0
TRK-9095,0.784,0.485,-9.5,0.02,0.206,0.777,93.6,User Library,0
TRK-9096,0.612,0.843,-10.2,0.02,0.578,0.483,109.5,Algorithmic Radio,1
TRK-9097,0.658,0.331,-11.2,0.02,0.467,0.639,179.6,Algorithmic Radio,0
TRK-9098,0.788,0.471,-7.7,0.101,0.421,0.22,110.7,Curated Playlist,0
TRK-9099,0.467,0.135,-12.5,0.02,0.882,0.53,112.2,Algorithmic Radio,1
TRK-9100,0.882,0.495,-14.1,0.022,0.439,0.336,115.4,Curated Playlist,0
TRK-9101,0.576,0.608,-9.1,0.028,0.084,0.524,116.4,Algorithmic Radio,0
TRK-9102,0.276,0.602,-8.0,0.066,0.938,0.753,101.2,Algorithmic Radio,0
TRK-9103,0.707,0.393,-14.2,0.041,0.912,0.742,123.4,Algorithmic Radio,1
TRK-9104,0.785,0.378,-5.8,0.09,0.681,0.369,145.8,Curated Playlist,0
TRK-9105,0.403,0.194,-16.6,0.02,0.469,0.675,127.5,Curated Playlist,0
TRK-9106,0.836,0.423,-11.8,0.02,0.101,0.897,93.3,Curated Playlist,0
TRK-9107,0.875,0.188,-10.5,0.055,0.785,0.613,111.7,User Library,0
TRK-9108,0.372,0.775,-12.0,0.033,0.084,0.184,106.8,User Library,0
TRK-9109,0.937,0.95,-11.8,0.028,0.077,0.662,121.3,Algorithmic Radio,0
TRK-9110,0.263,0.954,-2.0,0.02,0.537,0.144,151.9,User Library,0
TRK-9111,0.312,0.861,-12.9,0.181,0.167,0.835,116.4,Curated Playlist,0
TRK-9112,0.297,0.629,-1.0,0.094,0.018,0.515,117.9,User Library,0
TRK-9113,0.865,0.717,-7.8,0.02,0.425,0.397,162.7,User Library,0
TRK-9114,0.673,0.351,-9.1,0.02,0.144,0.101,141.0,Algorithmic Radio,1
TRK-9115,0.272,0.655,-7.6,0.295,0.167,0.393,133.8,Algorithmic Radio,1
TRK-9116,0.502,0.501,-1.0,0.091,0.085,0.863,167.0,Curated Playlist,0
TRK-9117,0.642,0.524,-13.5,0.043,0.211,0.069,131.8,User Library,0
TRK-9118,0.217,0.767,-14.0,0.097,0.711,0.477,72.3,Curated Playlist,1
TRK-9119,0.856,0.348,-12.5,0.113,0.803,0.888,140.0,User Library,1
TRK-9120,0.793,0.38,-9.4,0.121,0.453,0.405,81.8,User Library,0
TRK-9121,0.554,0.914,-16.4,0.052,0.506,0.435,130.8,User Library,0
TRK-9122,0.924,0.149,-9.4,0.045,0.042,0.571,78.9,Curated Playlist,0
TRK-9123,0.484,0.527,-2.7,0.02,0.078,0.467,108.8,User Library,0
TRK-9124,0.937,0.903,-8.9,0.209,0.262,0.202,111.3,Curated Playlist,0
TRK-9125,0.684,0.637,-10.7,0.074,0.543,0.067,101.5,User Library,0
TRK-9126,0.658,0.581,-12.0,0.02,0.735,0.599,111.6,User Library,0
TRK-9127,0.283,0.32,-5.9,0.202,0.603,0.879,144.8,User Library,0
TRK-9128,0.856,0.402,-12.8,0.197,0.394,0.146,102.9,Algorithmic Radio,0
TRK-9129,0.492,0.85,-2.1,0.362,0.126,0.24,133.1,Curated Playlist,0
TRK-9130,0.28,0.592,-1.8,0.166,0.775,0.383,96.8,User Library,1
TRK-9131,0.16,0.553,-8.5,0.489,0.367,0.778,115.5,Curated Playlist,1
TRK-9132,0.598,0.188,-9.5,0.022,0.731,0.292,127.8,Algorithmic Radio,1
TRK-9133,0.572,0.114,-5.4,0.148,0.513,0.844,96.1,Curated Playlist,1
TRK-9134,0.725,0.948,-5.1,0.139,0.734,0.099,88.5,Curated Playlist,0
TRK-9135,0.862,0.432,-12.7,0.021,0.899,0.897,131.8,User Library,0
TRK-9136,0.214,0.631,-11.6,0.02,0.913,0.555,147.0,Curated Playlist,1
TRK-9137,0.735,0.17,-14.8,0.311,0.534,0.643,118.1,Curated Playlist,1
TRK-9138,0.3,0.701,-7.9,0.028,0.511,0.381,109.0,Curated Playlist,0
TRK-9139,0.837,0.921,-6.8,0.164,0.27,0.754,123.7,Algorithmic Radio,0
TRK-9140,0.805,0.607,-14.9,0.02,0.927,0.2,121.3,User Library,0
TRK-9141,0.583,0.211,-11.3,0.02,0.459,0.094,125.8,User Library,0
TRK-9142,0.718,0.612,-14.9,0.05,0.135,0.406,65.0,Algorithmic Radio,0
TRK-9143,0.401,0.774,-13.1,0.022,0.434,0.818,94.3,Curated Playlist,0
TRK-9144,0.527,0.458,-7.3,0.094,0.135,0.729,99.7,User Library,0
TRK-9145,0.807,0.874,-12.4,0.067,0.502,0.515,123.6,User Library,0
TRK-9146,0.517,0.671,-10.7,0.02,0.56,0.565,124.5,Algorithmic Radio,1
TRK-9147,0.436,0.891,-16.0,0.02,0.341,0.167,135.3,User Library,0
TRK-9148,0.545,0.649,-8.8,0.039,0.08,0.807,126.2,User Library,1
TRK-9149,0.813,0.216,-9.7,0.02,0.935,0.758,88.8,User Library,0
TRK-9150,0.418,0.373,-12.4,0.126,0.768,0.641,154.7,Algorithmic Radio,1
TRK-9151,0.289,0.278,-10.3,0.043,0.832,0.47,150.5,Algorithmic Radio,0
TRK-9152,0.72,0.9,-8.8,0.02,0.37,0.918,89.8,Curated Playlist,0
TRK-9153,0.811,0.769,-12.8,0.053,0.756,0.841,128.0,Curated Playlist,0
TRK-9154,0.231,0.695,-15.4,0.02,0.486,0.63,105.7,User Library,0
TRK-9155,0.342,0.365,-2.3,0.02,0.207,0.385,123.3,User Library,0
TRK-9156,0.264,0.262,-12.0,0.022,0.132,0.606,145.3,Algorithmic Radio,0
TRK-9157,0.428,0.766,-9.9,0.157,0.348,0.568,171.1,User Library,0
TRK-9158,0.51,0.517,-5.5,0.207,0.145,0.405,138.0,Curated Playlist,0
TRK-9159,0.749,0.299,-1.0,0.14,0.988,0.326,127.1,Curated Playlist,1
TRK-9160,0.671,0.643,-14.5,0.033,0.058,0.416,111.8,User Library,0
TRK-9161,0.647,0.135,-7.7,0.025,0.442,0.567,124.4,Curated Playlist,0
TRK-9162,0.432,0.387,-12.3,0.064,0.453,0.435,152.6,Curated Playlist,1
TRK-9163,0.823,0.512,-11.7,0.102,0.305,0.287,118.9,Curated Playlist,0
TRK-9164,0.527,0.23,-12.4,0.401,0.57,0.735,98.7,User Library,0
TRK-9165,0.933,0.966,-14.0,0.02,0.157,0.528,81.1,User Library,0
TRK-9166,0.657,0.284,-9.7,0.02,0.778,0.111,132.3,Curated Playlist,0
TRK-9167,0.251,0.215,-15.4,0.095,0.336,0.381,125.9,Algorithmic Radio,0
TRK-9168,0.691,0.279,-5.7,0.143,0.59,0.846,104.5,User Library,0
TRK-9169,0.41,0.777,-9.3,0.15,0.711,0.73,144.6,Algorithmic Radio,1
TRK-9170,0.699,0.474,-7.8,0.091,0.881,0.341,109.9,Curated Playlist,0
TRK-9171,0.206,0.598,-11.4,0.246,0.829,0.894,116.8,Algorithmic Radio,1
TRK-9172,0.29,0.118,-11.0,0.057,0.606,0.119,119.6,User Library,0
TRK-9173,0.835,0.13,-8.3,0.196,0.391,0.915,111.6,User Library,0
TRK-9174,0.332,0.492,-14.2,0.275,0.503,0.271,125.7,User Library,1
TRK-9175,0.82,0.819,-10.9,0.15,0.763,0.058,147.6,User Library,1
TRK-9176,0.373,0.879,-12.9,0.03,0.87,0.44,92.6,Algorithmic Radio,1
TRK-9177,0.664,0.176,-13.1,0.02,0.112,0.373,131.7,User Library,0
TRK-9178,0.705,0.574,-17.9,0.064,0.387,0.535,124.1,Curated Playlist,1
TRK-9179,0.56,0.904,-4.1,0.048,0.771,0.767,123.7,User Library,0
TRK-9180,0.394,0.441,-12.2,0.168,0.433,0.808,140.9,Curated Playlist,1
TRK-9181,0.32,0.83,-4.8,0.02,0.336,0.411,121.2,User Library,0
TRK-9182,0.177,0.218,-5.2,0.024,0.413,0.437,131.5,User Library,0
TRK-9183,0.393,0.923,-14.6,0.111,0.601,0.183,137.2,User Library,0
TRK-9184,0.673,0.761,-13.9,0.02,0.99,0.093,107.9,Curated Playlist,1
TRK-9185,0.901,0.928,-1.0,0.031,0.493,0.627,127.2,User Library,0
TRK-9186,0.847,0.695,-2.5,0.039,0.214,0.108,114.0,User Library,0
TRK-9187,0.763,0.42,-9.6,0.078,0.17,0.71,116.8,User Library,0
TRK-9188,0.781,0.926,-8.5,0.02,0.052,0.535,112.3,Algorithmic Radio,1
TRK-9189,0.682,0.342,-12.0,0.158,0.558,0.229,131.3,Curated Playlist,0
TRK-9190,0.358,0.392,-7.8,0.047,0.544,0.536,122.0,Curated Playlist,0
TRK-9191,0.876,0.717,-12.4,0.199,0.211,0.215,129.5,Curated Playlist,1
TRK-9192,0.687,0.773,-17.6,0.05,0.691,0.445,119.6,User Library,0
TRK-9193,0.598,0.918,-14.8,0.026,0.736,0.77,81.5,Curated Playlist,0
TRK-9194,0.239,0.28,-9.4,0.02,0.264,0.466,120.8,User Library,0
TRK-9195,0.508,0.802,-14.0,0.02,0.347,0.184,121.5,User Library,0
TRK-9196,0.518,0.75,-9.8,0.061,0.981,0.701,125.8,Curated Playlist,1
TRK-9197,0.842,0.156,-13.8,0.02,0.377,0.218,105.8,Curated Playlist,0
TRK-9198,0.587,0.441,-12.6,0.04,0.756,0.715,91.3,User Library,0
TRK-9199,0.454,0.349,-6.1,0.071,0.454,0.481,135.0,User Library,0
TRK-9200,0.931,0.368,-8.5,0.026,0.787,0.458,113.4,Curated Playlist,0
TRK-9201,0.239,0.965,-9.5,0.02,0.764,0.816,124.1,Curated Playlist,1
TRK-9202,0.488,0.666,-6.0,0.119,0.664,0.688,113.2,User Library,1
TRK-9203,0.184,0.732,-7.6,0.235,0.848,0.08,119.9,User Library,0
TRK-9204,0.742,0.959,-3.7,0.02,0.93,0.317,109.2,Algorithmic Radio,1
TRK-9205,0.884,0.432,-11.3,0.02,0.578,0.834,96.8,Curated Playlist,0
TRK-9206,0.374,0.806,-11.2,0.258,0.243,0.066,131.4,Algorithmic Radio,1
TRK-9207,0.837,0.482,-14.7,0.02,0.401,0.541,105.5,User Library,0
TRK-9208,0.384,0.865,-11.2,0.304,0.753,0.705,123.9,Curated Playlist,1
TRK-9209,0.879,0.259,-5.6,0.02,0.648,0.61,129.9,User Library,0
TRK-9210,0.753,0.934,-4.3,0.166,0.184,0.734,105.9,Curated Playlist,0
TRK-9211,0.794,0.293,-5.7,0.029,0.06,0.703,91.1,User Library,0
TRK-9212,0.164,0.387,-16.7,0.223,0.679,0.673,178.2,User Library,1
TRK-9213,0.92,0.765,-5.2,0.03,0.256,0.789,107.3,User Library,0
TRK-9214,0.731,0.447,-16.9,0.085,0.5,0.631,135.0,Curated Playlist,0
TRK-9215,0.394,0.635,-5.9,0.02,0.742,0.412,166.5,Curated Playlist,0
TRK-9216,0.814,0.491,-11.0,0.022,0.561,0.475,139.0,Curated Playlist,1
TRK-9217,0.375,0.753,-6.7,0.119,0.092,0.695,112.8,Algorithmic Radio,0
TRK-9218,0.848,0.301,-14.8,0.06,0.192,0.839,118.4,Curated Playlist,0
TRK-9219,0.24,0.151,-4.8,0.21,0.225,0.295,100.0,Curated Playlist,1
TRK-9220,0.713,0.364,-15.4,0.045,0.263,0.358,141.2,Algorithmic Radio,1
TRK-9221,0.583,0.517,-12.2,0.163,0.564,0.888,133.6,Curated Playlist,1
TRK-9222,0.227,0.248,-13.5,0.048,0.504,0.571,107.7,User Library,0
TRK-9223,0.344,0.412,-16.5,0.31,0.209,0.211,95.0,Algorithmic Radio,0
TRK-9224,0.16,0.452,-9.1,0.257,0.076,0.647,88.3,User Library,1
TRK-9225,0.525,0.151,-2.3,0.032,0.178,0.942,143.7,Curated Playlist,0
TRK-9226,0.391,0.613,-1.0,0.174,0.975,0.791,122.9,User Library,0
TRK-9227,0.629,0.878,-9.1,0.151,0.469,0.721,125.2,Curated Playlist,0
TRK-9228,0.388,0.234,-5.0,0.02,0.86,0.237,100.2,Curated Playlist,1
TRK-9229,0.39,0.626,-8.6,0.078,0.842,0.839,84.9,User Library,0
TRK-9230,0.745,0.685,-7.5,0.02,0.511,0.523,143.1,Curated Playlist,1
TRK-9231,0.189,0.469,-10.9,0.145,0.703,0.85,121.0,Curated Playlist,0
TRK-9232,0.872,0.717,-8.7,0.02,0.199,0.347,141.8,User Library,0
TRK-9233,0.832,0.461,-7.4,0.02,0.685,0.106,110.7,User Library,0
TRK-9234,0.684,0.544,-11.8,0.041,0.277,0.478,114.3,User Library,0
TRK-9235,0.625,0.106,-9.8,0.069,0.825,0.293,137.1,Algorithmic Radio,1
TRK-9236,0.864,0.709,-9.7,0.154,0.092,0.694,137.6,Curated Playlist,0
TRK-9237,0.298,0.682,-6.2,0.293,0.768,0.911,139.1,Algorithmic Radio,1
TRK-9238,0.213,0.134,-13.8,0.046,0.108,0.672,112.9,User Library,0
TRK-9239,0.342,0.424,-9.7,0.02,0.874,0.848,134.7,User Library,0
TRK-9240,0.786,0.962,-1.9,0.111,0.308,0.458,146.6,User Library,0
TRK-9241,0.178,0.47,-4.8,0.067,0.651,0.744,117.5,User Library,0
TRK-9242,0.616,0.542,-4.1,0.048,0.488,0.809,107.7,Curated Playlist,0
TRK-9243,0.946,0.901,-9.4,0.03,0.369,0.69,152.2,Algorithmic Radio,0
TRK-9244,0.835,0.731,-8.2,0.056,0.643,0.507,104.3,User Library,0
TRK-9245,0.567,0.612,-5.5,0.033,0.939,0.613,135.1,Algorithmic Radio,1
TRK-9246,0.201,0.802,-3.3,0.113,0.05,0.68,118.6,User Library,0
TRK-9247,0.815,0.861,-17.3,0.063,0.91,0.278,75.8,Algorithmic Radio,1
TRK-9248,0.629,0.502,-14.8,0.168,0.607,0.779,147.1,User Library,0
TRK-9249,0.242,0.518,-4.3,0.063,0.801,0.905,65.0,Algorithmic Radio,1
TRK-9250,0.225,0.44,-10.6,0.022,0.386,0.469,72.4,User Library,0
TRK-9251,0.878,0.951,-12.2,0.152,0.472,0.681,132.7,Algorithmic Radio,0
TRK-9252,0.685,0.714,-14.5,0.065,0.861,0.713,132.6,User Library,0
TRK-9253,0.813,0.173,-11.7,0.02,0.417,0.646,104.7,User Library,0
TRK-9254,0.853,0.859,-15.1,0.078,0.534,0.542,123.5,Curated Playlist,0
TRK-9255,0.607,0.523,-1.1,0.035,0.03,0.843,65.0,User Library,0
TRK-9256,0.564,0.161,-9.6,0.149,0.165,0.454,137.0,Curated Playlist,1
TRK-9257,0.494,0.584,-9.7,0.048,0.639,0.105,126.0,Algorithmic Radio,0
TRK-9258,0.404,0.467,-7.1,0.104,0.713,0.81,118.9,Curated Playlist,1
TRK-9259,0.498,0.872,-5.7,0.02,0.581,0.657,120.5,Curated Playlist,1
TRK-9260,0.769,0.28,-5.7,0.04,0.15,0.814,131.8,User Library,0
TRK-9261,0.632,0.827,-5.2,0.327,0.446,0.175,119.3,Curated Playlist,0
TRK-9262,0.864,0.591,-12.0,0.132,0.358,0.078,75.0,Curated Playlist,1
TRK-9263,0.505,0.148,-10.7,0.02,0.496,0.891,172.7,Algorithmic Radio,0
TRK-9264,0.636,0.955,-6.4,0.026,0.863,0.183,148.8,User Library,0
TRK-9265,0.655,0.551,-11.6,0.032,0.77,0.779,89.2,Curated Playlist,1
TRK-9266,0.623,0.356,-9.5,0.084,0.092,0.791,111.7,User Library,0
TRK-9267,0.712,0.513,-7.9,0.113,0.883,0.688,114.3,User Library,0
TRK-9268,0.34,0.855,-6.4,0.111,0.472,0.168,145.9,User Library,0
TRK-9269,0.56,0.368,-16.6,0.057,0.739,0.651,68.2,User Library,0
TRK-9270,0.233,0.27,-6.6,0.133,0.147,0.85,108.0,User Library,0
TRK-9271,0.458,0.214,-10.4,0.046,0.667,0.433,77.7,User Library,0
TRK-9272,0.54,0.362,-6.7,0.02,0.242,0.422,113.2,Algorithmic Radio,1
TRK-9273,0.672,0.786,-6.4,0.066,0.44,0.449,108.7,User Library,1
TRK-9274,0.91,0.515,-3.1,0.243,0.027,0.124,121.9,Algorithmic Radio,0
TRK-9275,0.631,0.3,-4.1,0.126,0.159,0.853,105.5,User Library,0
TRK-9276,0.745,0.246,-4.1,0.069,0.1,0.832,102.0,User Library,0
TRK-9277,0.555,0.393,-3.7,0.083,0.245,0.948,134.9,Curated Playlist,0
TRK-9278,0.657,0.927,-8.3,0.213,0.108,0.577,130.9,Curated Playlist,0
TRK-9279,0.207,0.402,-9.4,0.045,0.688,0.726,133.2,Curated Playlist,0
TRK-9280,0.354,0.97,-6.0,0.032,0.038,0.232,115.8,Curated Playlist,0
TRK-9281,0.439,0.527,-6.6,0.303,0.615,0.651,106.3,User Library,0
TRK-9282,0.528,0.258,-10.7,0.159,0.148,0.635,117.1,Curated Playlist,0
TRK-9283,0.187,0.884,-7.9,0.031,0.936,0.861,132.0,Curated Playlist,1
TRK-9284,0.262,0.505,-9.6,0.05,0.924,0.798,67.8,User Library,0
TRK-9285,0.371,0.725,-12.9,0.043,0.231,0.895,129.5,Algorithmic Radio,1
TRK-9286,0.927,0.966,-4.3,0.02,0.612,0.832,127.4,Curated Playlist,0
TRK-9287,0.415,0.144,-9.3,0.253,0.037,0.832,121.5,User Library,0
TRK-9288,0.536,0.185,-1.3,0.041,0.923,0.107,116.4,Algorithmic Radio,0
TRK-9289,0.307,0.734,-16.0,0.167,0.523,0.811,65.0,Algorithmic Radio,1
TRK-9290,0.639,0.348,-11.7,0.02,0.052,0.597,109.4,Curated Playlist,0
TRK-9291,0.375,0.262,-9.4,0.064,0.346,0.392,162.9,User Library,0
TRK-9292,0.316,0.135,-5.0,0.02,0.085,0.101,120.3,Algorithmic Radio,0
TRK-9293,0.563,0.119,-7.9,0.116,0.395,0.66,112.6,User Library,0
TRK-9294,0.154,0.782,-8.3,0.07,0.667,0.345,120.4,User Library,1
TRK-9295,0.156,0.218,-14.0,0.079,0.47,0.471,128.5,User Library,1
TRK-9296,0.325,0.512,-14.1,0.02,0.386,0.664,135.8,Curated Playlist,0
TRK-9297,0.179,0.633,-8.2,0.02,0.127,0.871,114.5,Algorithmic Radio,1
TRK-9298,0.236,0.477,-15.0,0.02,0.25,0.793,130.2,Curated Playlist,0
TRK-9299,0.421,0.124,-11.6,0.027,0.108,0.456,160.2,Algorithmic Radio,1
TRK-9300,0.792,0.789,-7.5,0.079,0.801,0.399,144.2,User Library,0
TRK-9301,0.608,0.109,-13.4,0.067,0.143,0.266,176.2,User Library,0
TRK-9302,0.56,0.77,-3.1,0.076,0.593,0.385,104.2,Curated Playlist,0
TRK-9303,0.385,0.886,-4.6,0.064,0.346,0.15,160.2,Algorithmic Radio,0
TRK-9304,0.895,0.481,-15.8,0.026,0.231,0.924,101.0,Curated Playlist,0
TRK-9305,0.468,0.571,-13.2,0.022,0.637,0.567,128.5,User Library,1
TRK-9306,0.22,0.52,-18.6,0.02,0.458,0.165,137.6,User Library,0
TRK-9307,0.644,0.443,-12.6,0.151,0.402,0.368,107.7,User Library,1
TRK-9308,0.241,0.881,-6.4,0.077,0.591,0.542,122.1,User Library,0
TRK-9309,0.426,0.887,-11.2,0.02,0.491,0.53,141.9,User Library,0
TRK-9310,0.556,0.396,-7.7,0.02,0.307,0.082,103.0,Algorithmic Radio,1
TRK-9311,0.849,0.641,-15.6,0.165,0.558,0.906,160.1,Curated Playlist,1
TRK-9312,0.545,0.916,-6.3,0.109,0.666,0.298,86.8,Curated Playlist,1
TRK-9313,0.712,0.947,-11.7,0.086,0.036,0.065,166.6,User Library,0
TRK-9314,0.944,0.548,-9.5,0.042,0.467,0.119,144.0,User Library,0
TRK-9315,0.255,0.498,-9.9,0.024,0.067,0.572,117.8,Curated Playlist,0
TRK-9316,0.37,0.345,-14.6,0.311,0.193,0.174,110.3,Algorithmic Radio,1
TRK-9317,0.466,0.944,-14.1,0.128,0.559,0.088,107.8,Curated Playlist,0
TRK-9318,0.487,0.226,-5.6,0.029,0.859,0.392,116.7,Algorithmic Radio,1
TRK-9319,0.479,0.61,-7.9,0.15,0.875,0.61,118.8,Algorithmic Radio,1
TRK-9320,0.876,0.349,-5.3,0.114,0.079,0.151,150.1,User Library,0
TRK-9321,0.721,0.346,-8.2,0.028,0.421,0.332,167.2,User Library,0
TRK-9322,0.636,0.456,-8.9,0.044,0.581,0.426,124.8,Curated Playlist,0
TRK-9323,0.397,0.979,-16.4,0.02,0.154,0.194,99.7,User Library,0
TRK-9324,0.809,0.148,-10.6,0.02,0.76,0.505,106.9,User Library,0
TRK-9325,0.914,0.609,-9.6,0.103,0.739,0.127,115.6,User Library,0
TRK-9326,0.807,0.173,-1.7,0.025,0.895,0.092,95.3,User Library,0
TRK-9327,0.151,0.236,-6.8,0.137,0.018,0.518,91.7,Algorithmic Radio,1
TRK-9328,0.659,0.487,-3.4,0.434,0.222,0.273,170.3,User Library,0
TRK-9329,0.191,0.549,-7.1,0.02,0.821,0.136,127.3,User Library,0
TRK-9330,0.356,0.328,-12.3,0.051,0.667,0.432,100.0,Curated Playlist,1
TRK-9331,0.198,0.378,-9.0,0.13,0.887,0.874,139.6,Curated Playlist,1
TRK-9332,0.633,0.177,-8.6,0.124,0.066,0.702,91.7,Curated Playlist,0
TRK-9333,0.699,0.367,-13.3,0.114,0.595,0.784,93.7,Algorithmic Radio,1
TRK-9334,0.242,0.951,-11.0,0.034,0.568,0.835,100.7,Curated Playlist,0
TRK-9335,0.457,0.931,-10.3,0.048,0.045,0.925,159.7,Curated Playlist,0
TRK-9336,0.515,0.395,-3.1,0.072,0.513,0.737,113.9,User Library,0
TRK-9337,0.445,0.602,-17.8,0.292,0.607,0.598,65.0,Curated Playlist,1
TRK-9338,0.247,0.9,-4.7,0.032,0.197,0.379,149.0,Curated Playlist,0
TRK-9339,0.485,0.105,-13.2,0.205,0.278,0.213,112.6,Algorithmic Radio,0
TRK-9340,0.751,0.813,-15.0,0.025,0.638,0.668,75.6,Algorithmic Radio,1
TRK-9341,0.207,0.935,-4.8,0.361,0.469,0.945,112.4,Curated Playlist,0
TRK-9342,0.214,0.18,-6.6,0.089,0.851,0.471,132.5,Curated Playlist,0
TRK-9343,0.434,0.242,-4.5,0.05,0.346,0.701,129.7,User Library,0
TRK-9344,0.903,0.945,-6.3,0.076,0.271,0.496,163.2,User Library,0
TRK-9345,0.685,0.573,-1.3,0.025,0.975,0.439,99.5,User Library,0
TRK-9346,0.693,0.112,-7.3,0.026,0.903,0.419,121.1,User Library,0
TRK-9347,0.44,0.327,-10.1,0.02,0.038,0.504,103.2,User Library,0
TRK-9348,0.625,0.496,-8.1,0.02,0.765,0.38,83.0,User Library,0
TRK-9349,0.158,0.71,-4.5,0.034,0.118,0.724,141.3,Curated Playlist,1
TRK-9350,0.659,0.745,-12.6,0.115,0.037,0.837,131.1,Curated Playlist,0
TRK-9351,0.881,0.976,-12.1,0.075,0.278,0.845,126.8,Curated Playlist,0
TRK-9352,0.64,0.353,-10.7,0.02,0.274,0.255,130.2,Curated Playlist,0
TRK-9353,0.849,0.574,-17.9,0.153,0.813,0.856,103.5,User Library,0
TRK-9354,0.729,0.569,-8.9,0.074,0.706,0.357,95.9,Algorithmic Radio,0
TRK-9355,0.246,0.457,-17.0,0.259,0.972,0.328,120.9,User Library,0
TRK-9356,0.872,0.249,-9.3,0.089,0.707,0.704,147.9,Algorithmic Radio,0
TRK-9357,0.203,0.96,-6.0,0.02,0.42,0.324,158.6,User Library,0
TRK-9358,0.577,0.851,-11.4,0.051,0.695,0.098,139.1,Curated Playlist,0
TRK-9359,0.264,0.539,-2.8,0.084,0.989,0.386,120.7,User Library,0
TRK-9360,0.159,0.631,-15.3,0.02,0.706,0.699,126.5,User Library,0
TRK-9361,0.488,0.3,-4.7,0.02,0.756,0.344,120.3,User Library,1
TRK-9362,0.386,0.579,-6.8,0.02,0.93,0.617,95.4,Curated Playlist,0
TRK-9363,0.539,0.712,-16.4,0.023,0.121,0.644,120.6,User Library,0
TRK-9364,0.612,0.553,-1.0,0.045,0.701,0.71,88.0,Curated Playlist,0
TRK-9365,0.185,0.971,-9.8,0.053,0.844,0.857,117.0,User Library,0
TRK-9366,0.248,0.638,-13.0,0.02,0.945,0.439,159.3,User Library,1
TRK-9367,0.597,0.426,-15.1,0.09,0.217,0.2,139.7,Algorithmic Radio,0
TRK-9368,0.425,0.779,-10.4,0.073,0.504,0.337,97.8,Algorithmic Radio,0
TRK-9369,0.733,0.25,-10.0,0.028,0.677,0.439,118.3,Curated Playlist,0
TRK-9370,0.672,0.438,-9.1,0.02,0.253,0.693,100.0,User Library,0
TRK-9371,0.826,0.405,-10.7,0.02,0.598,0.062,118.5,User Library,0
TRK-9372,0.704,0.48,-7.0,0.04,0.262,0.334,145.0,Algorithmic Radio,0
TRK-9373,0.494,0.788,-11.1,0.02,0.337,0.752,135.7,User Library,1
TRK-9374,0.688,0.526,-17.2,0.038,0.443,0.654,179.6,Algorithmic Radio,1
TRK-9375,0.37,0.799,-10.1,0.079,0.529,0.709,148.6,User Library,0
TRK-9376,0.395,0.607,-19.0,0.063,0.45,0.781,124.9,Algorithmic Radio,1
TRK-9377,0.781,0.401,-8.1,0.021,0.493,0.755,136.3,User Library,0
TRK-9378,0.507,0.813,-13.4,0.034,0.303,0.664,115.1,User Library,0
TRK-9379,0.789,0.31,-8.8,0.076,0.166,0.446,92.9,Curated Playlist,1
TRK-9380,0.808,0.297,-4.2,0.158,0.056,0.935,151.3,Algorithmic Radio,0
TRK-9381,0.836,0.544,-13.3,0.112,0.202,0.562,144.2,Algorithmic Radio,0
TRK-9382,0.883,0.33,-5.3,0.064,0.58,0.232,114.2,Curated Playlist,0
TRK-9383,0.495,0.108,-11.2,0.036,0.78,0.314,126.6,Curated Playlist,0
TRK-9384,0.405,0.671,-2.5,0.036,0.176,0.674,149.8,Curated Playlist,0
TRK-9385,0.616,0.55,-11.0,0.169,0.116,0.882,140.3,Curated Playlist,0
TRK-9386,0.447,0.492,-12.9,0.02,0.744,0.211,84.9,Algorithmic Radio,1
TRK-9387,0.631,0.951,-6.8,0.354,0.309,0.124,125.8,Curated Playlist,0
TRK-9388,0.714,0.603,-11.2,0.087,0.942,0.843,116.0,Curated Playlist,0
TRK-9389,0.701,0.86,-12.9,0.091,0.71,0.874,146.7,Curated Playlist,0
TRK-9390,0.45,0.223,-11.4,0.02,0.33,0.299,144.7,Curated Playlist,0
TRK-9391,0.283,0.601,-9.7,0.074,0.294,0.39,151.6,Algorithmic Radio,1
TRK-9392,0.494,0.864,-4.1,0.053,0.523,0.644,93.2,User Library,1
TRK-9393,0.264,0.613,-17.2,0.02,0.088,0.347,101.2,User Library,0
TRK-9394,0.862,0.732,-9.4,0.026,0.125,0.839,146.7,Curated Playlist,0
TRK-9395,0.427,0.427,-7.0,0.177,0.182,0.147,105.8,User Library,1
TRK-9396,0.274,0.181,-8.7,0.064,0.769,0.084,83.5,Curated Playlist,0
TRK-9397,0.17,0.503,-4.3,0.043,0.514,0.238,132.8,Algorithmic Radio,1
TRK-9398,0.667,0.447,-9.8,0.02,0.02,0.307,106.9,Curated Playlist,1
TRK-9399,0.66,0.863,-10.2,0.1,0.67,0.152,163.0,Algorithmic Radio,0
TRK-9400,0.422,0.315,-7.1,0.097,0.425,0.109,127.1,User Library,1
TRK-9401,0.207,0.951,-9.1,0.076,0.511,0.73,123.8,Algorithmic Radio,0
TRK-9402,0.478,0.943,-11.1,0.057,0.22,0.198,111.1,Curated Playlist,0
TRK-9403,0.399,0.318,-7.4,0.046,0.551,0.873,158.2,User Library,0
TRK-9404,0.692,0.406,-12.1,0.072,0.97,0.381,128.6,Curated Playlist,1
TRK-9405,0.635,0.888,-11.9,0.021,0.082,0.654,110.2,Algorithmic Radio,1
TRK-9406,0.442,0.951,-11.6,0.227,0.288,0.253,100.9,User Library,0
TRK-9407,0.324,0.49,-4.1,0.071,0.248,0.266,118.2,Curated Playlist,0
TRK-9408,0.94,0.382,-22.4,0.03,0.254,0.567,96.5,Algorithmic Radio,1
TRK-9409,0.513,0.563,-7.9,0.048,0.381,0.555,144.7,User Library,0
TRK-9410,0.701,0.705,-9.4,0.131,0.812,0.742,76.6,Curated Playlist,0
TRK-9411,0.262,0.341,-16.2,0.02,0.905,0.732,116.7,Curated Playlist,0
TRK-9412,0.538,0.748,-8.3,0.028,0.208,0.654,134.6,User Library,0
TRK-9413,0.172,0.145,-7.6,0.091,0.542,0.454,128.2,Curated Playlist,0
TRK-9414,0.554,0.143,-7.1,0.03,0.634,0.852,102.8,User Library,0
TRK-9415,0.921,0.44,-20.1,0.126,0.521,0.61,135.8,Curated Playlist,1
TRK-9416,0.457,0.411,-4.0,0.02,0.435,0.941,98.7,User Library,0
TRK-9417,0.181,0.378,-12.5,0.115,0.198,0.787,119.5,User Library,0
TRK-9418,0.175,0.532,-6.8,0.02,0.488,0.09,135.6,Curated Playlist,0
TRK-9419,0.46,0.382,-6.5,0.02,0.403,0.339,131.1,User Library,0
TRK-9420,0.278,0.269,-13.0,0.183,0.79,0.565,103.8,User Library,0
TRK-9421,0.169,0.372,-6.9,0.07,0.758,0.699,148.7,Algorithmic Radio,0
TRK-9422,0.755,0.958,-11.0,0.035,0.141,0.545,122.1,Algorithmic Radio,0
TRK-9423,0.517,0.462,-17.8,0.021,0.097,0.758,137.8,Algorithmic Radio,1
TRK-9424,0.381,0.491,-4.8,0.077,0.9,0.304,156.7,Curated Playlist,0
TRK-9425,0.87,0.607,-12.6,0.057,0.535,0.216,146.8,Algorithmic Radio,0
TRK-9426,0.243,0.965,-12.9,0.382,0.851,0.099,146.9,Algorithmic Radio,1
TRK-9427,0.915,0.313,-11.1,0.327,0.067,0.566,124.6,User Library,0
TRK-9428,0.401,0.7,-8.4,0.081,0.526,0.67,139.1,User Library,0
TRK-9429,0.861,0.73,-9.7,0.047,0.539,0.344,125.1,User Library,0
TRK-9430,0.632,0.634,-7.3,0.054,0.853,0.602,91.0,Curated Playlist,0
TRK-9431,0.811,0.178,-14.9,0.092,0.106,0.097,127.3,Algorithmic Radio,1
TRK-9432,0.937,0.696,-12.5,0.02,0.246,0.139,126.2,Curated Playlist,0
TRK-9433,0.381,0.156,-10.0,0.032,0.408,0.682,134.0,Curated Playlist,1
TRK-9434,0.919,0.625,-1.9,0.02,0.859,0.381,116.9,User Library,0
TRK-9435,0.462,0.751,-10.0,0.02,0.93,0.654,101.7,User Library,1
TRK-9436,0.458,0.286,-5.2,0.02,0.983,0.799,135.8,Curated Playlist,1
TRK-9437,0.422,0.841,-9.3,0.053,0.95,0.817,88.5,Algorithmic Radio,0
TRK-9438,0.583,0.127,-11.4,0.123,0.016,0.205,155.0,User Library,1
TRK-9439,0.273,0.843,-10.5,0.053,0.057,0.488,114.4,Algorithmic Radio,1
TRK-9440,0.593,0.505,-10.2,0.033,0.155,0.711,125.9,User Library,0
TRK-9441,0.583,0.291,-7.1,0.02,0.352,0.747,133.4,Curated Playlist,0
TRK-9442,0.76,0.218,-4.0,0.064,0.823,0.756,134.2,Curated Playlist,1
TRK-9443,0.817,0.939,-8.1,0.025,0.885,0.255,86.2,Algorithmic Radio,0
TRK-9444,0.502,0.164,-4.8,0.076,0.193,0.223,139.8,User Library,0
TRK-9445,0.392,0.275,-13.4,0.302,0.617,0.581,127.3,User Library,0
TRK-9446,0.357,0.406,-11.2,0.02,0.909,0.717,104.8,User Library,0
TRK-9447,0.306,0.646,-12.4,0.02,0.464,0.337,102.0,Algorithmic Radio,1
TRK-9448,0.196,0.579,-8.2,0.051,0.111,0.144,112.0,User Library,1
TRK-9449,0.424,0.211,-10.9,0.277,0.459,0.695,88.8,User Library,0
TRK-9450,0.366,0.355,-6.6,0.118,0.378,0.32,161.3,Curated Playlist,0
TRK-9451,0.923,0.31,-13.2,0.183,0.576,0.2,155.7,Curated Playlist,0
TRK-9452,0.596,0.288,-9.3,0.032,0.44,0.183,130.8,Algorithmic Radio,0
TRK-9453,0.428,0.462,-6.8,0.387,0.027,0.333,114.6,Algorithmic Radio,0
TRK-9454,0.614,0.72,-17.8,0.02,0.984,0.583,115.3,Curated Playlist,0
TRK-9455,0.261,0.291,-1.0,0.02,0.543,0.373,138.2,Algorithmic Radio,0
TRK-9456,0.505,0.423,-10.6,0.155,0.474,0.069,162.2,Curated Playlist,0
TRK-9457,0.651,0.444,-17.6,0.21,0.946,0.137,106.3,User Library,0
TRK-9458,0.541,0.959,-8.9,0.02,0.163,0.311,93.2,Algorithmic Radio,0
TRK-9459,0.471,0.94,-9.4,0.02,0.195,0.644,157.1,Curated Playlist,0
TRK-9460,0.945,0.804,-9.8,0.02,0.802,0.139,77.1,User Library,0
TRK-9461,0.854,0.313,-5.5,0.02,0.266,0.555,95.8,Curated Playlist,0
TRK-9462,0.649,0.16,-6.5,0.02,0.793,0.158,114.1,User Library,0
TRK-9463,0.606,0.379,-8.3,0.281,0.276,0.24,82.5,User Library,0
TRK-9464,0.647,0.335,-7.7,0.088,0.043,0.205,146.7,Curated Playlist,0
TRK-9465,0.311,0.545,-9.9,0.121,0.517,0.111,140.6,Algorithmic Radio,1
TRK-9466,0.466,0.784,-2.4,0.12,0.203,0.654,106.2,Curated Playlist,0
TRK-9467,0.182,0.855,-15.4,0.061,0.753,0.467,150.7,User Library,0
TRK-9468,0.53,0.843,-8.9,0.128,0.638,0.798,154.8,Algorithmic Radio,1
TRK-9469,0.584,0.417,-9.2,0.072,0.915,0.139,117.3,User Library,1
TRK-9470,0.332,0.705,-6.2,0.03,0.777,0.18,109.2,User Library,0
TRK-9471,0.921,0.375,-12.9,0.066,0.187,0.326,174.2,User Library,0
TRK-9472,0.878,0.154,-16.5,0.061,0.794,0.739,137.3,User Library,0
TRK-9473,0.728,0.717,-8.9,0.139,0.639,0.325,126.2,User Library,0
TRK-9474,0.577,0.109,-8.4,0.32,0.666,0.418,152.7,Curated Playlist,0
TRK-9475,0.846,0.46,-3.5,0.042,0.826,0.321,127.2,Algorithmic Radio,0
TRK-9476,0.255,0.39,-14.6,0.115,0.572,0.122,107.9,Algorithmic Radio,0
TRK-9477,0.782,0.71,-4.9,0.02,0.467,0.895,121.9,Algorithmic Radio,1
TRK-9478,0.25,0.774,-1.0,0.12,0.634,0.544,144.9,Curated Playlist,0
TRK-9479,0.785,0.368,-11.0,0.037,0.302,0.759,72.2,Curated Playlist,0
TRK-9480,0.371,0.814,-14.7,0.02,0.189,0.643,113.1,Algorithmic Radio,0
TRK-9481,0.852,0.359,-11.1,0.036,0.614,0.513,153.2,Curated Playlist,0
TRK-9482,0.905,0.493,-9.4,0.075,0.239,0.131,107.7,Curated Playlist,0
TRK-9483,0.269,0.74,-7.2,0.02,0.088,0.628,157.1,Curated Playlist,0
TRK-9484,0.52,0.71,-11.9,0.206,0.011,0.19,154.0,User Library,0
TRK-9485,0.935,0.969,-3.3,0.02,0.606,0.423,118.4,Curated Playlist,0
TRK-9486,0.537,0.298,-14.0,0.213,0.365,0.616,106.4,Curated Playlist,0
TRK-9487,0.841,0.683,-16.5,0.098,0.747,0.754,113.1,Curated Playlist,0
TRK-9488,0.621,0.637,-5.1,0.032,0.378,0.667,184.0,User Library,0
TRK-9489,0.45,0.905,-18.6,0.04,0.486,0.654,165.0,Curated Playlist,1
TRK-9490,0.379,0.238,-10.3,0.108,0.409,0.184,123.0,Algorithmic Radio,1
TRK-9491,0.313,0.762,-1.0,0.074,0.648,0.362,105.4,Algorithmic Radio,1
TRK-9492,0.759,0.6,-9.5,0.089,0.359,0.089,122.8,User Library,0
TRK-9493,0.459,0.342,-14.0,0.039,0.954,0.698,125.9,User Library,1
TRK-9494,0.559,0.518,-9.7,0.054,0.927,0.907,90.2,Curated Playlist,0
TRK-9495,0.544,0.394,-9.7,0.367,0.841,0.288,121.9,User Library,1
TRK-9496,0.612,0.61,-8.9,0.02,0.912,0.129,151.7,User Library,0
TRK-9497,0.842,0.882,-6.9,0.043,0.45,0.478,76.8,User Library,0
TRK-9498,0.935,0.601,-13.7,0.028,0.536,0.821,139.8,Algorithmic Radio,0
TRK-9499,0.476,0.656,-2.7,0.116,0.737,0.547,153.0,Curated Playlist,0
TRK-9500,0.812,0.556,-8.5,0.116,0.692,0.092,106.5,Curated Playlist,0
TRK-9501,0.762,0.145,-6.6,0.028,0.883,0.927,160.7,Curated Playlist,0
TRK-9502,0.609,0.305,-12.0,0.02,0.712,0.796,103.4,Curated Playlist,0
TRK-9503,0.915,0.533,-4.4,0.02,0.988,0.168,130.6,User Library,0
TRK-9504,0.31,0.373,-10.5,0.045,0.352,0.88,112.6,Curated Playlist,0
TRK-9505,0.237,0.26,-8.4,0.042,0.826,0.456,112.6,User Library,0
TRK-9506,0.833,0.544,-13.2,0.356,0.694,0.385,105.2,Curated Playlist,0
TRK-9507,0.501,0.384,-13.5,0.051,0.688,0.465,136.8,User Library,0
TRK-9508,0.828,0.327,-6.7,0.024,0.329,0.801,140.4,Curated Playlist,0
TRK-9509,0.864,0.508,-11.3,0.177,0.78,0.644,118.5,Curated Playlist,0
TRK-9510,0.2,0.217,-12.9,0.054,0.892,0.103,87.4,User Library,0
TRK-9511,0.857,0.916,-12.1,0.073,0.224,0.912,129.7,User Library,0
TRK-9512,0.509,0.864,-6.7,0.02,0.623,0.183,130.1,User Library,0
TRK-9513,0.558,0.723,-12.0,0.039,0.394,0.721,114.8,Curated Playlist,0
TRK-9514,0.651,0.193,-10.0,0.231,0.98,0.623,164.8,User Library,0
TRK-9515,0.891,0.783,-9.4,0.071,0.479,0.219,82.5,User Library,0
TRK-9516,0.165,0.811,-17.2,0.034,0.234,0.204,66.8,Curated Playlist,1
TRK-9517,0.531,0.776,-15.4,0.079,0.384,0.833,102.5,Curated Playlist,1
TRK-9518,0.7,0.2,-8.2,0.193,0.651,0.428,137.1,User Library,1
TRK-9519,0.728,0.667,-12.4,0.026,0.085,0.639,94.7,Curated Playlist,1
TRK-9520,0.704,0.834,-5.3,0.056,0.602,0.504,96.5,Algorithmic Radio,1
TRK-9521,0.258,0.608,-5.6,0.255,0.923,0.705,142.8,Algorithmic Radio,1
TRK-9522,0.39,0.669,-6.6,0.02,0.843,0.481,131.1,User Library,0
TRK-9523,0.437,0.503,-2.2,0.102,0.076,0.309,129.0,Algorithmic Radio,0
TRK-9524,0.794,0.565,-9.8,0.076,0.984,0.377,138.8,Curated Playlist,0
TRK-9525,0.373,0.13,-6.9,0.091,0.695,0.823,109.8,Algorithmic Radio,0
TRK-9526,0.319,0.662,-11.8,0.035,0.169,0.471,110.9,Curated Playlist,0
TRK-9527,0.916,0.172,-1.0,0.03,0.022,0.242,139.4,Curated Playlist,0
TRK-9528,0.157,0.483,-1.6,0.092,0.178,0.891,87.7,Curated Playlist,1
TRK-9529,0.948,0.358,-9.5,0.02,0.831,0.767,68.6,Curated Playlist,0
TRK-9530,0.691,0.58,-8.0,0.044,0.031,0.1,109.6,Curated Playlist,1
TRK-9531,0.813,0.217,-4.1,0.02,0.238,0.949,142.3,User Library,0
TRK-9532,0.386,0.709,-10.1,0.02,0.752,0.675,126.1,User Library,0
TRK-9533,0.161,0.8,-12.1,0.281,0.584,0.194,140.6,User Library,1
TRK-9534,0.74,0.244,-6.0,0.045,0.777,0.263,71.6,Algorithmic Radio,0
TRK-9535,0.817,0.192,-9.2,0.279,0.741,0.673,127.6,Curated Playlist,1
TRK-9536,0.742,0.228,-8.8,0.02,0.06,0.752,135.7,Curated Playlist,0
TRK-9537,0.264,0.872,-12.8,0.071,0.885,0.265,87.6,Curated Playlist,1
TRK-9538,0.753,0.565,-16.4,0.02,0.232,0.281,140.7,User Library,0
TRK-9539,0.765,0.511,-8.6,0.125,0.552,0.326,117.3,User Library,0
TRK-9540,0.677,0.194,-5.9,0.122,0.641,0.588,193.7,Curated Playlist,1
TRK-9541,0.763,0.672,-10.4,0.02,0.175,0.205,67.7,Algorithmic Radio,0
TRK-9542,0.827,0.864,-3.8,0.194,0.967,0.144,152.9,User Library,1
TRK-9543,0.641,0.829,-12.3,0.02,0.488,0.661,110.5,User Library,0
TRK-9544,0.221,0.651,-13.7,0.076,0.066,0.751,81.2,User Library,1
TRK-9545,0.54,0.166,-9.8,0.339,0.929,0.501,107.4,User Library,1
TRK-9546,0.212,0.199,-9.8,0.171,0.585,0.377,126.7,User Library,0
TRK-9547,0.476,0.143,-6.4,0.251,0.695,0.439,144.9,Curated Playlist,0
TRK-9548,0.476,0.327,-12.6,0.034,0.525,0.4,161.3,User Library,0
TRK-9549,0.203,0.219,-4.0,0.02,0.828,0.914,154.1,User Library,0
TRK-9550,0.429,0.329,-1.6,0.02,0.042,0.741,96.8,Curated Playlist,0
TRK-9551,0.239,0.439,-9.7,0.056,0.273,0.237,147.1,Algorithmic Radio,1
TRK-9552,0.797,0.93,-4.5,0.126,0.47,0.396,129.4,User Library,0
TRK-9553,0.908,0.637,-13.7,0.02,0.085,0.54,104.3,Curated Playlist,0
TRK-9554,0.208,0.835,-5.2,0.086,0.702,0.602,114.9,User Library,0
TRK-9555,0.914,0.725,-5.3,0.031,0.396,0.471,103.0,Algorithmic Radio,0
TRK-9556,0.568,0.199,-6.0,0.033,0.277,0.779,120.9,Curated Playlist,0
TRK-9557,0.39,0.748,-9.6,0.087,0.013,0.741,102.5,Algorithmic Radio,1
TRK-9558,0.211,0.342,-21.3,0.05,0.715,0.505,95.3,User Library,1
TRK-9559,0.55,0.662,-12.1,0.134,0.827,0.819,131.5,Curated Playlist,0
TRK-9560,0.786,0.4,-12.0,0.02,0.397,0.726,135.1,Curated Playlist,0
TRK-9561,0.716,0.978,-13.4,0.125,0.563,0.751,115.5,User Library,0
TRK-9562,0.19,0.332,-9.0,0.02,0.233,0.911,152.8,User Library,0
TRK-9563,0.208,0.346,-11.2,0.02,0.62,0.29,113.7,Curated Playlist,1
TRK-9564,0.472,0.919,-12.8,0.085,0.022,0.291,112.7,Curated Playlist,0
TRK-9565,0.386,0.122,-13.7,0.154,0.489,0.85,135.9,User Library,0
TRK-9566,0.336,0.713,-12.4,0.023,0.641,0.745,116.8,Curated Playlist,0
TRK-9567,0.375,0.738,-5.0,0.032,0.91,0.884,122.0,User Library,0
TRK-9568,0.793,0.836,-12.1,0.062,0.384,0.107,65.0,User Library,0
TRK-9569,0.893,0.958,-11.6,0.02,0.76,0.615,120.4,Curated Playlist,0
TRK-9570,0.474,0.959,-11.3,0.133,0.596,0.18,76.1,User Library,0
TRK-9571,0.875,0.157,-8.1,0.119,0.918,0.504,90.7,User Library,0
TRK-9572,0.407,0.823,-7.7,0.02,0.4,0.19,88.0,User Library,0
TRK-9573,0.531,0.669,-21.7,0.05,0.323,0.165,95.0,Curated Playlist,1
TRK-9574,0.331,0.67,-5.4,0.119,0.879,0.061,106.8,Curated Playlist,1
TRK-9575,0.662,0.213,-3.8,0.033,0.058,0.617,108.3,Algorithmic Radio,0
TRK-9576,0.933,0.672,-13.7,0.08,0.144,0.373,135.9,User Library,0
TRK-9577,0.633,0.965,-13.4,0.02,0.091,0.145,125.3,Curated Playlist,1
TRK-9578,0.436,0.902,-11.3,0.075,0.836,0.341,74.4,User Library,1
TRK-9579,0.668,0.486,-12.5,0.02,0.02,0.202,122.0,Curated Playlist,0
TRK-9580,0.248,0.135,-8.6,0.142,0.854,0.898,127.6,Curated Playlist,0
TRK-9581,0.861,0.419,-17.3,0.035,0.452,0.338,112.1,User Library,0
TRK-9582,0.552,0.827,-14.0,0.026,0.014,0.351,118.5,Curated Playlist,1
TRK-9583,0.509,0.717,-3.3,0.147,0.404,0.806,124.6,User Library,0
TRK-9584,0.619,0.504,-13.2,0.02,0.193,0.633,138.4,User Library,0
TRK-9585,0.65,0.148,-4.5,0.04,0.622,0.689,82.2,User Library,1
TRK-9586,0.207,0.476,-8.1,0.037,0.676,0.622,114.1,Curated Playlist,1
TRK-9587,0.696,0.513,-16.7,0.027,0.488,0.902,156.2,Curated Playlist,0
TRK-9588,0.344,0.917,-7.0,0.194,0.05,0.236,154.0,User Library,1
TRK-9589,0.721,0.664,-10.0,0.111,0.653,0.94,140.4,User Library,0
TRK-9590,0.808,0.374,-11.3,0.02,0.835,0.798,132.9,User Library,0
TRK-9591,0.793,0.562,-8.5,0.1,0.716,0.58,159.7,User Library,0
TRK-9592,0.592,0.158,-7.6,0.06,0.823,0.646,166.0,Curated Playlist,1
TRK-9593,0.566,0.956,-6.7,0.185,0.206,0.634,116.9,Curated Playlist,0
TRK-9594,0.264,0.417,-4.8,0.03,0.881,0.103,96.7,User Library,0
TRK-9595,0.77,0.521,-7.9,0.068,0.326,0.246,113.5,User Library,0
TRK-9596,0.367,0.413,-15.0,0.056,0.023,0.915,194.3,Algorithmic Radio,1
TRK-9597,0.547,0.701,-11.4,0.054,0.837,0.531,82.3,User Library,0
TRK-9598,0.377,0.683,-1.0,0.049,0.933,0.391,108.7,User Library,0
TRK-9599,0.257,0.729,-6.6,0.02,0.652,0.736,86.1,Curated Playlist,0
TRK-9600,0.654,0.336,-1.0,0.113,0.237,0.522,123.0,Curated Playlist,0
TRK-9601,0.193,0.378,-3.9,0.048,0.257,0.062,91.1,Curated Playlist,0
TRK-9602,0.749,0.21,-8.5,0.255,0.467,0.713,117.4,Algorithmic Radio,1
TRK-9603,0.404,0.677,-8.3,0.024,0.89,0.709,73.2,User Library,0
TRK-9604,0.15,0.135,-9.6,0.092,0.157,0.199,134.8,Curated Playlist,0
TRK-9605,0.559,0.626,-16.5,0.226,0.819,0.911,149.3,User Library,0
TRK-9606,0.187,0.865,-9.4,0.087,0.295,0.252,110.8,Curated Playlist,0
TRK-9607,0.371,0.884,-4.7,0.164,0.802,0.462,116.8,Algorithmic Radio,1
TRK-9608,0.716,0.495,-11.9,0.141,0.912,0.153,116.1,Curated Playlist,0
TRK-9609,0.2,0.504,-7.9,0.036,0.429,0.593,124.3,Curated Playlist,0
TRK-9610,0.821,0.168,-6.1,0.073,0.368,0.388,119.1,Algorithmic Radio,0
TRK-9611,0.153,0.69,-13.1,0.02,0.796,0.368,138.4,User Library,0
TRK-9612,0.347,0.823,-11.3,0.061,0.529,0.794,149.6,Curated Playlist,0
TRK-9613,0.743,0.315,-13.6,0.021,0.681,0.059,100.5,Algorithmic Radio,0
TRK-9614,0.403,0.471,-12.8,0.109,0.62,0.768,112.6,Curated Playlist,1
TRK-9615,0.232,0.838,-14.7,0.06,0.16,0.564,141.6,User Library,1
TRK-9616,0.438,0.872,-13.1,0.042,0.838,0.937,85.9,User Library,0
TRK-9617,0.366,0.314,-3.8,0.025,0.202,0.58,72.7,User Library,0
TRK-9618,0.824,0.585,-13.2,0.532,0.924,0.1,125.4,User Library,0
TRK-9619,0.401,0.269,-9.0,0.02,0.256,0.096,131.9,Curated Playlist,0
TRK-9620,0.781,0.19,-11.5,0.02,0.729,0.845,102.7,User Library,0
TRK-9621,0.863,0.902,-4.8,0.02,0.289,0.807,106.1,User Library,1
TRK-9622,0.497,0.822,-4.3,0.283,0.321,0.361,101.8,User Library,1
TRK-9623,0.878,0.769,-6.0,0.31,0.314,0.606,99.2,Curated Playlist,1
TRK-9624,0.452,0.143,-8.3,0.085,0.743,0.491,136.6,Curated Playlist,1
TRK-9625,0.921,0.842,-10.4,0.17,0.556,0.92,91.7,Curated Playlist,0
TRK-9626,0.221,0.485,-14.3,0.02,0.875,0.905,113.6,User Library,0
TRK-9627,0.7,0.401,-1.7,0.286,0.311,0.935,98.3,User Library,0
TRK-9628,0.545,0.581,-12.5,0.02,0.688,0.83,85.1,User Library,1
TRK-9629,0.46,0.18,-6.8,0.02,0.748,0.869,140.9,User Library,0
TRK-9630,0.656,0.766,-5.3,0.02,0.158,0.246,107.5,User Library,0
TRK-9631,0.713,0.613,-11.7,0.068,0.403,0.798,124.5,Curated Playlist,1
TRK-9632,0.153,0.264,-5.3,0.121,0.483,0.688,83.8,User Library,0
TRK-9633,0.284,0.266,-6.4,0.037,0.359,0.917,102.2,Algorithmic Radio,0
TRK-9634,0.72,0.262,-2.6,0.305,0.326,0.564,138.1,Curated Playlist,0
TRK-9635,0.683,0.15,-11.4,0.046,0.683,0.127,182.1,User Library,0
TRK-9636,0.923,0.617,-14.6,0.02,0.222,0.588,72.6,Curated Playlist,0
TRK-9637,0.759,0.84,-11.5,0.05,0.705,0.668,115.2,Curated Playlist,0
TRK-9638,0.911,0.115,-8.7,0.091,0.926,0.248,129.9,Curated Playlist,0
TRK-9639,0.712,0.143,-9.3,0.143,0.564,0.405,105.2,Algorithmic Radio,1
TRK-9640,0.388,0.604,-11.1,0.049,0.609,0.589,140.4,User Library,0
TRK-9641,0.234,0.821,-17.1,0.072,0.078,0.387,99.2,Algorithmic Radio,1
TRK-9642,0.775,0.388,-7.6,0.025,0.857,0.387,123.7,User Library,0
TRK-9643,0.665,0.408,-1.6,0.083,0.29,0.17,107.5,Algorithmic Radio,0
TRK-9644,0.189,0.625,-7.6,0.341,0.613,0.897,149.3,User Library,1
TRK-9645,0.438,0.341,-7.1,0.02,0.97,0.725,103.8,User Library,1
TRK-9646,0.915,0.123,-7.2,0.174,0.594,0.051,111.6,Curated Playlist,0
TRK-9647,0.55,0.747,-7.9,0.066,0.72,0.739,142.7,User Library,0
TRK-9648,0.496,0.651,-5.8,0.023,0.446,0.716,95.3,User Library,1
TRK-9649,0.516,0.611,-7.9,0.248,0.069,0.059,121.7,User Library,0
TRK-9650,0.317,0.753,-10.8,0.053,0.792,0.383,76.3,Curated Playlist,1
TRK-9651,0.445,0.694,-12.7,0.032,0.044,0.596,93.9,Algorithmic Radio,0
TRK-9652,0.446,0.281,-10.5,0.02,0.697,0.457,129.2,Curated Playlist,1
TRK-9653,0.192,0.41,-8.2,0.022,0.032,0.75,96.2,Algorithmic Radio,1
TRK-9654,0.764,0.211,-10.8,0.143,0.855,0.433,106.9,Curated Playlist,0
TRK-9655,0.483,0.214,-8.2,0.076,0.164,0.188,131.8,User Library,1
TRK-9656,0.808,0.695,-7.7,0.196,0.514,0.929,106.1,User Library,0
TRK-9657,0.83,0.856,-6.2,0.021,0.595,0.268,139.7,Curated Playlist,0
TRK-9658,0.32,0.947,-4.4,0.02,0.458,0.696,125.2,User Library,0
TRK-9659,0.676,0.653,-9.2,0.02,0.344,0.179,130.5,User Library,0
TRK-9660,0.528,0.262,-14.7,0.057,0.468,0.346,149.8,Curated Playlist,0
TRK-9661,0.854,0.193,-10.9,0.51,0.315,0.448,127.7,Curated Playlist,0
TRK-9662,0.323,0.815,-9.3,0.095,0.439,0.223,156.9,User Library,0
TRK-9663,0.692,0.609,-16.8,0.029,0.362,0.455,141.9,Algorithmic Radio,1
TRK-9664,0.636,0.644,-3.9,0.168,0.565,0.191,107.4,Curated Playlist,0
TRK-9665,0.386,0.788,-8.9,0.122,0.243,0.553,151.0,Curated Playlist,1
TRK-9666,0.259,0.719,-8.0,0.02,0.979,0.647,126.3,Algorithmic Radio,1
TRK-9667,0.671,0.834,-4.0,0.136,0.501,0.106,110.5,User Library,0
TRK-9668,0.741,0.149,-12.0,0.029,0.2,0.834,126.7,Curated Playlist,0
TRK-9669,0.403,0.758,-7.2,0.02,0.478,0.217,146.7,Algorithmic Radio,0
TRK-9670,0.666,0.849,-9.9,0.021,0.859,0.253,130.9,Curated Playlist,0
TRK-9671,0.466,0.352,-10.2,0.051,0.031,0.645,163.7,Curated Playlist,0
TRK-9672,0.721,0.664,-12.6,0.044,0.676,0.472,146.1,User Library,0
TRK-9673,0.309,0.376,-2.8,0.027,0.547,0.499,132.6,Curated Playlist,0
TRK-9674,0.862,0.943,-11.0,0.02,0.176,0.165,95.4,User Library,0
TRK-9675,0.38,0.129,-6.7,0.115,0.811,0.775,115.7,Algorithmic Radio,1
TRK-9676,0.444,0.61,-17.0,0.369,0.372,0.605,121.7,Algorithmic Radio,1
TRK-9677,0.196,0.247,-4.8,0.12,0.298,0.172,136.7,Algorithmic Radio,0
TRK-9678,0.239,0.727,-5.3,0.028,0.822,0.387,135.3,Curated Playlist,1
TRK-9679,0.563,0.255,-9.1,0.022,0.636,0.779,124.1,User Library,0
TRK-9680,0.364,0.307,-10.4,0.02,0.89,0.562,122.9,User Library,0
TRK-9681,0.818,0.535,-7.9,0.02,0.627,0.148,137.3,Algorithmic Radio,0
TRK-9682,0.162,0.905,-1.0,0.064,0.736,0.385,99.4,User Library,0
TRK-9683,0.453,0.286,-16.6,0.074,0.83,0.268,160.7,User Library,0
TRK-9684,0.42,0.227,-6.4,0.098,0.064,0.516,70.9,Curated Playlist,1
TRK-9685,0.165,0.768,-13.1,0.091,0.771,0.809,154.9,User Library,0
TRK-9686,0.249,0.541,-9.6,0.028,0.611,0.443,118.9,Curated Playlist,1
TRK-9687,0.481,0.902,-10.5,0.032,0.078,0.44,144.1,Curated Playlist,0
TRK-9688,0.544,0.229,-11.2,0.092,0.508,0.865,128.7,Curated Playlist,1
TRK-9689,0.473,0.668,-9.5,0.034,0.091,0.569,128.3,Algorithmic Radio,1
TRK-9690,0.575,0.305,-14.0,0.02,0.731,0.56,133.3,User Library,1
TRK-9691,0.626,0.238,-5.4,0.038,0.546,0.286,139.4,User Library,0
TRK-9692,0.158,0.701,-16.7,0.025,0.945,0.597,112.1,User Library,0
TRK-9693,0.521,0.622,-7.3,0.02,0.189,0.568,144.8,Algorithmic Radio,0
TRK-9694,0.921,0.764,-10.8,0.142,0.604,0.407,94.0,User Library,0
TRK-9695,0.565,0.372,-14.2,0.153,0.217,0.942,119.9,User Library,0
TRK-9696,0.692,0.494,-8.7,0.02,0.612,0.844,140.1,Curated Playlist,0
TRK-9697,0.399,0.457,-15.7,0.02,0.718,0.725,143.9,User Library,0
TRK-9698,0.769,0.966,-9.3,0.107,0.718,0.534,131.1,Algorithmic Radio,0
TRK-9699,0.768,0.357,-15.2,0.02,0.809,0.466,110.6,Algorithmic Radio,0
TRK-9700,0.567,0.359,-7.7,0.04,0.846,0.216,141.5,Curated Playlist,0
TRK-9701,0.931,0.412,-13.2,0.02,0.086,0.325,103.9,Curated Playlist,0
TRK-9702,0.25,0.597,-11.3,0.021,0.346,0.747,162.0,User Library,0
TRK-9703,0.164,0.322,-8.3,0.126,0.683,0.458,118.0,Curated Playlist,1
TRK-9704,0.766,0.905,-12.6,0.131,0.499,0.844,83.0,Curated Playlist,0
TRK-9705,0.796,0.334,-9.7,0.02,0.197,0.183,91.3,User Library,0
TRK-9706,0.246,0.888,-15.6,0.033,0.552,0.508,121.0,User Library,0
TRK-9707,0.362,0.191,-7.0,0.02,0.409,0.632,123.4,Algorithmic Radio,0
TRK-9708,0.164,0.678,-2.4,0.02,0.392,0.515,167.3,User Library,0
TRK-9709,0.385,0.898,-1.0,0.388,0.804,0.85,95.1,Curated Playlist,1
TRK-9710,0.769,0.248,-9.1,0.085,0.409,0.941,120.9,User Library,0
TRK-9711,0.564,0.952,-6.3,0.062,0.036,0.154,94.6,User Library,0
TRK-9712,0.428,0.499,-16.6,0.116,0.067,0.167,108.2,Algorithmic Radio,1
TRK-9713,0.447,0.932,-3.5,0.147,0.849,0.167,160.4,User Library,1
TRK-9714,0.151,0.696,-6.4,0.131,0.951,0.663,92.7,Curated Playlist,0
TRK-9715,0.39,0.365,-11.4,0.02,0.685,0.385,134.1,User Library,1
TRK-9716,0.667,0.266,-4.6,0.02,0.367,0.71,129.4,User Library,0
TRK-9717,0.929,0.367,-10.5,0.085,0.93,0.415,119.4,Algorithmic Radio,0
TRK-9718,0.828,0.182,-11.3,0.038,0.66,0.615,132.5,Curated Playlist,0
TRK-9719,0.169,0.227,-7.6,0.324,0.837,0.743,92.2,Algorithmic Radio,1
TRK-9720,0.869,0.192,-13.8,0.088,0.761,0.543,159.8,Algorithmic Radio,0
TRK-9721,0.777,0.472,-5.4,0.251,0.382,0.536,166.2,Algorithmic Radio,1
TRK-9722,0.774,0.8,-13.7,0.02,0.479,0.129,121.1,Algorithmic Radio,1
TRK-9723,0.516,0.224,-13.7,0.16,0.192,0.42,178.2,User Library,0
TRK-9724,0.468,0.215,-13.1,0.031,0.296,0.541,110.4,Algorithmic Radio,0
TRK-9725,0.392,0.666,-6.5,0.365,0.773,0.466,129.6,User Library,1
TRK-9726,0.203,0.274,-12.0,0.02,0.886,0.861,154.4,User Library,1
TRK-9727,0.333,0.186,-14.9,0.058,0.72,0.866,109.0,User Library,1
TRK-9728,0.347,0.247,-11.9,0.126,0.466,0.79,86.8,User Library,0
TRK-9729,0.537,0.913,-9.6,0.045,0.095,0.388,81.3,Curated Playlist,0
TRK-9730,0.748,0.823,-14.2,0.051,0.066,0.696,169.5,User Library,0
TRK-9731,0.529,0.412,-14.1,0.344,0.377,0.406,107.3,User Library,0
TRK-9732,0.196,0.677,-1.1,0.044,0.465,0.259,115.5,Curated Playlist,0
TRK-9733,0.916,0.573,-12.9,0.074,0.607,0.359,93.3,User Library,0
TRK-9734,0.904,0.696,-10.8,0.02,0.016,0.114,142.8,Curated Playlist,1
TRK-9735,0.778,0.701,-11.0,0.148,0.98,0.349,101.2,User Library,0
TRK-9736,0.943,0.653,-11.2,0.084,0.367,0.465,108.2,User Library,0
TRK-9737,0.586,0.334,-7.0,0.041,0.841,0.91,127.2,User Library,1
TRK-9738,0.92,0.134,-5.7,0.02,0.534,0.332,94.5,User Library,0
TRK-9739,0.21,0.501,-10.7,0.072,0.138,0.862,115.7,Curated Playlist,0
TRK-9740,0.443,0.884,-14.4,0.02,0.792,0.256,153.7,Curated Playlist,1
TRK-9741,0.33,0.601,-4.4,0.02,0.706,0.222,130.3,User Library,1
TRK-9742,0.307,0.833,-9.9,0.077,0.527,0.517,123.1,User Library,0
TRK-9743,0.263,0.973,-2.6,0.02,0.514,0.655,125.2,User Library,0
TRK-9744,0.648,0.244,-18.5,0.02,0.096,0.09,110.7,Algorithmic Radio,0
TRK-9745,0.775,0.709,-8.7,0.085,0.653,0.249,167.9,User Library,0
TRK-9746,0.613,0.693,-1.8,0.02,0.903,0.46,100.5,Algorithmic Radio,0
TRK-9747,0.268,0.962,-10.9,0.03,0.101,0.348,125.1,Curated Playlist,0
TRK-9748,0.799,0.967,-10.4,0.02,0.268,0.691,122.8,User Library,0
TRK-9749,0.659,0.704,-8.3,0.069,0.894,0.51,144.2,Algorithmic Radio,1
TRK-9750,0.461,0.314,-11.7,0.087,0.289,0.194,146.5,Curated Playlist,0
TRK-9751,0.689,0.803,-10.7,0.102,0.651,0.855,119.2,Curated Playlist,1
TRK-9752,0.358,0.194,-10.9,0.024,0.534,0.314,127.0,User Library,1
TRK-9753,0.426,0.787,-12.0,0.02,0.594,0.708,127.9,Curated Playlist,1
TRK-9754,0.884,0.901,-4.6,0.02,0.417,0.752,65.5,User Library,0
TRK-9755,0.382,0.437,-7.7,0.044,0.304,0.917,81.9,User Library,0
TRK-9756,0.526,0.655,-8.5,0.233,0.058,0.499,105.5,Algorithmic Radio,0
TRK-9757,0.862,0.479,-6.3,0.02,0.739,0.604,106.5,Algorithmic Radio,0
TRK-9758,0.716,0.485,-10.6,0.024,0.741,0.351,91.2,User Library,0
TRK-9759,0.2,0.373,-12.6,0.02,0.667,0.66,138.0,Curated Playlist,0
TRK-9760,0.268,0.771,-11.9,0.074,0.641,0.467,120.1,Curated Playlist,1
TRK-9761,0.156,0.924,-9.5,0.091,0.249,0.444,114.8,User Library,0
TRK-9762,0.655,0.928,-13.7,0.082,0.032,0.82,89.9,User Library,0
TRK-9763,0.508,0.254,-11.5,0.158,0.803,0.095,118.9,User Library,0
TRK-9764,0.257,0.87,-11.6,0.053,0.491,0.844,65.0,Curated Playlist,0
TRK-9765,0.916,0.749,-1.0,0.02,0.311,0.817,116.1,Algorithmic Radio,0
TRK-9766,0.574,0.322,-20.6,0.027,0.11,0.506,121.5,User Library,0
TRK-9767,0.344,0.159,-10.2,0.087,0.071,0.491,125.8,Curated Playlist,0
TRK-9768,0.55,0.336,-2.6,0.076,0.352,0.376,82.5,Curated Playlist,1
TRK-9769,0.694,0.903,-9.0,0.061,0.799,0.945,125.4,Curated Playlist,0
TRK-9770,0.211,0.657,-6.5,0.092,0.91,0.15,95.0,User Library,0
TRK-9771,0.37,0.735,-9.1,0.081,0.889,0.581,100.5,Curated Playlist,0
TRK-9772,0.796,0.326,-12.2,0.171,0.912,0.664,137.2,Algorithmic Radio,1
TRK-9773,0.518,0.733,-18.5,0.071,0.9,0.891,168.3,User Library,0
TRK-9774,0.587,0.125,-8.7,0.121,0.527,0.752,121.2,User Library,0
TRK-9775,0.496,0.43,-12.6,0.023,0.225,0.629,100.4,Algorithmic Radio,1
TRK-9776,0.185,0.652,-12.7,0.091,0.792,0.155,124.5,User Library,1
TRK-9777,0.283,0.229,-11.5,0.186,0.219,0.386,142.5,Algorithmic Radio,0
TRK-9778,0.506,0.824,-2.5,0.039,0.272,0.175,134.9,User Library,0
TRK-9779,0.317,0.307,-1.0,0.121,0.239,0.843,185.8,User Library,1
TRK-9780,0.19,0.674,-8.6,0.103,0.515,0.725,102.8,User Library,1
TRK-9781,0.825,0.457,-11.4,0.02,0.325,0.732,126.1,User Library,0
TRK-9782,0.935,0.625,-14.2,0.07,0.161,0.637,157.2,User Library,0
TRK-9783,0.785,0.195,-7.6,0.02,0.454,0.506,155.7,Curated Playlist,0
TRK-9784,0.833,0.115,-2.4,0.274,0.866,0.185,73.2,User Library,0
TRK-9785,0.344,0.9,-10.5,0.133,0.569,0.347,119.9,Algorithmic Radio,1
TRK-9786,0.919,0.337,-19.0,0.02,0.871,0.173,155.6,Curated Playlist,0
TRK-9787,0.308,0.821,-6.8,0.02,0.202,0.702,189.4,Curated Playlist,0
TRK-9788,0.911,0.979,-5.6,0.072,0.174,0.194,136.9,User Library,0
TRK-9789,0.946,0.286,-15.8,0.034,0.574,0.682,111.2,Curated Playlist,0
TRK-9790,0.719,0.333,-8.8,0.02,0.464,0.673,95.8,Curated Playlist,0
TRK-9791,0.935,0.683,-7.7,0.062,0.657,0.463,173.2,User Library,0
TRK-9792,0.606,0.95,-9.8,0.039,0.789,0.172,137.5,Algorithmic Radio,1
TRK-9793,0.358,0.906,-12.7,0.02,0.746,0.333,99.6,User Library,1
TRK-9794,0.5,0.543,-5.4,0.13,0.933,0.338,115.1,User Library,0
TRK-9795,0.625,0.8,-11.1,0.197,0.4,0.68,127.4,Curated Playlist,0
TRK-9796,0.208,0.219,-15.4,0.113,0.212,0.152,133.1,Curated Playlist,1
TRK-9797,0.648,0.96,-17.7,0.138,0.55,0.796,98.4,User Library,0
TRK-9798,0.935,0.949,-4.5,0.02,0.119,0.735,105.3,Algorithmic Radio,0
TRK-9799,0.302,0.244,-7.0,0.024,0.293,0.218,80.3,Curated Playlist,0
TRK-9800,0.784,0.363,-9.1,0.02,0.214,0.697,145.0,Curated Playlist,0
TRK-9801,0.876,0.188,-11.3,0.116,0.399,0.652,111.8,User Library,0
TRK-9802,0.905,0.339,-11.6,0.236,0.119,0.723,131.2,Algorithmic Radio,1
TRK-9803,0.918,0.818,-13.8,0.101,0.041,0.22,154.1,User Library,0
TRK-9804,0.567,0.433,-11.2,0.171,0.654,0.192,125.3,Curated Playlist,1
TRK-9805,0.932,0.178,-18.0,0.081,0.608,0.263,117.3,User Library,0
TRK-9806,0.756,0.401,-12.4,0.039,0.704,0.379,124.7,Curated Playlist,0
TRK-9807,0.279,0.964,-10.7,0.044,0.657,0.764,121.5,User Library,0
TRK-9808,0.532,0.654,-7.1,0.02,0.122,0.714,149.9,User Library,0
TRK-9809,0.725,0.466,-9.7,0.02,0.295,0.883,127.5,Algorithmic Radio,0
TRK-9810,0.348,0.247,-6.3,0.095,0.137,0.103,106.9,User Library,0
TRK-9811,0.662,0.968,-4.1,0.046,0.836,0.06,145.1,User Library,0
TRK-9812,0.683,0.822,-5.3,0.064,0.742,0.679,149.5,Curated Playlist,0
TRK-9813,0.28,0.348,-7.6,0.065,0.207,0.301,87.9,Curated Playlist,0
TRK-9814,0.602,0.162,-9.5,0.026,0.344,0.351,156.8,User Library,0
TRK-9815,0.767,0.15,-13.4,0.052,0.957,0.542,128.8,User Library,0
TRK-9816,0.549,0.206,-6.5,0.051,0.592,0.142,126.8,Algorithmic Radio,1
TRK-9817,0.16,0.611,-2.8,0.039,0.795,0.628,144.2,Curated Playlist,1
TRK-9818,0.157,0.917,-8.1,0.137,0.269,0.343,106.4,User Library,0
TRK-9819,0.436,0.537,-1.8,0.048,0.216,0.619,142.9,Algorithmic Radio,1
TRK-9820,0.891,0.842,-15.6,0.074,0.778,0.801,111.0,Curated Playlist,0
TRK-9821,0.333,0.492,-14.1,0.181,0.682,0.204,84.6,User Library,0
TRK-9822,0.657,0.724,-6.1,0.161,0.677,0.888,96.1,User Library,0
TRK-9823,0.328,0.744,-8.4,0.177,0.552,0.528,133.6,User Library,0
TRK-9824,0.407,0.253,-4.2,0.025,0.562,0.881,97.3,Algorithmic Radio,0
TRK-9825,0.828,0.418,-9.6,0.02,0.731,0.237,158.6,User Library,0
TRK-9826,0.733,0.661,-13.0,0.024,0.275,0.594,148.5,User Library,0
TRK-9827,0.226,0.162,-10.4,0.026,0.356,0.413,152.0,Algorithmic Radio,0
TRK-9828,0.493,0.418,-15.6,0.192,0.864,0.747,123.0,User Library,1
TRK-9829,0.173,0.571,-14.0,0.084,0.313,0.595,126.2,Curated Playlist,0
TRK-9830,0.535,0.977,-5.6,0.02,0.545,0.495,91.4,User Library,0
TRK-9831,0.68,0.518,-6.0,0.02,0.699,0.872,143.9,Curated Playlist,0
TRK-9832,0.245,0.818,-8.0,0.02,0.99,0.389,129.1,User Library,1
TRK-9833,0.381,0.48,-16.4,0.08,0.437,0.248,133.6,User Library,0
TRK-9834,0.468,0.801,-10.9,0.106,0.43,0.597,160.5,Curated Playlist,0
TRK-9835,0.886,0.624,-14.4,0.157,0.836,0.612,105.5,Curated Playlist,0
TRK-9836,0.945,0.88,-4.8,0.226,0.799,0.445,117.0,Curated Playlist,0
TRK-9837,0.186,0.462,-11.8,0.02,0.726,0.488,127.8,Curated Playlist,1
TRK-9838,0.759,0.632,-13.8,0.03,0.464,0.914,97.5,Curated Playlist,0
TRK-9839,0.447,0.654,-9.4,0.022,0.327,0.709,115.5,Curated Playlist,0
TRK-9840,0.464,0.467,-12.1,0.036,0.607,0.15,131.8,Curated Playlist,0
TRK-9841,0.753,0.227,-3.6,0.197,0.869,0.241,112.2,Curated Playlist,1
TRK-9842,0.885,0.182,-12.4,0.068,0.876,0.928,151.4,Curated Playlist,0
TRK-9843,0.911,0.115,-15.1,0.107,0.116,0.704,83.7,Curated Playlist,0
TRK-9844,0.612,0.869,-18.1,0.054,0.43,0.874,146.9,User Library,0
TRK-9845,0.436,0.308,-9.6,0.02,0.465,0.323,135.9,User Library,1
TRK-9846,0.78,0.286,-11.7,0.02,0.968,0.718,106.3,User Library,0
TRK-9847,0.351,0.748,-15.2,0.062,0.674,0.693,97.8,Algorithmic Radio,0
TRK-9848,0.601,0.382,-4.7,0.101,0.409,0.315,70.1,Curated Playlist,0
TRK-9849,0.437,0.545,-6.8,0.02,0.036,0.546,100.9,Curated Playlist,0
TRK-9850,0.675,0.243,-9.6,0.102,0.564,0.615,145.1,User Library,0
TRK-9851,0.342,0.945,-4.0,0.133,0.104,0.483,118.7,User Library,0
TRK-9852,0.303,0.849,-6.8,0.042,0.828,0.794,147.9,Algorithmic Radio,0
TRK-9853,0.885,0.86,-12.8,0.11,0.747,0.8,105.1,Algorithmic Radio,0
TRK-9854,0.231,0.458,-13.7,0.041,0.461,0.816,137.0,User Library,0
TRK-9855,0.555,0.771,-6.2,0.091,0.431,0.773,102.8,Curated Playlist,0
TRK-9856,0.327,0.227,-7.9,0.116,0.889,0.489,96.8,User Library,0
TRK-9857,0.181,0.108,-8.8,0.386,0.293,0.393,117.4,User Library,1
TRK-9858,0.179,0.118,-12.9,0.034,0.254,0.798,104.0,Curated Playlist,0
TRK-9859,0.29,0.616,-7.1,0.042,0.93,0.491,83.0,Curated Playlist,0
TRK-9860,0.843,0.501,-12.5,0.02,0.803,0.272,115.6,Curated Playlist,0
TRK-9861,0.376,0.556,-9.9,0.02,0.814,0.507,122.6,User Library,0
TRK-9862,0.91,0.107,-3.7,0.095,0.201,0.178,150.4,User Library,0
TRK-9863,0.615,0.472,-12.1,0.199,0.15,0.672,142.5,User Library,0
TRK-9864,0.499,0.732,-15.8,0.04,0.036,0.352,149.3,User Library,1
TRK-9865,0.614,0.49,-13.7,0.02,0.242,0.285,137.3,Curated Playlist,0
TRK-9866,0.563,0.744,-5.5,0.027,0.769,0.911,128.0,User Library,0
TRK-9867,0.757,0.305,-8.5,0.049,0.245,0.749,90.5,User Library,0
TRK-9868,0.376,0.816,-10.0,0.027,0.725,0.758,123.6,User Library,0
TRK-9869,0.432,0.618,-11.5,0.021,0.257,0.611,134.3,Curated Playlist,0
TRK-9870,0.865,0.285,-7.6,0.107,0.397,0.805,155.0,Curated Playlist,0
TRK-9871,0.907,0.308,-12.9,0.02,0.973,0.733,136.5,Curated Playlist,1
TRK-9872,0.864,0.653,-8.3,0.062,0.25,0.589,149.8,User Library,0
TRK-9873,0.486,0.83,-12.4,0.126,0.379,0.915,95.2,User Library,0
TRK-9874,0.774,0.466,-13.1,0.025,0.305,0.222,112.2,User Library,0
TRK-9875,0.531,0.327,-12.0,0.074,0.117,0.899,130.3,User Library,0
TRK-9876,0.548,0.863,-11.0,0.088,0.49,0.411,147.9,User Library,0
TRK-9877,0.314,0.689,-9.7,0.085,0.381,0.526,116.5,User Library,0
TRK-9878,0.623,0.494,-8.6,0.047,0.691,0.16,118.0,Curated Playlist,0
TRK-9879,0.299,0.529,-24.3,0.034,0.811,0.536,136.5,Algorithmic Radio,1
TRK-9880,0.415,0.28,-12.7,0.145,0.543,0.6,93.0,User Library,1
TRK-9881,0.834,0.652,-11.1,0.114,0.042,0.948,158.6,Algorithmic Radio,1
TRK-9882,0.316,0.416,-3.5,0.031,0.617,0.928,98.9,User Library,0
TRK-9883,0.207,0.976,-13.8,0.02,0.064,0.92,74.0,Curated Playlist,1
TRK-9884,0.205,0.523,-8.8,0.02,0.614,0.364,120.2,Curated Playlist,0
TRK-9885,0.903,0.528,-3.5,0.02,0.681,0.942,160.8,Algorithmic Radio,0
TRK-9886,0.556,0.598,-14.8,0.07,0.204,0.46,134.1,User Library,0
TRK-9887,0.478,0.907,-7.9,0.02,0.813,0.817,138.0,User Library,0
TRK-9888,0.799,0.805,-12.7,0.033,0.903,0.245,121.0,User Library,0
TRK-9889,0.819,0.497,-11.5,0.112,0.807,0.505,116.3,User Library,0
TRK-9890,0.416,0.732,-12.7,0.028,0.309,0.919,82.9,Algorithmic Radio,0
TRK-9891,0.705,0.616,-12.4,0.115,0.585,0.902,65.8,Curated Playlist,0
TRK-9892,0.767,0.533,-1.0,0.109,0.907,0.665,124.7,Curated Playlist,0
TRK-9893,0.674,0.269,-6.1,0.023,0.324,0.768,151.5,Curated Playlist,0
TRK-9894,0.271,0.508,-5.1,0.104,0.814,0.209,128.3,Algorithmic Radio,1
TRK-9895,0.851,0.316,-7.5,0.11,0.019,0.699,135.0,User Library,0
TRK-9896,0.581,0.905,-15.9,0.041,0.014,0.606,158.0,User Library,0
TRK-9897,0.376,0.395,-7.9,0.02,0.755,0.132,127.9,Algorithmic Radio,1
TRK-9898,0.49,0.938,-5.2,0.059,0.756,0.152,117.1,User Library,0
TRK-9899,0.18,0.569,-12.9,0.203,0.783,0.148,100.4,User Library,1
TRK-9900,0.252,0.656,-5.6,0.082,0.921,0.702,168.5,User Library,0
TRK-9901,0.762,0.578,-6.7,0.02,0.126,0.178,132.6,Curated Playlist,0
TRK-9902,0.15,0.214,-2.1,0.092,0.237,0.471,97.4,Curated Playlist,0
TRK-9903,0.483,0.431,-11.2,0.045,0.896,0.371,91.9,User Library,0
TRK-9904,0.568,0.187,-13.9,0.072,0.184,0.545,150.1,Curated Playlist,0
TRK-9905,0.194,0.648,-10.9,0.106,0.679,0.686,95.1,Curated Playlist,1
TRK-9906,0.928,0.493,-3.8,0.058,0.53,0.666,164.5,Algorithmic Radio,0
TRK-9907,0.331,0.785,-16.8,0.135,0.092,0.514,65.0,Curated Playlist,1
TRK-9908,0.393,0.294,-17.8,0.102,0.29,0.468,154.1,Curated Playlist,0
TRK-9909,0.393,0.245,-9.1,0.076,0.52,0.408,131.7,Curated Playlist,0
TRK-9910,0.334,0.458,-11.3,0.02,0.845,0.826,122.8,User Library,0
TRK-9911,0.151,0.915,-9.5,0.145,0.703,0.348,115.8,User Library,0
TRK-9912,0.733,0.725,-5.7,0.22,0.619,0.283,165.4,Curated Playlist,0
TRK-9913,0.923,0.469,-11.7,0.02,0.496,0.719,137.0,User Library,0
TRK-9914,0.329,0.555,-17.0,0.054,0.303,0.374,98.3,User Library,0
TRK-9915,0.68,0.174,-1.3,0.024,0.127,0.812,78.7,Curated Playlist,0
TRK-9916,0.744,0.966,-13.5,0.112,0.411,0.345,124.3,User Library,1
TRK-9917,0.829,0.686,-13.7,0.102,0.038,0.682,120.0,User Library,0
TRK-9918,0.488,0.351,-5.1,0.02,0.217,0.091,83.5,Curated Playlist,0
TRK-9919,0.392,0.616,-11.0,0.168,0.434,0.397,118.7,Curated Playlist,0
TRK-9920,0.41,0.196,-9.8,0.02,0.42,0.359,106.2,Algorithmic Radio,1
TRK-9921,0.72,0.95,-7.6,0.128,0.053,0.785,120.2,Curated Playlist,1
TRK-9922,0.803,0.254,-5.2,0.049,0.587,0.92,137.4,Curated Playlist,0
TRK-9923,0.295,0.67,-10.8,0.032,0.549,0.465,155.8,User Library,0
TRK-9924,0.447,0.316,-3.4,0.02,0.087,0.792,141.8,User Library,0
TRK-9925,0.872,0.731,-18.0,0.02,0.934,0.68,102.7,User Library,0
TRK-9926,0.795,0.784,-6.5,0.087,0.107,0.921,128.9,Curated Playlist,0
TRK-9927,0.938,0.693,-12.9,0.064,0.848,0.78,121.5,Curated Playlist,0
TRK-9928,0.753,0.641,-4.0,0.02,0.01,0.12,88.0,Curated Playlist,0
TRK-9929,0.465,0.885,-8.9,0.02,0.875,0.692,129.6,Curated Playlist,1
TRK-9930,0.623,0.169,-12.2,0.02,0.029,0.532,164.6,User Library,0
TRK-9931,0.679,0.391,-6.8,0.109,0.753,0.065,120.8,Curated Playlist,0
TRK-9932,0.213,0.318,-5.9,0.1,0.364,0.276,81.7,User Library,0
TRK-9933,0.586,0.969,-6.9,0.02,0.733,0.88,120.7,User Library,1
TRK-9934,0.717,0.443,-13.6,0.066,0.404,0.883,90.9,Curated Playlist,0
TRK-9935,0.284,0.745,-11.4,0.02,0.079,0.769,140.7,Algorithmic Radio,0
TRK-9936,0.775,0.703,-9.5,0.187,0.762,0.934,132.6,Algorithmic Radio,1
TRK-9937,0.617,0.287,-9.7,0.19,0.08,0.776,115.9,Algorithmic Radio,0
TRK-9938,0.912,0.31,-6.5,0.096,0.914,0.059,112.1,User Library,0
TRK-9939,0.184,0.348,-17.6,0.208,0.06,0.309,114.9,User Library,0
TRK-9940,0.362,0.462,-8.2,0.133,0.48,0.078,120.2,User Library,0
TRK-9941,0.631,0.306,-10.7,0.141,0.719,0.135,101.5,User Library,0
TRK-9942,0.387,0.117,-12.9,0.067,0.395,0.247,86.7,User Library,0
TRK-9943,0.722,0.874,-12.5,0.029,0.223,0.503,147.3,Curated Playlist,0
TRK-9944,0.757,0.95,-10.4,0.02,0.754,0.813,110.8,Curated Playlist,0
TRK-9945,0.232,0.401,-23.9,0.032,0.779,0.826,124.0,Algorithmic Radio,0
TRK-9946,0.561,0.398,-12.3,0.079,0.914,0.605,126.8,Algorithmic Radio,0
TRK-9947,0.557,0.106,-13.0,0.02,0.379,0.885,127.7,User Library,0
TRK-9948,0.445,0.699,-7.4,0.024,0.506,0.5,91.8,Algorithmic Radio,0
TRK-9949,0.896,0.826,-12.7,0.05,0.366,0.85,79.8,Curated Playlist,0
TRK-9950,0.812,0.229,-10.4,0.021,0.262,0.459,105.9,Curated Playlist,0
TRK-9951,0.708,0.241,-3.3,0.071,0.746,0.3,129.5,Curated Playlist,1
TRK-9952,0.721,0.795,-5.5,0.205,0.343,0.875,102.5,User Library,0
TRK-9953,0.519,0.642,-5.9,0.11,0.43,0.399,111.5,Algorithmic Radio,1
TRK-9954,0.887,0.139,-11.5,0.088,0.406,0.503,171.1,Curated Playlist,0
TRK-9955,0.706,0.648,-7.3,0.07,0.708,0.346,75.7,Algorithmic Radio,0
TRK-9956,0.733,0.372,-10.4,0.054,0.909,0.647,101.9,Algorithmic Radio,0
TRK-9957,0.839,0.424,-10.3,0.02,0.663,0.946,165.5,Curated Playlist,0
TRK-9958,0.369,0.777,-7.9,0.18,0.472,0.073,118.9,User Library,0
TRK-9959,0.796,0.814,-11.9,0.023,0.774,0.86,103.1,User Library,1
TRK-9960,0.306,0.452,-3.5,0.02,0.638,0.054,148.1,User Library,0
TRK-9961,0.426,0.933,-10.1,0.111,0.069,0.378,121.3,User Library,0
TRK-9962,0.418,0.458,-7.0,0.02,0.104,0.202,111.6,Algorithmic Radio,0
TRK-9963,0.933,0.779,-3.7,0.037,0.047,0.732,124.6,User Library,0
TRK-9964,0.835,0.526,-5.4,0.02,0.458,0.096,104.2,Algorithmic Radio,0
TRK-9965,0.711,0.89,-15.1,0.02,0.819,0.548,95.6,Curated Playlist,1
TRK-9966,0.732,0.899,-7.7,0.02,0.317,0.315,117.3,User Library,0
TRK-9967,0.6,0.177,-6.1,0.02,0.386,0.17,95.7,Curated Playlist,0
TRK-9968,0.908,0.924,-5.9,0.086,0.901,0.745,120.3,Curated Playlist,0
TRK-9969,0.547,0.826,-14.0,0.145,0.83,0.246,128.5,Curated Playlist,0
TRK-9970,0.454,0.796,-12.1,0.037,0.662,0.251,140.5,Curated Playlist,0
TRK-9971,0.28,0.277,-5.5,0.166,0.271,0.298,147.1,User Library,0
TRK-9972,0.779,0.809,-12.5,0.02,0.125,0.578,110.3,Curated Playlist,0
TRK-9973,0.738,0.848,-10.7,0.031,0.026,0.644,132.0,Curated Playlist,1
TRK-9974,0.457,0.354,-3.2,0.02,0.115,0.066,131.8,Curated Playlist,0
TRK-9975,0.17,0.938,-9.7,0.078,0.297,0.268,127.9,Algorithmic Radio,0
TRK-9976,0.821,0.144,-12.4,0.044,0.551,0.438,108.5,User Library,0
TRK-9977,0.159,0.232,-13.0,0.076,0.073,0.349,95.3,User Library,1
TRK-9978,0.713,0.573,-8.2,0.115,0.144,0.846,132.0,Curated Playlist,0
TRK-9979,0.926,0.607,-14.8,0.063,0.187,0.759,79.0,Algorithmic Radio,1
TRK-9980,0.5,0.668,-10.5,0.079,0.629,0.613,113.6,User Library,1
TRK-9981,0.338,0.115,-8.2,0.219,0.613,0.354,65.0,User Library,1
TRK-9982,0.714,0.945,-4.3,0.028,0.55,0.681,87.9,User Library,0
TRK-9983,0.804,0.139,-6.8,0.036,0.255,0.809,98.9,User Library,0
TRK-9984,0.587,0.226,-12.4,0.101,0.374,0.585,146.3,User Library,0
TRK-9985,0.924,0.112,-4.8,0.076,0.105,0.756,136.5,User Library,0
TRK-9986,0.191,0.599,-10.7,0.02,0.232,0.724,106.7,Curated Playlist,1
TRK-9987,0.554,0.92,-14.4,0.038,0.89,0.565,137.5,User Library,0
TRK-9988,0.725,0.686,-10.2,0.05,0.97,0.331,141.3,User Library,1
TRK-9989,0.84,0.824,-3.7,0.043,0.645,0.721,116.1,User Library,0
TRK-9990,0.293,0.112,-8.8,0.02,0.908,0.236,86.8,Algorithmic Radio,0
TRK-9991,0.79,0.577,-9.4,0.207,0.64,0.752,115.0,Curated Playlist,1
TRK-9992,0.592,0.504,-3.0,0.115,0.043,0.774,117.7,Algorithmic Radio,0
TRK-9993,0.467,0.539,-15.2,0.053,0.987,0.79,90.4,Curated Playlist,0
TRK-9994,0.255,0.164,-14.6,0.091,0.107,0.476,128.8,User Library,0
TRK-9995,0.842,0.702,-16.0,0.182,0.679,0.223,126.7,User Library,0
TRK-9996,0.276,0.543,-8.0,0.02,0.258,0.14,130.7,Curated Playlist,0
TRK-9997,0.398,0.773,-8.8,0.023,0.394,0.719,126.7,Curated Playlist,0
TRK-9998,0.382,0.527,-3.3,0.063,0.643,0.848,137.5,Curated Playlist,1
TRK-9999,0.847,0.231,-8.5,0.128,0.438,0.636,115.7,Curated Playlist,0
