engine_id,cycle,sensor_2_temp,sensor_3_pressure,sensor_4_speed,sensor_7_flow,true_rul_cycles
1,1,641.82,1580.69,1400.43,553.39,221
1,2,641.71,1579.99,1398.5,552.81,220
1,3,642.27,1579.09,1400.23,552.89,219
1,4,642.16,1579.76,1399.79,552.88,218
1,5,642.28,1579.42,1400.38,552.89,217
1,6,642.68,1580.29,1399.9,553.45,216
1,7,641.46,1581.82,1401.0,552.53,215
1,8,642.76,1581.0,1400.12,552.49,214
1,9,642.57,1579.77,1399.38,552.71,213
1,10,642.2,1580.76,1400.4,553.16,212
1,11,642.7,1580.55,1399.87,553.13,211
1,12,642.77,1584.01,1400.86,553.25,210
1,13,642.68,1580.99,1399.49,552.95,209
1,14,642.2,1580.34,1400.72,552.63,208
1,15,641.95,1580.07,1401.56,552.9,207
1,16,642.89,1581.3,1401.39,552.75,206
1,17,642.58,1582.56,1400.72,552.42,205
1,18,643.17,1582.71,1399.71,552.83,204
1,19,641.91,1582.58,1400.28,552.85,203
1,20,642.52,1581.77,1399.98,552.51,202
1,21,642.78,1582.59,1402.57,552.75,201
1,22,642.96,1580.27,1400.05,552.61,200
1,23,642.93,1582.3,1401.81,552.64,199
1,24,642.33,1582.71,1401.21,552.23,198
1,25,642.79,1580.03,1401.08,552.72,197
1,26,642.86,1580.75,1401.2,552.61,196
1,27,642.49,1580.63,1401.56,552.08,195
1,28,643.85,1581.73,1400.79,552.19,194
1,29,642.92,1581.3,1399.89,552.79,193
1,30,643.14,1582.02,1402.28,552.08,192
1,31,642.88,1582.67,1401.62,552.48,191
1,32,643.19,1581.9,1402.88,552.67,190
1,33,642.26,1584.04,1403.51,552.7,189
1,34,643.22,1581.5,1402.42,552.13,188
1,35,643.48,1582.37,1402.87,552.17,187
1,36,643.2,1582.92,1403.49,552.29,186
1,37,643.25,1583.56,1402.57,551.96,185
1,38,643.24,1583.92,1402.4,551.49,184
1,39,643.69,1583.78,1401.44,552.41,183
1,40,644.28,1583.21,1401.66,552.03,182
1,41,643.58,1583.26,1402.27,552.32,181
1,42,643.55,1583.09,1403.04,551.83,180
1,43,643.69,1583.07,1403.06,552.06,179
1,44,643.95,1584.34,1400.9,552.46,178
1,45,643.33,1581.77,1400.13,551.85,177
1,46,643.76,1582.69,1402.12,551.73,176
1,47,644.15,1584.37,1402.88,551.48,175
1,48,644.75,1583.46,1403.03,551.58,174
1,49,643.87,1583.85,1402.54,552.27,173
1,50,644.43,1581.81,1403.38,552.1,172
1,51,643.95,1581.61,1403.94,552.09,171
1,52,643.28,1583.27,1403.07,552.1,170
1,53,643.98,1584.04,1404.56,552.39,169
1,54,643.69,1582.98,1402.83,551.38,168
1,55,643.57,1581.82,1402.05,552.3,167
1,56,643.8,1582.6,1403.73,551.73,166
1,57,644.35,1583.03,1401.64,551.98,165
1,58,643.6,1583.36,1402.55,551.88,164
1,59,644.04,1583.89,1401.94,552.4,163
1,60,643.82,1585.55,1403.36,551.83,162
1,61,644.48,1581.92,1404.07,551.61,161
1,62,644.86,1584.06,1403.05,551.36,160
1,63,644.11,1584.82,1402.36,551.13,159
1,64,644.11,1585.39,1404.88,551.5,158
1,65,643.87,1584.04,1403.66,551.86,157
1,66,645.38,1584.79,1404.89,551.52,156
1,67,644.6,1583.88,1403.08,551.56,155
1,68,644.49,1583.93,1403.24,551.95,154
1,69,645.49,1584.13,1403.47,551.76,153
1,70,645.95,1584.89,1404.56,552.04,152
1,71,644.86,1585.97,1404.32,551.87,151
1,72,644.34,1585.17,1404.28,551.68,150
1,73,645.25,1585.53,1403.03,551.7,149
1,74,644.48,1584.23,1403.67,551.47,148
1,75,644.25,1586.48,1403.13,551.95,147
1,76,644.46,1586.74,1404.09,550.94,146
1,77,644.53,1586.86,1404.52,551.42,145
1,78,644.1,1587.01,1405.71,551.93,144
1,79,644.78,1585.87,1404.66,550.94,143
1,80,645.14,1586.76,1404.94,551.05,142
1,81,644.76,1586.49,1404.88,550.68,141
1,82,644.16,1585.52,1403.96,551.25,140
1,83,645.01,1586.86,1404.57,551.4,139
1,84,644.68,1581.71,1405.44,551.94,138
1,85,645.12,1586.12,1404.85,551.78,137
1,86,645.65,1586.48,1404.69,551.27,136
1,87,644.76,1585.5,1405.41,551.17,135
1,88,645.39,1584.61,1405.11,550.78,134
1,89,645.52,1585.87,1403.42,551.52,133
1,90,645.38,1588.4,1406.05,550.91,132
1,91,645.17,1584.82,1403.65,551.03,131
1,92,646.1,1584.0,1405.65,551.37,130
1,93,645.78,1587.25,1404.14,551.34,129
1,94,645.38,1583.49,1405.13,550.84,128
1,95,646.18,1586.16,1405.17,551.19,127
1,96,645.57,1586.45,1405.86,550.73,126
1,97,645.43,1585.48,1406.39,550.82,125
1,98,645.69,1585.99,1405.05,550.79,124
1,99,645.98,1585.53,1404.27,550.83,123
1,100,645.51,1585.24,1405.15,550.47,122
1,101,646.56,1585.12,1404.94,550.83,121
1,102,646.58,1584.91,1405.63,551.24,120
1,103,645.82,1585.65,1405.48,551.37,119
1,104,645.74,1588.84,1405.83,551.26,118
1,105,646.11,1586.61,1406.99,550.94,117
1,106,646.13,1588.23,1406.47,551.1,116
1,107,645.56,1586.56,1405.26,550.6,115
1,108,645.79,1586.59,1406.11,550.96,114
1,109,646.17,1586.95,1406.91,550.76,113
1,110,646.59,1586.85,1406.28,551.17,112
1,111,645.21,1586.81,1406.47,551.11,111
1,112,646.37,1587.73,1407.34,551.11,110
1,113,645.98,1587.88,1406.4,551.23,109
1,114,646.71,1587.68,1406.34,550.12,108
1,115,646.79,1588.65,1407.19,550.63,107
1,116,646.49,1587.36,1405.35,550.47,106
1,117,645.75,1589.11,1404.58,551.24,105
1,118,645.81,1589.88,1405.65,550.78,104
1,119,646.26,1590.16,1406.47,550.91,103
1,120,646.63,1588.64,1406.98,550.41,102
1,121,646.12,1586.72,1406.58,550.4,101
1,122,645.81,1588.97,1405.62,550.18,100
1,123,646.69,1587.34,1406.75,551.1,99
1,124,646.6,1587.22,1406.85,550.25,98
1,125,646.8,1588.94,1406.73,550.48,97
1,126,646.9,1590.54,1406.61,550.48,96
1,127,647.21,1589.26,1406.58,550.7,95
1,128,646.55,1588.49,1406.3,550.58,94
1,129,647.42,1589.1,1407.03,550.12,93
1,130,646.7,1587.47,1405.29,550.25,92
1,131,646.9,1591.58,1408.33,550.51,91
1,132,647.89,1590.71,1405.53,550.64,90
1,133,647.38,1588.76,1406.06,550.48,89
1,134,646.3,1589.15,1406.75,549.91,88
1,135,647.64,1589.19,1407.44,550.54,87
1,136,647.2,1589.85,1408.0,550.41,86
1,137,647.36,1591.52,1408.4,550.2,85
1,138,646.92,1590.21,1407.63,550.72,84
1,139,647.72,1590.43,1407.52,549.92,83
1,140,647.28,1590.16,1406.18,550.53,82
1,141,648.23,1587.32,1406.5,550.21,81
1,142,647.2,1590.04,1407.62,549.81,80
1,143,647.99,1590.35,1407.28,550.55,79
1,144,647.31,1588.37,1407.93,550.19,78
1,145,647.76,1590.76,1408.25,550.2,77
1,146,647.36,1589.18,1408.49,550.11,76
1,147,647.96,1588.02,1407.55,550.59,75
1,148,647.89,1590.49,1408.57,550.66,74
1,149,648.5,1588.31,1407.09,549.5,73
1,150,647.44,1590.34,1408.3,549.5,72
1,151,647.03,1589.42,1408.9,550.27,71
1,152,648.5,1590.37,1408.88,550.22,70
1,153,647.66,1590.94,1408.8,549.63,69
1,154,648.55,1590.5,1408.39,549.59,68
1,155,647.62,1587.98,1408.42,550.61,67
1,156,647.57,1594.25,1409.56,549.7,66
1,157,648.02,1590.59,1409.85,549.97,65
1,158,648.52,1591.25,1408.45,549.9,64
1,159,647.93,1589.14,1409.25,549.33,63
1,160,648.02,1590.43,1409.16,550.23,62
1,161,648.65,1591.83,1408.2,549.68,61
1,162,648.07,1590.53,1408.43,549.59,60
1,163,648.05,1592.3,1407.97,549.48,59
1,164,647.65,1592.93,1408.23,549.87,58
1,165,648.51,1592.88,1408.75,549.37,57
1,166,647.73,1588.02,1409.1,549.87,56
1,167,648.58,1589.6,1409.86,549.41,55
1,168,648.07,1590.64,1409.14,549.15,54
1,169,648.46,1592.09,1410.02,549.63,53
1,170,647.97,1591.82,1408.34,549.22,52
1,171,648.0,1589.41,1408.79,549.87,51
1,172,649.49,1591.09,1410.17,549.4,50
1,173,647.96,1592.69,1409.54,550.04,49
1,174,648.05,1595.27,1410.68,549.47,48
1,175,648.58,1591.12,1409.55,549.4,47
1,176,648.94,1591.7,1410.65,549.47,46
1,177,648.67,1593.35,1408.27,549.51,45
1,178,648.83,1590.49,1408.25,549.69,44
1,179,649.24,1592.46,1411.05,549.5,43
1,180,649.39,1592.83,1409.51,549.03,42
1,181,648.69,1592.08,1410.87,549.56,41
1,182,649.1,1593.51,1410.26,549.39,40
1,183,648.41,1593.9,1409.53,549.62,39
1,184,649.52,1591.79,1410.71,549.16,38
1,185,648.94,1592.98,1410.23,549.26,37
1,186,648.59,1592.59,1411.88,548.39,36
1,187,649.51,1594.07,1409.02,549.07,35
1,188,648.8,1595.1,1411.04,549.53,34
1,189,649.28,1594.52,1410.21,549.58,33
1,190,649.22,1592.19,1411.72,549.14,32
1,191,648.95,1591.99,1409.6,549.38,31
1,192,649.31,1595.9,1411.33,549.19,30
1,193,649.95,1592.62,1408.95,548.79,29
1,194,649.49,1593.02,1411.15,549.03,28
1,195,649.77,1595.15,1410.44,549.21,27
1,196,648.8,1593.27,1409.61,549.07,26
1,197,649.64,1593.77,1410.26,549.7,25
1,198,649.07,1591.96,1412.03,548.78,24
1,199,649.24,1596.39,1411.55,548.79,23
1,200,649.74,1596.03,1411.36,549.33,22
1,201,650.02,1594.88,1410.9,548.93,21
1,202,649.84,1594.71,1410.69,548.94,20
1,203,649.65,1594.04,1409.97,549.67,19
1,204,649.52,1593.53,1410.37,549.05,18
1,205,649.77,1592.88,1411.61,549.08,17
1,206,649.86,1593.31,1412.89,548.93,16
1,207,649.42,1595.87,1410.5,549.63,15
1,208,650.0,1595.46,1409.58,548.4,14
1,209,650.54,1594.69,1412.93,548.91,13
1,210,650.1,1596.43,1412.16,548.68,12
1,211,649.64,1591.6,1411.06,548.37,11
1,212,651.16,1593.73,1410.92,548.25,10
1,213,650.05,1593.79,1412.9,548.73,9
1,214,650.19,1594.49,1412.2,548.53,8
1,215,650.5,1596.66,1411.99,548.57,7
1,216,649.89,1594.46,1412.13,548.16,6
1,217,650.64,1595.11,1411.61,548.4,5
1,218,650.16,1595.64,1411.68,548.43,4
1,219,650.57,1595.6,1410.84,548.73,3
1,220,651.42,1595.63,1410.53,548.59,2
1,221,649.73,1598.93,1413.73,548.32,1
1,222,649.6,1594.15,1411.86,547.97,0
2,1,642.26,1581.38,1399.38,553.01,185
2,2,641.39,1578.65,1400.84,552.67,184
2,3,641.8,1580.24,1400.75,552.61,183
2,4,640.79,1579.28,1401.22,553.01,182
2,5,642.76,1579.05,1399.01,553.02,181
2,6,642.37,1580.86,1401.13,552.98,180
2,7,642.48,1581.43,1400.85,553.09,179
2,8,642.77,1582.49,1400.0,552.95,178
2,9,642.26,1579.74,1400.03,552.93,177
2,10,642.62,1581.3,1400.46,552.76,176
2,11,642.83,1579.11,1400.73,552.76,175
2,12,642.85,1579.36,1401.97,552.77,174
2,13,642.7,1580.58,1401.27,552.7,173
2,14,643.12,1579.41,1401.04,552.78,172
2,15,642.61,1580.74,1400.68,552.69,171
2,16,642.01,1582.47,1400.65,552.65,170
2,17,642.92,1580.76,1400.99,551.98,169
2,18,643.12,1582.77,1399.8,552.44,168
2,19,642.38,1581.34,1401.74,552.84,167
2,20,643.36,1583.21,1401.11,552.17,166
2,21,642.91,1582.48,1400.37,552.99,165
2,22,643.36,1581.55,1400.85,552.27,164
2,23,643.08,1581.6,1402.24,552.34,163
2,24,643.3,1581.93,1401.76,552.35,162
2,25,643.43,1582.91,1401.98,552.58,161
2,26,642.81,1582.51,1402.68,552.52,160
2,27,642.82,1582.15,1402.04,552.12,159
2,28,642.74,1581.91,1401.21,552.32,158
2,29,642.69,1583.05,1401.36,552.6,157
2,30,643.26,1582.42,1401.8,552.07,156
2,31,644.41,1581.94,1402.82,551.92,155
2,32,643.61,1583.19,1402.05,552.05,154
2,33,643.4,1582.21,1404.05,552.19,153
2,34,643.76,1584.92,1401.49,552.19,152
2,35,643.49,1582.76,1402.11,551.93,151
2,36,643.72,1581.67,1403.11,552.32,150
2,37,643.49,1582.49,1402.61,551.87,149
2,38,644.46,1583.53,1402.77,552.29,148
2,39,643.55,1584.49,1402.61,552.34,147
2,40,643.75,1584.85,1402.9,552.69,146
2,41,643.73,1583.6,1401.82,551.85,145
2,42,644.17,1584.79,1405.08,551.95,144
2,43,643.59,1584.42,1401.87,552.13,143
2,44,643.81,1583.85,1403.71,551.9,142
2,45,644.43,1584.73,1401.41,551.64,141
2,46,643.48,1586.16,1402.88,552.42,140
2,47,643.49,1583.15,1403.67,551.92,139
2,48,644.41,1582.42,1404.2,552.07,138
2,49,644.4,1583.18,1403.42,551.73,137
2,50,643.62,1584.03,1403.1,552.11,136
2,51,643.44,1584.45,1402.37,551.86,135
2,52,644.53,1584.15,1404.0,551.37,134
2,53,644.87,1583.48,1402.17,551.64,133
2,54,643.63,1584.72,1403.28,552.06,132
2,55,644.77,1582.82,1402.88,551.83,131
2,56,644.9,1586.04,1404.58,551.62,130
2,57,644.75,1586.22,1403.43,551.73,129
2,58,644.52,1584.08,1403.78,551.39,128
2,59,644.64,1583.58,1403.65,551.71,127
2,60,644.51,1584.91,1403.98,551.68,126
2,61,644.73,1586.29,1402.25,552.41,125
2,62,644.48,1585.55,1403.25,551.69,124
2,63,644.99,1584.37,1404.92,551.43,123
2,64,645.14,1584.13,1404.1,552.05,122
2,65,645.36,1585.68,1403.83,551.45,121
2,66,645.1,1585.93,1403.4,551.6,120
2,67,644.63,1587.43,1403.71,551.47,119
2,68,645.51,1585.25,1404.66,551.79,118
2,69,645.38,1586.07,1403.1,551.05,117
2,70,645.62,1586.4,1405.09,551.5,116
2,71,645.76,1585.49,1404.68,550.97,115
2,72,644.78,1583.91,1403.94,551.72,114
2,73,644.71,1585.6,1403.68,551.05,113
2,74,645.45,1585.21,1405.65,551.67,112
2,75,644.53,1585.31,1404.89,551.52,111
2,76,645.29,1586.19,1403.98,550.7,110
2,77,646.1,1584.1,1406.83,551.35,109
2,78,645.84,1587.06,1404.83,551.23,108
2,79,645.53,1587.12,1405.07,550.8,107
2,80,645.31,1585.36,1405.94,550.88,106
2,81,644.94,1587.1,1406.44,551.27,105
2,82,645.51,1584.8,1405.18,550.97,104
2,83,645.41,1587.44,1406.83,551.06,103
2,84,645.9,1585.74,1406.54,550.95,102
2,85,645.65,1587.02,1405.86,550.99,101
2,86,646.41,1587.49,1405.32,551.04,100
2,87,646.18,1585.55,1406.53,550.8,99
2,88,645.91,1588.09,1406.28,550.66,98
2,89,646.39,1586.6,1407.2,550.6,97
2,90,646.21,1586.42,1407.58,550.45,96
2,91,646.37,1586.55,1405.59,550.93,95
2,92,646.69,1589.47,1404.71,550.85,94
2,93,646.83,1585.58,1406.25,550.75,93
2,94,646.46,1586.75,1404.92,550.15,92
2,95,646.73,1589.09,1406.37,550.54,91
2,96,645.74,1588.52,1405.31,550.46,90
2,97,646.2,1587.69,1405.65,550.66,89
2,98,646.23,1588.85,1407.15,550.66,88
2,99,646.71,1590.63,1405.45,550.23,87
2,100,646.85,1590.51,1406.24,551.1,86
2,101,646.65,1587.44,1405.72,550.75,85
2,102,646.3,1588.43,1407.85,550.44,84
2,103,647.23,1586.96,1406.22,550.09,83
2,104,646.78,1589.44,1406.77,550.85,82
2,105,646.5,1588.85,1406.35,550.57,81
2,106,647.05,1589.36,1405.98,550.17,80
2,107,646.61,1588.46,1406.97,550.62,79
2,108,646.6,1586.9,1408.69,550.05,78
2,109,647.32,1588.95,1407.23,550.36,77
2,110,646.87,1589.55,1406.75,550.69,76
2,111,647.3,1589.79,1406.76,550.24,75
2,112,646.64,1588.73,1406.4,550.68,74
2,113,647.18,1589.44,1407.11,550.33,73
2,114,648.2,1588.96,1406.83,550.4,72
2,115,646.25,1589.47,1407.12,549.92,71
2,116,647.5,1589.54,1406.04,550.0,70
2,117,646.19,1589.91,1407.78,549.93,69
2,118,647.61,1588.1,1406.84,550.27,68
2,119,647.16,1589.65,1407.23,550.0,67
2,120,647.34,1588.96,1407.98,549.91,66
2,121,647.54,1589.01,1406.58,550.35,65
2,122,647.78,1592.72,1407.04,549.99,64
2,123,647.57,1591.24,1407.53,549.67,63
2,124,648.15,1589.75,1408.7,550.23,62
2,125,647.7,1590.01,1407.75,549.97,61
2,126,648.1,1589.34,1408.22,549.62,60
2,127,647.41,1590.34,1406.63,550.55,59
2,128,647.37,1590.41,1409.19,549.64,58
2,129,646.97,1590.01,1407.62,549.2,57
2,130,648.05,1590.87,1409.3,549.52,56
2,131,647.35,1590.22,1408.38,550.11,55
2,132,648.6,1592.24,1408.74,550.05,54
2,133,647.82,1591.07,1407.63,549.8,53
2,134,648.16,1593.02,1408.46,549.79,52
2,135,648.26,1590.49,1408.07,550.12,51
2,136,647.82,1589.52,1409.32,550.06,50
2,137,648.08,1590.67,1409.06,549.47,49
2,138,647.99,1592.33,1409.39,550.05,48
2,139,647.85,1590.76,1409.19,549.36,47
2,140,648.65,1592.91,1408.57,549.62,46
2,141,649.03,1593.68,1409.69,549.77,45
2,142,648.15,1592.04,1409.61,549.5,44
2,143,648.3,1590.15,1407.84,548.96,43
2,144,648.81,1591.94,1408.9,549.42,42
2,145,648.71,1591.65,1408.28,549.77,41
2,146,648.79,1592.25,1410.09,549.22,40
2,147,649.2,1591.84,1410.19,549.66,39
2,148,648.35,1592.7,1409.81,549.43,38
2,149,648.77,1592.07,1410.26,549.57,37
2,150,648.87,1590.47,1410.07,549.59,36
2,151,649.82,1593.63,1408.22,549.37,35
2,152,649.67,1593.17,1410.07,549.59,34
2,153,648.74,1593.08,1409.67,549.29,33
2,154,649.37,1591.47,1410.97,549.15,32
2,155,649.19,1590.99,1410.58,549.68,31
2,156,648.92,1591.42,1410.29,549.66,30
2,157,648.59,1591.5,1409.77,548.96,29
2,158,648.89,1590.4,1410.66,549.28,28
2,159,648.59,1594.74,1411.6,548.93,27
2,160,649.78,1592.39,1410.47,548.88,26
2,161,650.24,1592.8,1410.49,548.9,25
2,162,650.15,1595.5,1411.76,549.37,24
2,163,649.2,1594.31,1410.51,549.45,23
2,164,649.94,1592.62,1411.34,549.24,22
2,165,648.43,1594.44,1410.3,548.74,21
2,166,649.25,1593.4,1411.09,548.57,20
2,167,649.71,1594.34,1412.26,548.64,19
2,168,649.54,1594.04,1411.76,548.84,18
2,169,650.2,1591.49,1409.9,549.02,17
2,170,649.2,1592.48,1410.55,549.12,16
2,171,649.06,1594.18,1411.86,548.8,15
2,172,649.71,1594.54,1410.94,549.26,14
2,173,649.46,1594.08,1411.33,548.7,13
2,174,648.8,1594.03,1411.95,549.02,12
2,175,650.14,1592.98,1411.61,548.59,11
2,176,650.18,1594.53,1410.57,548.47,10
2,177,650.23,1594.2,1410.75,548.44,9
2,178,650.01,1596.43,1411.06,548.69,8
2,179,650.22,1593.27,1410.14,548.36,7
2,180,650.32,1594.81,1412.17,548.67,6
2,181,650.23,1594.07,1412.39,548.35,5
2,182,649.87,1595.55,1410.68,549.32,4
2,183,650.39,1595.37,1411.16,548.48,3
2,184,650.24,1594.39,1412.38,548.41,2
2,185,650.86,1598.31,1411.7,548.57,1
2,186,650.65,1597.37,1411.93,548.25,0
3,1,641.61,1579.82,1399.17,553.17,183
3,2,642.75,1579.85,1400.89,552.74,182
3,3,642.02,1579.27,1398.49,552.92,181
3,4,642.24,1581.61,1400.9,553.14,180
3,5,641.84,1580.96,1401.59,552.99,179
3,6,643.01,1582.92,1400.18,552.64,178
3,7,642.02,1578.76,1400.04,553.19,177
3,8,641.49,1579.42,1400.42,552.54,176
3,9,642.2,1580.13,1400.38,552.56,175
3,10,642.14,1581.95,1401.49,552.34,174
3,11,641.4,1582.18,1399.73,552.79,173
3,12,641.93,1582.55,1402.82,552.76,172
3,13,642.56,1580.69,1401.47,552.85,171
3,14,643.05,1580.4,1401.19,552.49,170
3,15,642.27,1581.19,1400.24,552.99,169
3,16,642.39,1581.76,1400.56,552.69,168
3,17,642.58,1579.9,1401.5,552.51,167
3,18,642.95,1580.97,1400.11,552.88,166
3,19,643.17,1580.89,1401.29,552.85,165
3,20,642.74,1581.29,1401.5,552.37,164
3,21,643.31,1581.53,1400.74,552.67,163
3,22,642.56,1584.24,1402.7,552.62,162
3,23,643.23,1582.36,1401.11,552.53,161
3,24,642.74,1582.59,1402.26,552.3,160
3,25,642.92,1580.61,1402.8,552.23,159
3,26,643.12,1582.51,1401.92,552.59,158
3,27,643.1,1580.86,1400.71,552.17,157
3,28,642.91,1581.95,1402.87,552.2,156
3,29,643.19,1582.38,1401.57,552.27,155
3,30,643.6,1583.54,1402.76,552.88,154
3,31,643.66,1585.24,1401.4,552.87,153
3,32,643.33,1582.31,1401.99,552.15,152
3,33,643.56,1582.03,1402.82,552.03,151
3,34,643.83,1584.64,1401.93,552.41,150
3,35,643.84,1585.59,1401.88,552.38,149
3,36,643.01,1582.38,1402.63,552.54,148
3,37,643.22,1584.0,1402.36,551.64,147
3,38,643.83,1585.19,1401.58,552.04,146
3,39,643.41,1582.66,1403.69,551.96,145
3,40,644.41,1584.64,1402.32,551.87,144
3,41,643.54,1582.27,1402.96,551.99,143
3,42,643.69,1581.61,1402.82,551.83,142
3,43,643.91,1583.92,1400.8,551.49,141
3,44,644.95,1583.03,1400.86,551.49,140
3,45,645.07,1582.87,1403.86,551.94,139
3,46,643.93,1584.73,1401.09,551.44,138
3,47,643.97,1582.27,1402.6,552.11,137
3,48,644.27,1585.56,1403.29,552.12,136
3,49,644.24,1583.34,1404.38,551.59,135
3,50,644.45,1585.05,1403.93,551.43,134
3,51,644.78,1583.04,1403.97,551.91,133
3,52,644.73,1582.85,1403.86,552.05,132
3,53,644.53,1583.4,1404.19,551.74,131
3,54,643.82,1583.39,1403.1,552.13,130
3,55,645.07,1586.14,1403.77,551.93,129
3,56,644.13,1584.63,1404.01,551.31,128
3,57,644.72,1586.73,1404.16,551.88,127
3,58,643.7,1586.66,1403.63,551.35,126
3,59,644.66,1583.09,1404.69,551.46,125
3,60,644.48,1584.75,1404.81,551.57,124
3,61,644.25,1585.6,1403.24,550.86,123
3,62,645.46,1585.67,1403.98,551.38,122
3,63,645.47,1588.91,1404.47,551.15,121
3,64,644.89,1585.8,1402.29,551.54,120
3,65,645.18,1586.96,1405.22,551.44,119
3,66,645.65,1587.89,1404.33,551.51,118
3,67,644.39,1583.79,1403.7,551.23,117
3,68,644.7,1585.57,1404.1,551.66,116
3,69,645.0,1582.96,1404.6,551.31,115
3,70,644.89,1585.9,1403.71,551.39,114
3,71,646.33,1583.7,1404.22,551.06,113
3,72,645.15,1587.17,1405.13,551.49,112
3,73,645.38,1584.44,1403.87,551.44,111
3,74,645.49,1587.63,1405.06,550.84,110
3,75,645.26,1586.87,1405.46,551.42,109
3,76,645.09,1584.84,1404.8,551.57,108
3,77,645.28,1586.91,1405.39,551.35,107
3,78,646.27,1588.32,1404.61,550.46,106
3,79,645.38,1586.62,1404.86,551.66,105
3,80,645.7,1587.39,1405.39,550.94,104
3,81,644.97,1586.6,1407.89,550.65,103
3,82,645.06,1589.1,1405.94,551.05,102
3,83,646.38,1585.86,1405.33,551.26,101
3,84,646.72,1585.54,1406.5,551.06,100
3,85,645.99,1587.01,1404.44,551.21,99
3,86,645.66,1585.81,1406.32,551.13,98
3,87,646.05,1588.48,1406.81,551.26,97
3,88,645.85,1588.49,1405.91,551.37,96
3,89,646.06,1586.92,1405.31,550.88,95
3,90,646.34,1588.02,1406.15,551.0,94
3,91,646.11,1586.47,1405.17,551.07,93
3,92,646.44,1585.37,1406.88,551.31,92
3,93,646.01,1588.09,1405.69,550.91,91
3,94,645.88,1587.68,1406.92,551.07,90
3,95,646.56,1587.44,1404.92,550.45,89
3,96,646.25,1587.09,1406.31,550.55,88
3,97,646.55,1589.46,1406.0,550.21,87
3,98,646.25,1588.8,1406.93,550.73,86
3,99,647.09,1587.95,1408.1,550.82,85
3,100,645.61,1590.42,1405.91,550.24,84
3,101,646.88,1586.26,1406.03,551.0,83
3,102,646.93,1589.4,1406.13,550.04,82
3,103,647.04,1589.63,1407.43,550.54,81
3,104,646.42,1591.52,1407.17,550.4,80
3,105,646.78,1588.85,1407.7,550.49,79
3,106,647.24,1588.94,1406.82,550.6,78
3,107,647.18,1588.64,1406.38,550.49,77
3,108,647.02,1588.26,1406.37,550.48,76
3,109,647.26,1588.57,1406.64,550.09,75
3,110,647.23,1588.12,1408.97,550.19,74
3,111,646.16,1589.13,1407.18,550.62,73
3,112,647.29,1588.25,1407.08,550.36,72
3,113,646.35,1590.94,1406.7,550.66,71
3,114,647.42,1590.17,1408.35,550.38,70
3,115,647.58,1589.3,1407.8,550.01,69
3,116,647.22,1591.94,1406.92,550.21,68
3,117,647.45,1589.29,1408.04,550.32,67
3,118,647.08,1589.87,1406.83,550.35,66
3,119,647.57,1589.93,1408.29,550.01,65
3,120,647.91,1588.77,1408.96,549.9,64
3,121,646.91,1589.6,1407.54,549.94,63
3,122,647.73,1591.4,1407.8,549.81,62
3,123,647.23,1589.6,1406.51,549.77,61
3,124,648.23,1589.26,1408.59,549.6,60
3,125,648.48,1592.53,1408.62,550.54,59
3,126,647.96,1591.33,1409.23,549.97,58
3,127,647.25,1591.44,1407.91,549.77,57
3,128,648.03,1591.25,1408.47,550.06,56
3,129,647.68,1590.61,1409.09,550.38,55
3,130,648.86,1591.26,1409.15,550.42,54
3,131,647.78,1591.58,1409.16,550.23,53
3,132,647.64,1589.78,1408.63,549.89,52
3,133,648.59,1591.61,1408.55,549.87,51
3,134,648.31,1593.16,1408.87,549.61,50
3,135,648.42,1591.39,1407.55,549.69,49
3,136,648.24,1590.58,1409.7,549.44,48
3,137,648.51,1591.14,1409.02,549.77,47
3,138,647.85,1591.63,1410.83,549.16,46
3,139,648.4,1592.83,1409.31,549.81,45
3,140,647.52,1592.28,1408.52,549.67,44
3,141,648.5,1594.38,1409.63,549.52,43
3,142,647.96,1591.88,1409.92,549.5,42
3,143,648.4,1591.13,1409.75,549.73,41
3,144,649.2,1590.7,1409.81,549.44,40
3,145,648.66,1592.46,1409.78,549.61,39
3,146,648.32,1591.16,1410.71,549.36,38
3,147,648.91,1593.41,1409.96,549.57,37
3,148,649.19,1589.69,1409.26,549.52,36
3,149,649.44,1592.39,1409.04,549.11,35
3,150,649.28,1592.13,1409.78,549.52,34
3,151,647.81,1594.87,1409.26,549.38,33
3,152,648.34,1592.05,1410.91,548.71,32
3,153,649.52,1592.31,1410.37,549.46,31
3,154,649.29,1591.68,1409.75,548.8,30
3,155,649.36,1594.85,1408.65,548.98,29
3,156,649.13,1593.09,1410.88,549.14,28
3,157,649.13,1594.29,1410.77,549.32,27
3,158,649.34,1594.23,1409.78,548.9,26
3,159,649.64,1591.18,1410.44,549.02,25
3,160,648.83,1592.1,1410.35,549.4,24
3,161,649.18,1594.76,1410.55,549.46,23
3,162,649.24,1593.32,1410.86,548.98,22
3,163,649.91,1590.82,1412.57,549.27,21
3,164,649.51,1592.89,1410.0,549.18,20
3,165,650.02,1593.44,1411.65,548.69,19
3,166,649.23,1595.89,1411.3,549.36,18
3,167,649.37,1592.69,1410.6,548.67,17
3,168,650.04,1592.98,1410.02,548.93,16
3,169,649.29,1591.8,1411.13,548.34,15
3,170,650.16,1592.37,1409.29,548.75,14
3,171,649.96,1594.72,1411.29,548.5,13
3,172,650.23,1595.36,1410.25,548.74,12
3,173,649.88,1594.56,1411.12,548.75,11
3,174,650.29,1593.04,1411.94,549.09,10
3,175,650.74,1591.88,1411.27,548.13,9
3,176,649.16,1594.71,1411.16,548.79,8
3,177,650.37,1596.12,1411.59,549.55,7
3,178,650.35,1596.92,1409.74,549.05,6
3,179,650.2,1592.45,1412.01,548.53,5
3,180,650.55,1596.08,1410.55,548.9,4
3,181,650.36,1596.58,1411.64,548.43,3
3,182,650.42,1595.16,1411.34,548.4,2
3,183,649.96,1594.6,1412.48,548.48,1
3,184,650.9,1594.98,1410.85,548.68,0
4,1,641.84,1578.05,1399.19,553.34,151
4,2,642.05,1579.54,1400.29,553.09,150
4,3,642.61,1582.04,1399.95,552.51,149
4,4,642.06,1580.71,1399.54,552.59,148
4,5,642.42,1580.44,1400.42,552.62,147
4,6,642.24,1579.49,1401.19,553.13,146
4,7,641.65,1579.58,1399.36,552.6,145
4,8,642.41,1579.06,1399.89,552.46,144
4,9,642.59,1580.98,1400.13,552.79,143
4,10,642.34,1580.67,1402.13,553.11,142
4,11,642.1,1582.1,1401.52,552.33,141
4,12,643.0,1583.05,1400.05,552.37,140
4,13,643.13,1581.63,1401.47,552.72,139
4,14,642.94,1579.81,1401.94,552.94,138
4,15,642.75,1581.45,1399.96,552.71,137
4,16,643.12,1581.53,1402.16,552.43,136
4,17,643.18,1580.48,1401.32,552.44,135
4,18,643.1,1581.36,1401.32,552.71,134
4,19,642.89,1579.97,1402.9,552.85,133
4,20,642.6,1582.83,1401.18,552.49,132
4,21,643.29,1581.82,1401.03,552.17,131
4,22,642.86,1581.2,1401.68,552.13,130
4,23,643.56,1584.08,1401.35,552.39,129
4,24,643.54,1582.97,1401.96,552.51,128
4,25,643.59,1581.01,1402.67,552.53,127
4,26,643.15,1582.65,1402.6,552.17,126
4,27,643.94,1585.54,1401.5,551.79,125
4,28,643.69,1583.67,1402.03,552.61,124
4,29,643.09,1583.73,1401.8,552.66,123
4,30,644.47,1582.08,1401.93,552.37,122
4,31,643.58,1583.05,1402.47,551.51,121
4,32,643.78,1582.37,1402.13,552.49,120
4,33,643.34,1584.28,1402.38,551.94,119
4,34,644.22,1583.81,1403.14,552.28,118
4,35,643.82,1582.77,1401.9,551.72,117
4,36,645.19,1585.09,1401.76,551.54,116
4,37,644.26,1584.36,1403.36,551.83,115
4,38,644.07,1584.19,1403.07,551.21,114
4,39,644.09,1582.88,1403.22,552.74,113
4,40,644.38,1583.62,1403.9,551.96,112
4,41,644.46,1584.83,1404.88,551.45,111
4,42,644.54,1583.09,1403.76,551.48,110
4,43,644.24,1583.95,1404.18,552.0,109
4,44,643.96,1584.47,1402.91,551.32,108
4,45,644.43,1584.13,1405.49,551.8,107
4,46,644.02,1583.92,1404.45,552.26,106
4,47,643.99,1582.44,1405.21,551.73,105
4,48,644.34,1585.44,1401.68,551.58,104
4,49,644.87,1586.01,1403.06,551.58,103
4,50,644.43,1585.31,1403.23,551.4,102
4,51,644.45,1585.88,1404.71,551.42,101
4,52,644.92,1583.46,1403.87,551.45,100
4,53,646.01,1583.97,1405.36,551.73,99
4,54,645.13,1587.51,1404.56,551.52,98
4,55,645.05,1586.97,1405.22,551.18,97
4,56,644.6,1585.36,1403.78,551.32,96
4,57,645.68,1585.15,1404.47,551.33,95
4,58,645.58,1583.1,1404.09,551.35,94
4,59,645.78,1585.31,1403.16,551.44,93
4,60,645.1,1584.57,1404.24,551.17,92
4,61,645.17,1583.45,1405.53,551.58,91
4,62,645.73,1584.83,1404.73,551.16,90
4,63,645.76,1587.1,1404.39,551.16,89
4,64,645.76,1588.15,1405.62,551.34,88
4,65,645.67,1588.19,1405.46,550.82,87
4,66,646.25,1587.44,1404.86,550.9,86
4,67,645.87,1587.26,1405.45,551.11,85
4,68,646.48,1588.09,1405.52,551.27,84
4,69,645.45,1587.38,1406.89,550.89,83
4,70,645.58,1586.22,1404.65,550.69,82
4,71,645.82,1585.41,1405.62,551.17,81
4,72,645.66,1589.02,1406.09,551.18,80
4,73,645.82,1588.33,1404.89,551.11,79
4,74,646.21,1588.06,1404.9,550.54,78
4,75,646.43,1586.36,1406.29,550.37,77
4,76,646.59,1586.12,1406.44,550.94,76
4,77,646.03,1588.4,1406.29,550.56,75
4,78,645.96,1585.44,1406.44,550.22,74
4,79,646.46,1587.58,1406.78,550.57,73
4,80,646.34,1588.88,1406.58,550.73,72
4,81,646.72,1586.26,1407.0,550.79,71
4,82,646.18,1587.91,1406.44,550.53,70
4,83,646.77,1590.02,1407.42,550.15,69
4,84,646.95,1589.99,1406.94,550.84,68
4,85,647.56,1589.73,1406.91,550.8,67
4,86,646.87,1588.63,1406.51,550.92,66
4,87,646.54,1590.54,1407.27,550.0,65
4,88,647.07,1586.28,1407.45,550.66,64
4,89,646.74,1589.05,1408.59,550.21,63
4,90,646.61,1590.78,1408.68,550.34,62
4,91,647.49,1590.71,1406.59,550.16,61
4,92,647.64,1591.22,1407.71,550.01,60
4,93,648.0,1588.66,1407.07,550.35,59
4,94,647.88,1590.42,1407.75,550.36,58
4,95,647.33,1590.17,1405.48,550.1,57
4,96,647.46,1588.22,1407.89,550.1,56
4,97,648.13,1591.59,1407.29,550.08,55
4,98,647.45,1589.26,1407.89,549.87,54
4,99,647.08,1590.65,1408.32,549.83,53
4,100,647.95,1589.24,1408.1,550.29,52
4,101,647.63,1590.65,1407.56,549.95,51
4,102,647.62,1589.3,1407.91,549.52,50
4,103,647.56,1589.96,1407.93,549.88,49
4,104,647.79,1590.98,1408.91,549.73,48
4,105,647.39,1589.25,1407.9,549.79,47
4,106,647.62,1589.04,1408.0,549.92,46
4,107,648.22,1590.03,1408.12,549.55,45
4,108,648.03,1589.78,1408.98,549.27,44
4,109,647.95,1591.26,1408.75,550.58,43
4,110,648.29,1589.8,1408.61,549.21,42
4,111,648.17,1590.1,1409.5,549.55,41
4,112,648.22,1590.44,1410.23,549.59,40
4,113,649.05,1592.28,1409.31,549.77,39
4,114,648.53,1589.09,1408.78,549.88,38
4,115,648.41,1589.81,1409.04,550.11,37
4,116,648.99,1591.53,1409.92,549.46,36
4,117,647.86,1590.59,1410.49,549.45,35
4,118,648.5,1591.44,1410.84,549.99,34
4,119,649.54,1591.71,1409.63,549.02,33
4,120,649.3,1590.6,1409.65,549.12,32
4,121,648.53,1591.1,1409.07,549.26,31
4,122,648.6,1593.2,1408.75,549.45,30
4,123,649.37,1591.68,1409.14,549.29,29
4,124,649.41,1592.63,1409.36,549.47,28
4,125,648.55,1593.32,1410.2,549.21,27
4,126,648.71,1591.54,1410.38,549.64,26
4,127,648.85,1593.25,1408.36,549.06,25
4,128,649.15,1591.71,1409.36,549.01,24
4,129,649.33,1592.68,1408.39,548.54,23
4,130,649.03,1593.55,1408.07,549.0,22
4,131,649.12,1594.77,1410.03,549.24,21
4,132,649.44,1590.64,1411.04,549.16,20
4,133,649.64,1598.01,1408.83,549.58,19
4,134,649.38,1593.74,1410.54,548.91,18
4,135,649.32,1593.9,1409.44,549.23,17
4,136,649.44,1592.24,1410.38,549.35,16
4,137,649.45,1594.13,1410.23,549.17,15
4,138,649.99,1596.02,1410.75,549.12,14
4,139,649.81,1595.46,1410.4,549.11,13
4,140,649.75,1593.92,1411.13,548.93,12
4,141,649.84,1594.36,1412.39,549.12,11
4,142,650.29,1593.65,1410.5,549.08,10
4,143,650.35,1596.07,1410.81,548.7,9
4,144,649.4,1593.93,1412.17,548.6,8
4,145,650.36,1594.27,1411.71,548.36,7
4,146,650.2,1591.01,1411.38,548.19,6
4,147,650.7,1595.63,1411.98,549.1,5
4,148,649.9,1596.9,1412.43,548.55,4
4,149,650.79,1593.57,1411.1,548.41,3
4,150,650.18,1593.73,1412.82,548.48,2
4,151,650.59,1594.42,1410.46,548.61,1
4,152,649.74,1595.12,1410.91,549.1,0
5,1,641.34,1581.76,1399.76,552.93,139
5,2,641.76,1580.44,1400.22,553.26,138
5,3,641.89,1582.32,1400.79,552.93,137
5,4,642.17,1580.07,1400.15,552.92,136
5,5,642.22,1579.77,1400.57,552.59,135
5,6,642.49,1580.38,1401.07,553.1,134
5,7,642.82,1581.14,1400.95,552.68,133
5,8,642.76,1581.82,1399.43,552.86,132
5,9,643.09,1580.55,1400.31,552.58,131
5,10,642.01,1581.24,1400.88,552.74,130
5,11,642.83,1580.24,1401.16,552.78,129
5,12,642.53,1581.81,1401.09,552.42,128
5,13,642.9,1581.06,1401.67,552.51,127
5,14,642.33,1581.84,1401.38,552.23,126
5,15,643.21,1582.47,1400.59,552.32,125
5,16,642.91,1580.83,1401.88,552.53,124
5,17,642.59,1580.86,1402.41,552.91,123
5,18,643.31,1581.7,1401.19,552.59,122
5,19,643.18,1580.13,1402.45,552.79,121
5,20,643.51,1580.86,1401.2,551.8,120
5,21,643.91,1581.85,1403.67,552.91,119
5,22,642.97,1581.54,1402.26,551.77,118
5,23,643.22,1581.85,1403.45,552.31,117
5,24,643.34,1581.85,1402.77,552.08,116
5,25,643.5,1581.95,1400.93,551.9,115
5,26,643.38,1582.51,1402.05,552.14,114
5,27,643.44,1584.55,1403.07,552.09,113
5,28,643.8,1582.59,1400.13,552.11,112
5,29,643.88,1581.21,1402.89,551.98,111
5,30,643.96,1582.96,1403.57,552.1,110
5,31,644.28,1584.67,1401.76,551.78,109
5,32,644.12,1583.04,1402.55,552.36,108
5,33,643.88,1582.42,1402.16,552.59,107
5,34,643.99,1582.05,1401.5,551.72,106
5,35,644.05,1584.94,1403.68,551.87,105
5,36,644.0,1584.32,1401.69,552.44,104
5,37,644.51,1585.06,1402.31,552.2,103
5,38,644.12,1582.98,1403.23,551.76,102
5,39,643.94,1583.16,1402.56,551.46,101
5,40,644.27,1582.68,1402.88,552.03,100
5,41,644.82,1583.19,1404.28,551.09,99
5,42,645.52,1586.12,1403.15,551.76,98
5,43,644.05,1584.74,1403.54,551.37,97
5,44,644.48,1584.1,1402.87,551.33,96
5,45,644.16,1585.91,1403.11,551.19,95
5,46,645.13,1585.44,1404.59,551.8,94
5,47,645.63,1584.92,1402.86,551.57,93
5,48,644.65,1584.06,1404.19,551.72,92
5,49,644.64,1586.85,1403.41,551.35,91
5,50,645.19,1584.96,1402.86,551.67,90
5,51,644.85,1586.43,1403.36,551.03,89
5,52,645.5,1586.05,1404.11,551.44,88
5,53,644.84,1585.89,1404.65,551.18,87
5,54,644.94,1585.95,1404.58,551.12,86
5,55,644.93,1585.99,1404.34,550.92,85
5,56,645.42,1588.01,1404.51,551.65,84
5,57,646.31,1585.04,1404.89,551.8,83
5,58,645.47,1586.34,1403.64,550.98,82
5,59,645.8,1589.32,1404.9,550.6,81
5,60,645.08,1586.47,1406.08,551.26,80
5,61,645.89,1588.19,1404.65,551.05,79
5,62,645.56,1586.41,1404.51,550.9,78
5,63,645.81,1586.39,1405.27,551.1,77
5,64,646.38,1588.52,1406.09,550.56,76
5,65,645.8,1586.73,1405.05,551.01,75
5,66,645.37,1589.2,1406.61,551.02,74
5,67,646.04,1588.75,1406.29,551.18,73
5,68,646.1,1589.53,1406.76,550.97,72
5,69,646.69,1586.99,1404.98,550.88,71
5,70,646.23,1587.36,1406.97,550.8,70
5,71,646.42,1587.32,1406.79,550.93,69
5,72,646.72,1587.22,1407.21,551.24,68
5,73,646.77,1586.95,1405.62,550.54,67
5,74,646.27,1587.95,1406.85,550.71,66
5,75,646.63,1587.85,1406.37,550.83,65
5,76,645.81,1588.24,1406.74,550.79,64
5,77,646.27,1587.08,1407.07,549.95,63
5,78,647.27,1588.74,1407.93,550.17,62
5,79,646.62,1585.69,1406.13,550.41,61
5,80,646.07,1588.21,1405.27,550.35,60
5,81,647.38,1588.75,1408.27,550.63,59
5,82,647.52,1587.98,1406.4,550.47,58
5,83,646.41,1589.58,1406.86,550.73,57
5,84,647.37,1590.44,1406.6,550.61,56
5,85,647.74,1589.18,1406.69,550.05,55
5,86,647.72,1592.56,1406.59,549.92,54
5,87,647.65,1588.54,1408.27,550.34,53
5,88,647.33,1590.08,1407.85,550.12,52
5,89,646.7,1589.88,1408.89,549.66,51
5,90,647.08,1590.28,1407.75,550.23,50
5,91,647.25,1591.27,1407.84,550.28,49
5,92,647.71,1590.2,1408.39,550.1,48
5,93,647.17,1591.4,1408.63,549.38,47
5,94,647.45,1591.46,1406.6,550.26,46
5,95,647.71,1591.92,1408.14,549.73,45
5,96,647.95,1590.39,1407.58,550.58,44
5,97,647.5,1587.84,1409.58,549.71,43
5,98,647.83,1590.21,1407.94,549.62,42
5,99,647.61,1590.83,1408.16,550.04,41
5,100,648.26,1589.74,1408.66,549.66,40
5,101,647.74,1591.79,1408.56,549.63,39
5,102,647.85,1589.84,1410.33,549.82,38
5,103,647.82,1591.53,1409.68,549.74,37
5,104,648.86,1589.44,1407.32,549.74,36
5,105,648.49,1587.39,1408.5,549.32,35
5,106,647.88,1590.3,1409.56,549.29,34
5,107,648.1,1589.67,1410.19,549.69,33
5,108,647.56,1590.55,1409.68,549.91,32
5,109,648.95,1591.41,1407.8,549.76,31
5,110,648.56,1592.03,1409.29,549.06,30
5,111,648.88,1592.32,1409.17,549.57,29
5,112,648.25,1591.84,1409.62,548.88,28
5,113,648.84,1593.15,1409.44,549.36,27
5,114,649.15,1591.91,1409.53,548.98,26
5,115,648.98,1592.08,1410.26,549.47,25
5,116,649.36,1591.98,1408.2,549.49,24
5,117,649.28,1591.94,1410.47,548.8,23
5,118,649.58,1592.41,1409.45,549.02,22
5,119,649.13,1592.91,1410.24,549.05,21
5,120,649.37,1593.04,1409.77,548.9,20
5,121,649.59,1593.77,1410.42,549.39,19
5,122,648.62,1592.57,1409.53,549.76,18
5,123,649.75,1593.26,1411.17,549.38,17
5,124,649.97,1594.57,1410.42,548.86,16
5,125,649.2,1594.17,1410.59,548.86,15
5,126,649.46,1595.42,1411.56,549.5,14
5,127,649.92,1593.86,1410.87,548.61,13
5,128,649.27,1594.51,1410.22,548.95,12
5,129,650.28,1593.21,1412.67,548.56,11
5,130,650.29,1594.62,1412.1,548.49,10
5,131,650.88,1594.01,1411.77,549.22,9
5,132,649.77,1595.32,1410.7,549.18,8
5,133,649.77,1594.49,1411.64,548.96,7
5,134,650.92,1594.01,1412.4,549.28,6
5,135,650.26,1594.0,1410.19,549.23,5
5,136,650.16,1593.56,1410.57,548.33,4
5,137,650.69,1596.14,1412.26,548.64,3
5,138,649.88,1594.11,1410.94,548.74,2
5,139,650.01,1594.23,1411.77,548.03,1
5,140,650.52,1595.07,1412.95,548.25,0
6,1,642.31,1581.08,1399.86,553.71,175
6,2,641.94,1579.44,1401.58,552.51,174
6,3,641.41,1580.4,1400.2,552.85,173
6,4,642.59,1579.26,1400.32,552.79,172
6,5,641.88,1580.36,1401.02,553.51,171
6,6,642.52,1577.51,1400.38,552.86,170
6,7,642.71,1580.83,1401.48,552.94,169
6,8,643.01,1580.16,1400.66,553.04,168
6,9,642.21,1579.83,1400.11,552.55,167
6,10,642.69,1578.66,1399.44,553.3,166
6,11,642.24,1581.19,1399.56,552.75,165
6,12,642.29,1579.16,1401.89,553.05,164
6,13,642.58,1582.32,1402.41,552.89,163
6,14,642.87,1581.45,1401.47,552.53,162
6,15,642.61,1581.84,1400.64,552.51,161
6,16,642.77,1582.76,1400.18,552.82,160
6,17,643.14,1582.41,1400.51,552.06,159
6,18,643.09,1581.78,1402.03,552.33,158
6,19,643.22,1582.91,1401.22,552.64,157
6,20,643.12,1580.74,1401.79,552.98,156
6,21,643.02,1580.06,1400.88,551.93,155
6,22,643.58,1582.82,1401.1,552.01,154
6,23,642.78,1581.22,1401.66,552.43,153
6,24,643.7,1581.24,1400.43,552.04,152
6,25,643.2,1581.28,1401.47,552.22,151
6,26,643.65,1581.54,1401.47,552.55,150
6,27,643.08,1582.84,1402.11,552.35,149
6,28,642.9,1583.89,1403.69,552.29,148
6,29,642.98,1582.54,1402.77,552.07,147
6,30,643.4,1583.0,1403.01,552.47,146
6,31,643.82,1582.17,1402.44,551.99,145
6,32,643.88,1584.15,1402.62,552.07,144
6,33,643.51,1585.02,1401.97,552.47,143
6,34,643.78,1582.54,1401.24,552.19,142
6,35,643.73,1585.19,1401.7,552.79,141
6,36,643.89,1583.56,1401.98,552.17,140
6,37,643.98,1584.32,1401.74,552.48,139
6,38,643.98,1584.01,1402.41,551.75,138
6,39,643.91,1583.59,1401.55,552.24,137
6,40,644.33,1582.58,1401.91,551.89,136
6,41,643.99,1583.22,1402.75,552.02,135
6,42,643.48,1582.12,1400.69,552.21,134
6,43,644.08,1584.97,1402.02,551.91,133
6,44,644.21,1583.13,1401.76,552.4,132
6,45,644.73,1583.43,1403.48,551.7,131
6,46,643.82,1586.17,1401.81,551.74,130
6,47,644.3,1586.04,1403.92,551.3,129
6,48,644.32,1584.17,1403.09,551.96,128
6,49,643.8,1583.74,1403.72,551.95,127
6,50,644.47,1583.97,1403.31,551.94,126
6,51,644.48,1583.15,1402.49,551.25,125
6,52,645.09,1585.46,1403.46,551.53,124
6,53,644.33,1585.89,1405.14,551.46,123
6,54,645.06,1584.7,1403.51,552.07,122
6,55,644.65,1585.11,1403.95,551.11,121
6,56,644.82,1584.16,1402.68,551.41,120
6,57,644.54,1586.16,1403.04,551.31,119
6,58,644.9,1583.42,1403.43,551.02,118
6,59,645.22,1584.73,1404.01,551.77,117
6,60,644.61,1584.81,1403.25,551.15,116
6,61,644.58,1584.68,1403.85,551.53,115
6,62,644.64,1585.74,1404.62,551.27,114
6,63,644.72,1585.54,1404.13,551.46,113
6,64,645.72,1585.61,1403.85,551.1,112
6,65,644.8,1583.86,1405.18,550.67,111
6,66,645.38,1584.66,1404.09,551.04,110
6,67,645.81,1585.81,1405.2,551.68,109
6,68,645.35,1584.44,1404.46,551.04,108
6,69,645.13,1585.85,1404.6,551.36,107
6,70,645.6,1585.88,1405.1,551.05,106
6,71,645.95,1585.45,1405.8,550.74,105
6,72,645.33,1585.82,1405.13,551.42,104
6,73,645.03,1584.97,1403.86,551.53,103
6,74,645.69,1585.09,1404.69,551.46,102
6,75,645.51,1586.07,1404.49,550.77,101
6,76,646.14,1588.57,1404.39,551.48,100
6,77,645.52,1587.29,1406.38,550.99,99
6,78,645.64,1587.7,1404.43,551.35,98
6,79,645.87,1586.13,1404.9,550.57,97
6,80,645.65,1586.59,1404.61,550.94,96
6,81,646.1,1586.74,1406.05,550.69,95
6,82,646.36,1587.23,1406.83,551.63,94
6,83,645.82,1586.65,1405.46,551.06,93
6,84,646.59,1586.47,1406.03,550.81,92
6,85,646.35,1589.15,1405.6,550.33,91
6,86,646.45,1586.43,1405.75,551.04,90
6,87,646.32,1587.39,1405.47,549.91,89
6,88,646.53,1587.3,1407.21,550.87,88
6,89,646.08,1588.97,1406.99,550.66,87
6,90,646.82,1587.11,1406.26,550.87,86
6,91,646.71,1588.6,1405.94,551.0,85
6,92,646.39,1587.26,1405.83,551.23,84
6,93,646.19,1589.58,1405.43,550.77,83
6,94,646.66,1590.06,1405.89,550.32,82
6,95,646.54,1590.2,1405.77,549.79,81
6,96,646.66,1589.43,1405.73,550.8,80
6,97,646.27,1588.2,1407.22,550.16,79
6,98,646.81,1589.92,1407.06,550.28,78
6,99,647.39,1589.34,1405.26,550.73,77
6,100,646.6,1588.87,1407.62,550.28,76
6,101,646.22,1590.53,1407.82,550.39,75
6,102,647.27,1588.37,1407.03,550.35,74
6,103,646.84,1589.33,1406.06,550.29,73
6,104,647.15,1591.19,1406.16,550.5,72
6,105,647.32,1586.82,1407.49,550.58,71
6,106,647.35,1589.05,1407.49,550.34,70
6,107,646.49,1589.47,1407.0,550.05,69
6,108,648.21,1590.83,1406.44,550.34,68
6,109,647.85,1587.62,1407.49,550.25,67
6,110,646.8,1589.96,1408.39,550.64,66
6,111,647.26,1592.59,1405.92,550.27,65
6,112,646.84,1589.78,1407.22,550.29,64
6,113,647.41,1588.77,1407.1,550.69,63
6,114,647.68,1587.8,1408.21,550.03,62
6,115,647.56,1590.92,1408.79,549.8,61
6,116,647.59,1589.36,1408.39,549.96,60
6,117,647.66,1589.78,1407.89,550.52,59
6,118,648.66,1590.64,1407.97,549.5,58
6,119,647.44,1590.13,1407.54,549.77,57
6,120,648.43,1590.4,1408.28,549.73,56
6,121,648.31,1590.19,1407.83,549.43,55
6,122,647.87,1589.87,1409.67,550.43,54
6,123,647.45,1589.28,1408.17,549.61,53
6,124,648.08,1590.32,1408.68,550.13,52
6,125,647.61,1591.99,1407.94,550.45,51
6,126,648.73,1590.75,1407.82,549.43,50
6,127,648.48,1590.93,1409.4,550.41,49
6,128,647.87,1589.58,1408.88,550.07,48
6,129,647.85,1591.18,1409.89,549.21,47
6,130,648.37,1590.58,1408.96,549.89,46
6,131,648.42,1590.1,1408.53,550.08,45
6,132,648.51,1592.41,1409.2,549.87,44
6,133,648.26,1590.57,1409.68,549.94,43
6,134,648.11,1590.88,1409.01,550.06,42
6,135,648.75,1590.07,1409.13,549.47,41
6,136,648.1,1591.62,1409.04,549.41,40
6,137,648.45,1593.6,1409.05,549.51,39
6,138,648.64,1591.31,1409.47,549.49,38
6,139,648.74,1590.97,1409.31,549.67,37
6,140,648.69,1592.29,1409.68,549.55,36
6,141,649.03,1591.97,1408.88,549.03,35
6,142,649.27,1593.19,1410.2,549.61,34
6,143,648.84,1591.6,1408.97,549.02,33
6,144,649.44,1591.84,1410.66,549.26,32
6,145,648.73,1591.21,1409.42,549.72,31
6,146,648.62,1595.15,1409.28,549.49,30
6,147,649.04,1592.31,1409.01,549.21,29
6,148,648.68,1590.76,1410.19,549.03,28
6,149,649.87,1594.07,1411.52,548.99,27
6,150,649.3,1589.81,1410.0,549.19,26
6,151,649.35,1592.99,1410.35,548.33,25
6,152,649.44,1593.71,1411.43,549.22,24
6,153,649.34,1594.54,1408.55,548.93,23
6,154,649.13,1593.26,1408.74,549.46,22
6,155,649.39,1593.77,1410.75,549.42,21
6,156,648.79,1593.61,1411.55,548.98,20
6,157,649.2,1592.83,1410.39,548.77,19
6,158,649.57,1595.46,1410.29,548.81,18
6,159,649.86,1593.52,1409.78,548.92,17
6,160,649.69,1594.99,1410.13,549.2,16
6,161,649.74,1592.58,1409.93,549.46,15
6,162,649.76,1595.11,1409.68,549.65,14
6,163,650.23,1593.77,1410.87,549.05,13
6,164,650.19,1594.38,1411.19,548.98,12
6,165,649.27,1593.8,1409.93,548.96,11
6,166,649.75,1592.45,1410.68,548.8,10
6,167,649.98,1593.01,1410.02,548.75,9
6,168,649.88,1594.2,1411.33,548.83,8
6,169,650.5,1594.77,1411.27,548.69,7
6,170,650.07,1592.71,1412.46,548.92,6
6,171,651.05,1597.5,1410.72,548.53,5
6,172,651.31,1594.81,1411.92,548.15,4
6,173,650.42,1597.26,1412.82,548.39,3
6,174,650.24,1593.67,1411.18,547.98,2
6,175,650.42,1596.93,1412.22,548.94,1
6,176,650.93,1594.54,1411.39,548.28,0
7,1,641.85,1579.63,1399.72,552.82,119
7,2,642.63,1580.31,1400.38,552.79,118
7,3,642.56,1580.81,1400.05,552.41,117
7,4,642.37,1581.2,1399.62,552.76,116
7,5,642.57,1578.75,1399.98,552.93,115
7,6,642.87,1583.38,1402.17,552.82,114
7,7,642.3,1581.99,1400.27,552.51,113
7,8,642.44,1580.5,1401.13,552.52,112
7,9,642.67,1583.05,1401.0,553.12,111
7,10,643.19,1581.98,1400.72,552.94,110
7,11,642.68,1581.39,1401.36,552.59,109
7,12,642.56,1579.69,1401.97,552.72,108
7,13,642.23,1580.75,1401.44,552.65,107
7,14,642.38,1581.67,1401.83,552.37,106
7,15,643.16,1581.31,1402.23,552.2,105
7,16,642.68,1582.06,1400.45,551.77,104
7,17,643.64,1580.97,1400.63,552.12,103
7,18,642.93,1582.11,1400.93,552.47,102
7,19,643.6,1580.88,1401.41,552.13,101
7,20,643.35,1583.83,1402.91,553.0,100
7,21,642.58,1581.55,1403.55,551.67,99
7,22,644.27,1582.96,1402.35,551.79,98
7,23,643.45,1585.01,1402.26,552.0,97
7,24,643.86,1582.81,1402.68,551.85,96
7,25,643.74,1582.4,1401.06,552.21,95
7,26,643.35,1583.1,1403.34,551.58,94
7,27,644.15,1583.06,1401.93,552.59,93
7,28,643.98,1582.86,1402.18,552.21,92
7,29,643.81,1584.58,1402.9,552.25,91
7,30,643.71,1582.72,1402.78,551.82,90
7,31,644.05,1587.08,1404.75,551.93,89
7,32,644.43,1583.77,1402.36,551.75,88
7,33,644.65,1585.75,1404.1,551.31,87
7,34,644.29,1582.54,1404.34,551.6,86
7,35,644.46,1585.01,1405.71,551.77,85
7,36,644.45,1583.07,1404.77,551.6,84
7,37,645.28,1586.01,1403.33,551.19,83
7,38,644.8,1584.08,1403.83,551.89,82
7,39,644.1,1585.26,1404.51,551.78,81
7,40,644.29,1585.57,1404.96,551.6,80
7,41,644.86,1586.56,1403.54,551.0,79
7,42,644.89,1585.96,1405.03,551.58,78
7,43,645.38,1586.7,1404.03,551.34,77
7,44,645.63,1584.12,1404.74,551.13,76
7,45,645.63,1585.68,1404.51,551.83,75
7,46,644.83,1586.09,1404.46,551.43,74
7,47,646.1,1585.23,1403.74,550.99,73
7,48,645.31,1586.16,1404.89,551.74,72
7,49,646.12,1587.77,1406.91,551.41,71
7,50,645.99,1587.3,1405.51,551.24,70
7,51,645.45,1584.96,1405.0,551.26,69
7,52,645.71,1585.31,1405.07,550.98,68
7,53,645.73,1587.3,1405.87,550.86,67
7,54,646.22,1588.2,1405.66,551.17,66
7,55,646.29,1585.65,1406.34,550.7,65
7,56,645.69,1587.33,1403.88,550.95,64
7,57,646.43,1585.24,1406.57,550.65,63
7,58,646.19,1586.68,1406.26,551.13,62
7,59,646.44,1587.47,1405.52,550.77,61
7,60,646.51,1588.43,1406.44,550.37,60
7,61,646.31,1586.97,1406.63,550.48,59
7,62,646.57,1587.51,1404.7,550.95,58
7,63,646.45,1589.51,1404.97,550.55,57
7,64,646.45,1588.43,1405.34,550.76,56
7,65,647.37,1588.8,1406.57,550.15,55
7,66,646.37,1588.29,1406.18,550.83,54
7,67,646.96,1591.72,1405.92,550.5,53
7,68,646.26,1585.95,1407.38,550.6,52
7,69,646.55,1588.85,1406.4,550.26,51
7,70,646.83,1587.79,1406.43,550.17,50
7,71,647.2,1585.66,1406.92,550.01,49
7,72,646.68,1588.49,1407.19,550.24,48
7,73,646.75,1590.11,1406.58,550.04,47
7,74,647.36,1589.76,1406.91,549.34,46
7,75,646.96,1589.69,1408.05,550.16,45
7,76,647.19,1592.38,1407.3,550.33,44
7,77,646.92,1588.45,1408.22,550.43,43
7,78,647.37,1587.66,1407.67,550.13,42
7,79,647.64,1589.33,1407.78,549.81,41
7,80,647.22,1591.04,1408.08,549.95,40
7,81,647.53,1590.04,1408.23,550.48,39
7,82,648.07,1589.59,1407.68,549.68,38
7,83,647.8,1589.54,1408.68,549.09,37
7,84,648.16,1590.97,1409.41,550.11,36
7,85,647.75,1591.68,1408.37,549.23,35
7,86,648.16,1590.14,1408.6,550.27,34
7,87,648.25,1589.8,1409.47,549.85,33
7,88,647.78,1589.22,1408.02,549.95,32
7,89,648.18,1591.37,1407.83,549.92,31
7,90,647.57,1590.61,1409.33,549.29,30
7,91,648.69,1590.48,1408.12,549.97,29
7,92,648.58,1592.28,1410.01,548.76,28
7,93,648.84,1590.87,1408.8,549.64,27
7,94,648.51,1592.62,1409.37,549.53,26
7,95,648.53,1590.76,1408.91,549.41,25
7,96,649.53,1593.93,1409.08,549.42,24
7,97,648.76,1592.44,1409.91,549.52,23
7,98,647.78,1592.85,1409.48,549.11,22
7,99,649.33,1594.3,1410.45,549.13,21
7,100,648.65,1589.06,1410.15,549.42,20
7,101,649.11,1593.91,1409.04,549.16,19
7,102,649.12,1592.79,1411.13,549.14,18
7,103,649.18,1591.92,1411.36,548.71,17
7,104,649.15,1595.21,1410.77,549.09,16
7,105,649.45,1592.16,1410.45,548.96,15
7,106,649.58,1591.62,1410.92,549.33,14
7,107,649.5,1594.33,1410.95,548.81,13
7,108,649.23,1592.58,1411.03,548.93,12
7,109,650.23,1594.76,1411.53,548.99,11
7,110,649.41,1594.32,1411.05,548.53,10
7,111,650.35,1595.38,1410.18,548.65,9
7,112,649.71,1594.92,1411.6,548.81,8
7,113,650.11,1592.77,1411.61,548.73,7
7,114,649.8,1592.6,1411.42,548.83,6
7,115,649.46,1594.59,1411.6,548.52,5
7,116,650.37,1594.53,1411.83,548.81,4
7,117,650.5,1596.04,1411.97,548.47,3
7,118,650.1,1593.67,1411.92,548.97,2
7,119,650.29,1595.61,1411.3,548.6,1
7,120,651.0,1596.02,1410.74,548.67,0
8,1,642.26,1580.68,1400.07,553.1,175
8,2,642.74,1579.83,1400.25,552.62,174
8,3,641.8,1580.38,1401.09,552.85,173
8,4,642.1,1579.86,1399.84,552.99,172
8,5,641.64,1581.97,1399.81,553.09,171
8,6,641.78,1581.32,1400.95,552.96,170
8,7,641.94,1580.9,1399.53,552.75,169
8,8,642.8,1581.65,1400.56,552.5,168
8,9,642.69,1580.8,1398.76,553.0,167
8,10,642.47,1582.31,1399.81,551.79,166
8,11,642.64,1581.3,1399.4,552.43,165
8,12,643.68,1580.67,1401.4,552.5,164
8,13,641.79,1580.92,1400.67,552.55,163
8,14,642.63,1581.53,1400.83,552.26,162
8,15,642.92,1578.96,1399.38,552.84,161
8,16,642.98,1581.31,1399.97,552.38,160
8,17,642.72,1579.55,1400.57,552.76,159
8,18,643.44,1581.05,1401.83,551.97,158
8,19,643.18,1580.68,1401.54,552.44,157
8,20,643.49,1580.68,1401.87,552.4,156
8,21,642.95,1581.59,1400.76,552.46,155
8,22,643.04,1582.19,1401.57,552.68,154
8,23,643.48,1580.73,1402.26,552.06,153
8,24,643.39,1582.82,1400.11,552.41,152
8,25,643.02,1581.25,1402.79,552.16,151
8,26,642.93,1582.34,1402.32,552.29,150
8,27,643.77,1582.97,1400.1,552.15,149
8,28,643.13,1582.99,1399.81,553.05,148
8,29,643.61,1582.68,1402.92,552.96,147
8,30,643.8,1583.73,1402.15,552.19,146
8,31,643.31,1581.69,1401.56,551.8,145
8,32,643.52,1580.74,1402.33,552.17,144
8,33,643.65,1582.22,1404.71,552.56,143
8,34,643.14,1583.22,1401.83,551.83,142
8,35,643.15,1583.54,1401.84,552.4,141
8,36,644.14,1584.76,1401.77,552.22,140
8,37,644.04,1582.63,1401.91,552.54,139
8,38,643.93,1584.04,1401.93,551.66,138
8,39,643.66,1583.22,1401.81,552.0,137
8,40,643.26,1582.11,1403.26,552.16,136
8,41,643.82,1582.32,1401.97,551.84,135
8,42,644.29,1584.74,1402.47,551.58,134
8,43,644.18,1582.73,1402.52,552.3,133
8,44,644.46,1583.99,1401.98,551.94,132
8,45,644.6,1583.44,1404.15,552.24,131
8,46,644.89,1584.34,1403.61,552.25,130
8,47,644.45,1583.46,1402.85,551.87,129
8,48,643.8,1583.97,1404.15,551.12,128
8,49,644.98,1585.58,1402.97,551.91,127
8,50,644.42,1585.79,1404.2,551.3,126
8,51,644.7,1584.16,1403.54,551.48,125
8,52,645.21,1585.74,1402.95,551.27,124
8,53,644.41,1585.1,1403.81,552.02,123
8,54,644.92,1585.83,1403.94,551.2,122
8,55,644.58,1586.02,1403.71,551.74,121
8,56,644.58,1583.6,1403.72,551.66,120
8,57,644.49,1584.64,1403.13,551.88,119
8,58,644.68,1586.75,1405.18,551.49,118
8,59,644.45,1582.59,1402.85,551.08,117
8,60,645.45,1585.32,1404.4,550.8,116
8,61,644.47,1586.33,1404.39,551.4,115
8,62,645.22,1587.32,1404.05,551.44,114
8,63,645.12,1588.31,1402.62,551.59,113
8,64,645.04,1586.21,1403.84,551.35,112
8,65,645.42,1589.35,1405.08,551.08,111
8,66,645.02,1585.16,1403.06,551.21,110
8,67,645.53,1584.26,1405.41,551.43,109
8,68,644.99,1585.7,1405.92,551.48,108
8,69,645.34,1585.67,1404.77,551.08,107
8,70,644.54,1588.5,1404.9,551.33,106
8,71,645.41,1585.25,1404.69,550.7,105
8,72,646.39,1584.74,1404.08,551.03,104
8,73,646.04,1586.32,1403.99,551.51,103
8,74,645.87,1587.04,1405.62,551.83,102
8,75,646.5,1585.65,1406.41,551.2,101
8,76,645.87,1584.53,1405.05,550.81,100
8,77,646.05,1587.94,1403.59,551.02,99
8,78,646.22,1586.51,1405.9,551.11,98
8,79,645.95,1586.5,1404.41,550.64,97
8,80,646.15,1586.93,1405.34,550.83,96
8,81,645.79,1588.25,1405.25,550.53,95
8,82,646.26,1586.84,1405.62,551.39,94
8,83,646.0,1587.52,1404.72,550.81,93
8,84,646.3,1585.39,1405.89,550.88,92
8,85,646.12,1588.59,1406.06,551.27,91
8,86,645.76,1587.59,1405.93,550.48,90
8,87,646.58,1590.3,1405.92,550.93,89
8,88,646.28,1586.74,1404.54,550.54,88
8,89,645.74,1589.73,1405.98,550.62,87
8,90,646.7,1586.43,1405.52,550.72,86
8,91,646.81,1588.46,1406.4,550.7,85
8,92,646.6,1588.19,1405.45,550.66,84
8,93,646.06,1588.13,1405.96,551.38,83
8,94,646.52,1586.43,1406.3,550.75,82
8,95,647.26,1587.5,1405.21,550.82,81
8,96,646.08,1587.77,1406.34,550.52,80
8,97,646.96,1587.56,1406.39,550.52,79
8,98,646.79,1588.58,1407.03,550.75,78
8,99,646.94,1589.09,1405.48,550.48,77
8,100,647.02,1589.51,1406.26,550.25,76
8,101,646.65,1589.37,1407.71,550.3,75
8,102,647.29,1588.96,1406.86,550.33,74
8,103,647.27,1589.29,1408.84,550.11,73
8,104,647.23,1588.35,1406.4,550.34,72
8,105,647.13,1592.57,1407.01,549.98,71
8,106,647.23,1586.66,1407.15,550.29,70
8,107,647.49,1590.41,1406.89,550.22,69
8,108,646.91,1587.97,1407.61,549.86,68
8,109,647.1,1588.22,1407.87,550.75,67
8,110,646.79,1587.28,1407.4,550.19,66
8,111,647.45,1589.05,1407.41,550.27,65
8,112,647.83,1587.33,1407.34,550.2,64
8,113,647.09,1591.84,1407.2,550.1,63
8,114,647.73,1589.14,1406.3,549.96,62
8,115,647.97,1589.53,1407.16,550.34,61
8,116,647.47,1589.41,1408.03,550.27,60
8,117,648.6,1591.1,1408.91,549.86,59
8,118,647.29,1590.27,1408.13,549.66,58
8,119,647.68,1590.76,1408.4,550.11,57
8,120,647.91,1589.76,1407.77,549.57,56
8,121,648.56,1590.47,1408.07,549.63,55
8,122,649.07,1589.25,1407.98,550.01,54
8,123,648.18,1591.77,1409.83,550.01,53
8,124,647.57,1590.4,1408.7,550.45,52
8,125,647.48,1592.24,1408.67,550.06,51
8,126,648.04,1589.87,1409.19,549.97,50
8,127,648.52,1590.95,1408.18,549.29,49
8,128,648.51,1591.56,1407.95,549.57,48
8,129,648.04,1589.36,1408.14,549.36,47
8,130,648.11,1590.34,1407.56,550.28,46
8,131,648.83,1590.38,1409.15,549.78,45
8,132,648.85,1590.42,1409.87,549.46,44
8,133,647.89,1592.36,1410.1,550.38,43
8,134,647.99,1592.41,1408.81,549.81,42
8,135,647.93,1590.14,1408.58,549.57,41
8,136,648.31,1592.54,1410.09,549.7,40
8,137,649.26,1592.33,1408.37,549.91,39
8,138,648.42,1593.01,1410.67,549.61,38
8,139,648.11,1590.9,1410.54,549.4,37
8,140,648.79,1593.0,1410.1,549.5,36
8,141,648.73,1591.8,1410.3,549.56,35
8,142,648.76,1593.56,1409.58,549.11,34
8,143,648.6,1591.18,1409.53,549.71,33
8,144,648.63,1592.66,1409.29,549.24,32
8,145,648.4,1592.26,1409.73,549.45,31
8,146,649.14,1591.17,1410.82,549.33,30
8,147,649.18,1592.68,1409.61,549.31,29
8,148,649.34,1590.69,1409.66,549.14,28
8,149,649.3,1594.3,1409.54,549.04,27
8,150,649.04,1591.99,1409.95,549.4,26
8,151,648.87,1593.55,1408.93,548.97,25
8,152,649.21,1595.14,1410.14,548.45,24
8,153,648.59,1593.25,1410.92,549.2,23
8,154,649.5,1594.69,1410.07,549.33,22
8,155,648.83,1592.3,1409.12,548.95,21
8,156,649.52,1593.61,1410.69,548.73,20
8,157,649.51,1591.76,1411.8,548.89,19
8,158,649.44,1595.55,1409.78,548.62,18
8,159,649.24,1593.65,1411.19,549.16,17
8,160,650.76,1591.12,1411.4,548.74,16
8,161,649.54,1593.16,1410.25,549.39,15
8,162,650.16,1594.02,1412.13,548.4,14
8,163,649.34,1591.46,1410.55,548.88,13
8,164,649.96,1594.34,1410.05,549.05,12
8,165,650.06,1595.13,1409.74,548.87,11
8,166,649.54,1593.86,1411.75,548.78,10
8,167,649.72,1594.43,1410.16,549.08,9
8,168,650.03,1595.85,1411.03,548.55,8
8,169,649.86,1595.65,1410.96,548.87,7
8,170,650.06,1592.31,1411.13,548.3,6
8,171,650.27,1593.34,1412.4,548.6,5
8,172,650.24,1595.64,1412.5,548.6,4
8,173,650.05,1592.81,1411.25,548.39,3
8,174,650.45,1594.61,1412.41,548.37,2
8,175,650.43,1596.53,1412.21,548.51,1
8,176,650.26,1594.44,1411.32,548.34,0
9,1,642.21,1582.54,1399.95,553.02,126
9,2,642.94,1581.0,1399.01,552.69,125
9,3,642.48,1580.87,1400.41,553.54,124
9,4,642.02,1580.39,1398.81,553.21,123
9,5,642.02,1581.87,1401.23,553.53,122
9,6,642.66,1580.29,1400.93,552.56,121
9,7,642.6,1580.6,1400.61,552.48,120
9,8,642.66,1581.95,1399.43,552.51,119
9,9,642.67,1578.26,1402.24,552.47,118
9,10,642.29,1580.95,1401.05,552.42,117
9,11,643.13,1581.8,1400.37,552.45,116
9,12,642.2,1579.93,1401.44,552.33,115
9,13,643.59,1581.64,1400.15,552.2,114
9,14,643.36,1581.58,1402.12,552.39,113
9,15,642.78,1583.14,1400.73,552.62,112
9,16,642.99,1582.97,1402.97,552.32,111
9,17,642.92,1582.83,1400.74,552.88,110
9,18,643.78,1580.96,1400.43,552.01,109
9,19,642.81,1583.24,1403.03,552.56,108
9,20,643.24,1582.8,1401.19,552.62,107
9,21,643.58,1583.44,1401.4,552.21,106
9,22,643.76,1584.37,1401.59,552.45,105
9,23,643.25,1585.29,1401.84,552.38,104
9,24,643.67,1586.0,1402.45,552.0,103
9,25,643.93,1583.73,1402.24,551.79,102
9,26,643.53,1584.17,1401.06,552.0,101
9,27,644.21,1583.12,1404.29,551.52,100
9,28,643.49,1580.57,1404.24,551.72,99
9,29,643.15,1582.74,1401.63,551.79,98
9,30,644.02,1584.56,1402.69,551.94,97
9,31,643.84,1581.9,1401.45,551.79,96
9,32,644.18,1583.3,1401.58,551.93,95
9,33,644.86,1583.81,1402.65,551.81,94
9,34,643.83,1582.67,1403.57,552.09,93
9,35,644.28,1581.82,1403.59,552.38,92
9,36,644.31,1584.1,1402.7,551.87,91
9,37,644.21,1585.65,1402.97,551.79,90
9,38,644.52,1586.41,1403.92,552.07,89
9,39,644.65,1584.46,1403.65,551.39,88
9,40,644.89,1583.96,1403.87,551.84,87
9,41,645.38,1585.1,1404.56,551.77,86
9,42,644.66,1587.56,1403.51,551.54,85
9,43,645.46,1586.86,1404.07,551.77,84
9,44,644.86,1584.68,1403.19,551.66,83
9,45,645.34,1584.7,1404.47,552.2,82
9,46,645.54,1584.42,1405.15,551.1,81
9,47,643.99,1585.6,1405.69,551.75,80
9,48,645.36,1585.09,1404.92,551.22,79
9,49,645.07,1587.14,1404.21,551.6,78
9,50,645.11,1588.45,1403.41,550.94,77
9,51,645.35,1583.72,1402.76,550.6,76
9,52,645.36,1585.9,1405.18,551.1,75
9,53,645.67,1585.8,1405.58,551.3,74
9,54,645.48,1587.1,1404.95,550.63,73
9,55,646.04,1585.49,1405.91,551.15,72
9,56,645.71,1584.45,1406.52,550.91,71
9,57,646.07,1586.69,1405.17,551.04,70
9,58,645.89,1586.62,1405.44,551.07,69
9,59,646.15,1587.11,1406.07,550.78,68
9,60,646.91,1588.96,1406.28,550.29,67
9,61,646.33,1586.9,1404.98,550.73,66
9,62,645.8,1588.03,1407.15,551.05,65
9,63,647.32,1585.68,1405.55,550.48,64
9,64,646.78,1587.4,1406.2,550.92,63
9,65,645.77,1587.03,1406.94,550.53,62
9,66,645.73,1586.82,1406.01,550.71,61
9,67,646.46,1587.28,1407.08,550.59,60
9,68,646.63,1587.47,1407.63,550.47,59
9,69,646.65,1589.5,1406.74,550.63,58
9,70,645.9,1589.19,1406.66,550.68,57
9,71,646.83,1587.83,1407.42,550.54,56
9,72,646.3,1590.19,1405.66,550.72,55
9,73,647.48,1587.41,1406.8,550.35,54
9,74,646.88,1591.05,1406.12,550.29,53
9,75,647.62,1588.59,1406.34,550.42,52
9,76,647.41,1588.62,1407.62,549.89,51
9,77,646.63,1588.69,1407.75,550.5,50
9,78,646.75,1590.2,1407.5,549.97,49
9,79,646.75,1589.73,1408.5,550.21,48
9,80,646.98,1587.33,1408.78,550.48,47
9,81,647.54,1591.47,1407.83,549.97,46
9,82,647.71,1588.82,1406.95,550.33,45
9,83,647.9,1588.41,1406.85,549.93,44
9,84,647.34,1590.63,1407.98,550.37,43
9,85,647.82,1589.4,1406.52,550.04,42
9,86,647.07,1589.5,1407.55,549.8,41
9,87,647.3,1589.54,1409.14,550.26,40
9,88,648.5,1590.54,1408.53,550.23,39
9,89,647.37,1591.62,1409.45,549.58,38
9,90,648.58,1593.24,1409.13,549.99,37
9,91,647.64,1592.17,1407.78,549.89,36
9,92,648.35,1587.06,1409.02,550.53,35
9,93,647.39,1591.07,1407.23,549.44,34
9,94,647.52,1591.44,1409.52,549.79,33
9,95,647.99,1590.64,1409.19,549.36,32
9,96,647.89,1591.2,1408.32,549.72,31
9,97,649.01,1594.73,1409.44,549.76,30
9,98,648.32,1591.08,1410.29,549.44,29
9,99,648.66,1593.32,1409.14,549.94,28
9,100,648.92,1592.51,1408.93,549.61,27
9,101,648.59,1592.65,1409.46,549.71,26
9,102,648.81,1594.65,1409.42,549.23,25
9,103,649.03,1593.62,1410.59,549.4,24
9,104,649.1,1592.86,1408.96,549.62,23
9,105,648.52,1591.28,1409.97,549.18,22
9,106,649.41,1593.22,1410.13,548.91,21
9,107,649.17,1592.74,1410.29,549.08,20
9,108,649.44,1592.51,1410.55,549.41,19
9,109,649.08,1592.12,1410.68,548.74,18
9,110,649.81,1593.18,1410.3,549.27,17
9,111,649.62,1593.29,1411.19,548.87,16
9,112,649.78,1592.11,1410.99,548.93,15
9,113,649.04,1593.83,1410.65,548.53,14
9,114,648.78,1593.46,1412.07,549.06,13
9,115,649.43,1595.06,1411.59,549.31,12
9,116,650.04,1594.95,1411.55,548.75,11
9,117,649.18,1593.38,1411.94,548.74,10
9,118,649.84,1592.72,1410.71,548.82,9
9,119,650.16,1593.69,1410.82,549.04,8
9,120,650.16,1594.9,1412.56,548.6,7
9,121,650.08,1595.14,1410.74,548.78,6
9,122,650.17,1597.93,1411.61,549.02,5
9,123,650.56,1593.33,1410.38,548.72,4
9,124,650.8,1595.19,1411.78,548.52,3
9,125,649.84,1593.81,1410.51,548.24,2
9,126,650.22,1596.01,1411.55,548.61,1
9,127,650.55,1595.8,1411.17,548.82,0
10,1,642.16,1578.64,1400.43,553.05,182
10,2,642.5,1581.62,1400.21,552.64,181
10,3,641.81,1582.36,1400.33,553.45,180
10,4,642.39,1581.24,1401.01,552.53,179
10,5,642.36,1578.93,1400.1,553.07,178
10,6,641.87,1581.17,1399.19,553.2,177
10,7,642.06,1579.35,1399.31,552.65,176
10,8,641.61,1580.01,1401.4,552.75,175
10,9,641.95,1581.02,1400.7,553.37,174
10,10,642.78,1581.2,1401.38,552.71,173
10,11,642.48,1582.9,1399.41,553.02,172
10,12,642.51,1580.65,1400.34,552.75,171
10,13,642.59,1580.58,1400.29,552.11,170
10,14,642.36,1580.55,1401.04,553.24,169
10,15,642.45,1580.02,1400.41,552.68,168
10,16,642.98,1582.2,1401.71,552.9,167
10,17,642.68,1583.88,1400.83,552.61,166
10,18,643.35,1582.17,1399.39,552.56,165
10,19,643.23,1579.97,1401.85,552.65,164
10,20,643.4,1580.83,1402.11,552.56,163
10,21,643.68,1585.09,1402.61,552.63,162
10,22,643.95,1582.55,1400.72,552.45,161
10,23,643.37,1582.9,1400.61,552.11,160
10,24,642.98,1582.63,1402.1,552.45,159
10,25,642.83,1584.16,1400.78,552.78,158
10,26,643.5,1583.7,1401.35,552.32,157
10,27,643.28,1581.67,1401.95,552.81,156
10,28,642.78,1581.54,1401.22,552.28,155
10,29,643.29,1583.34,1401.93,552.38,154
10,30,643.55,1582.79,1402.53,552.23,153
10,31,644.1,1585.62,1402.6,552.31,152
10,32,643.74,1581.34,1402.24,551.99,151
10,33,643.74,1581.87,1401.89,551.63,150
10,34,643.11,1583.25,1401.53,552.48,149
10,35,643.24,1583.45,1401.69,552.25,148
10,36,643.06,1582.45,1401.68,552.38,147
10,37,643.9,1581.59,1402.26,551.86,146
10,38,644.15,1584.68,1401.34,552.31,145
10,39,643.48,1582.94,1402.58,552.59,144
10,40,643.46,1584.32,1401.69,551.64,143
10,41,643.92,1583.43,1400.42,552.34,142
10,42,643.1,1583.31,1403.82,552.63,141
10,43,643.85,1581.85,1403.85,552.2,140
10,44,643.85,1582.92,1402.31,551.81,139
10,45,644.22,1583.06,1402.6,552.09,138
10,46,643.54,1583.37,1401.68,551.9,137
10,47,643.41,1584.97,1402.03,551.31,136
10,48,644.08,1586.04,1403.72,551.24,135
10,49,643.74,1583.6,1405.0,551.51,134
10,50,643.95,1585.99,1403.43,552.09,133
10,51,644.08,1584.11,1404.4,551.7,132
10,52,644.86,1584.78,1402.58,551.72,131
10,53,644.85,1585.21,1403.44,551.13,130
10,54,643.79,1582.59,1403.13,551.56,129
10,55,643.96,1585.8,1402.6,551.24,128
10,56,644.64,1585.82,1405.32,551.8,127
10,57,645.28,1583.28,1405.47,551.04,126
10,58,644.49,1585.49,1402.52,551.3,125
10,59,644.31,1584.53,1405.01,551.55,124
10,60,644.6,1581.52,1404.31,551.76,123
10,61,644.15,1584.99,1404.15,551.79,122
10,62,644.59,1584.1,1403.7,551.86,121
10,63,645.34,1585.21,1404.95,550.74,120
10,64,645.29,1583.97,1405.61,551.11,119
10,65,644.68,1586.07,1404.79,551.27,118
10,66,645.21,1586.08,1404.64,551.26,117
10,67,645.31,1587.25,1403.41,551.1,116
10,68,645.17,1584.38,1403.02,551.66,115
10,69,644.31,1585.25,1405.13,551.38,114
10,70,645.1,1584.5,1404.87,550.98,113
10,71,645.4,1586.07,1404.78,551.06,112
10,72,646.16,1586.41,1404.5,551.31,111
10,73,645.08,1585.6,1406.7,550.97,110
10,74,645.41,1585.6,1404.02,551.31,109
10,75,645.5,1587.32,1405.57,551.43,108
10,76,645.16,1587.08,1405.52,550.82,107
10,77,645.45,1584.65,1405.58,551.31,106
10,78,646.2,1586.2,1405.48,551.38,105
10,79,645.37,1585.47,1404.6,550.95,104
10,80,645.37,1585.83,1405.95,551.0,103
10,81,645.88,1586.07,1404.82,551.09,102
10,82,645.86,1587.74,1406.42,550.78,101
10,83,646.2,1585.6,1407.1,550.72,100
10,84,646.18,1585.67,1405.39,551.4,99
10,85,645.62,1589.71,1405.57,551.2,98
10,86,646.16,1587.69,1404.5,550.74,97
10,87,646.52,1586.81,1405.82,550.4,96
10,88,645.87,1588.66,1404.74,551.05,95
10,89,646.2,1587.11,1405.61,550.66,94
10,90,646.02,1588.59,1405.56,551.33,93
10,91,646.35,1586.87,1406.75,550.95,92
10,92,645.61,1586.4,1405.94,550.26,91
10,93,647.16,1588.71,1406.09,550.61,90
10,94,646.13,1585.45,1404.78,551.26,89
10,95,647.04,1587.2,1406.96,550.82,88
10,96,646.71,1586.26,1404.85,550.99,87
10,97,645.71,1587.88,1406.07,550.48,86
10,98,646.68,1587.33,1406.74,550.63,85
10,99,647.44,1586.56,1406.52,550.69,84
10,100,646.54,1586.7,1407.56,550.64,83
10,101,646.18,1588.92,1407.98,550.51,82
10,102,646.74,1590.35,1405.91,551.01,81
10,103,647.17,1587.45,1406.22,550.31,80
10,104,646.1,1588.95,1406.12,550.53,79
10,105,646.36,1589.83,1407.48,550.21,78
10,106,647.07,1588.9,1408.14,550.08,77
10,107,646.91,1588.12,1407.05,550.53,76
10,108,646.76,1588.53,1407.85,550.75,75
10,109,647.26,1588.89,1406.96,550.48,74
10,110,647.2,1587.16,1407.67,550.04,73
10,111,646.59,1587.22,1407.11,549.97,72
10,112,646.27,1588.87,1406.95,550.2,71
10,113,647.0,1591.58,1407.82,550.07,70
10,114,647.27,1591.17,1408.24,549.78,69
10,115,646.95,1588.61,1407.19,549.99,68
10,116,647.4,1590.52,1408.33,550.05,67
10,117,646.78,1588.47,1407.26,549.75,66
10,118,647.94,1588.39,1408.23,549.59,65
10,119,647.79,1589.72,1409.01,549.73,64
10,120,647.35,1589.52,1407.75,549.95,63
10,121,647.49,1589.64,1406.28,550.32,62
10,122,648.81,1590.49,1407.09,549.69,61
10,123,647.96,1590.68,1407.84,550.2,60
10,124,646.93,1591.2,1408.32,549.65,59
10,125,647.23,1590.53,1409.32,549.86,58
10,126,647.51,1590.7,1409.72,550.03,57
10,127,648.11,1592.02,1408.71,549.64,56
10,128,647.25,1589.53,1407.51,550.05,55
10,129,648.31,1590.93,1407.44,550.36,54
10,130,647.87,1591.52,1408.56,549.87,53
10,131,648.31,1590.05,1409.63,549.3,52
10,132,647.72,1592.51,1409.13,550.52,51
10,133,648.2,1593.09,1407.24,549.31,50
10,134,648.58,1589.04,1408.63,550.06,49
10,135,648.47,1591.23,1408.49,549.74,48
10,136,648.55,1590.5,1409.22,549.98,47
10,137,648.27,1591.46,1409.37,549.8,46
10,138,648.76,1590.25,1408.63,549.46,45
10,139,648.09,1589.39,1406.51,549.94,44
10,140,647.88,1593.51,1409.77,549.44,43
10,141,648.8,1592.22,1408.36,549.53,42
10,142,648.2,1592.58,1408.74,549.48,41
10,143,648.59,1592.02,1410.71,549.41,40
10,144,649.18,1592.54,1410.58,549.36,39
10,145,649.01,1591.97,1407.12,549.11,38
10,146,649.01,1592.75,1408.54,549.48,37
10,147,649.03,1592.17,1410.22,549.56,36
10,148,648.86,1591.68,1410.54,549.5,35
10,149,648.37,1592.64,1408.85,549.05,34
10,150,648.71,1592.51,1410.14,549.19,33
10,151,648.87,1591.94,1410.74,548.43,32
10,152,648.94,1594.48,1410.38,549.64,31
10,153,648.29,1591.22,1410.44,549.7,30
10,154,648.7,1592.33,1410.42,548.78,29
10,155,649.41,1589.66,1410.56,548.89,28
10,156,649.07,1593.74,1410.59,549.16,27
10,157,649.68,1591.0,1410.46,548.9,26
10,158,649.71,1593.95,1410.94,549.61,25
10,159,649.84,1593.02,1410.43,549.27,24
10,160,649.49,1594.14,1408.71,549.63,23
10,161,649.5,1591.43,1409.83,548.4,22
10,162,649.09,1593.29,1411.83,549.14,21
10,163,649.66,1592.18,1410.03,548.77,20
10,164,649.34,1593.2,1410.53,548.87,19
10,165,649.4,1593.87,1410.57,548.46,18
10,166,649.72,1593.65,1409.62,548.74,17
10,167,650.0,1592.51,1409.96,548.8,16
10,168,650.05,1596.13,1411.54,549.19,15
10,169,649.99,1593.22,1411.6,548.82,14
10,170,650.05,1592.98,1411.52,548.78,13
10,171,650.04,1594.1,1410.99,548.94,12
10,172,649.83,1592.38,1409.78,548.83,11
10,173,649.86,1592.29,1411.43,548.72,10
10,174,649.88,1594.75,1412.46,549.11,9
10,175,650.19,1594.43,1411.6,548.79,8
10,176,650.07,1594.83,1410.28,548.7,7
10,177,650.41,1594.11,1411.53,548.31,6
10,178,649.77,1595.04,1411.09,548.09,5
10,179,649.87,1593.71,1412.36,548.65,4
10,180,650.01,1594.25,1412.85,548.85,3
10,181,649.96,1596.43,1411.8,548.79,2
10,182,650.39,1596.54,1411.01,548.45,1
10,183,650.99,1592.33,1411.96,548.38,0
11,1,642.7,1578.44,1398.94,552.45,122
11,2,641.68,1580.55,1399.75,552.68,121
11,3,642.62,1581.01,1398.93,553.18,120
11,4,642.48,1581.13,1399.93,552.8,119
11,5,641.56,1581.66,1399.69,552.56,118
11,6,642.06,1582.9,1400.05,553.06,117
11,7,642.47,1579.87,1399.87,552.56,116
11,8,642.52,1581.71,1400.4,552.55,115
11,9,642.27,1579.68,1399.86,552.97,114
11,10,642.48,1580.71,1400.44,552.54,113
11,11,642.91,1580.78,1401.22,553.02,112
11,12,642.5,1580.96,1401.68,553.01,111
11,13,642.4,1579.57,1401.27,552.49,110
11,14,643.25,1582.39,1401.34,552.8,109
11,15,642.76,1582.11,1400.49,552.44,108
11,16,642.52,1580.64,1402.93,551.87,107
11,17,643.09,1583.09,1403.44,552.43,106
11,18,643.34,1582.27,1402.6,552.47,105
11,19,643.08,1583.69,1401.48,551.83,104
11,20,642.74,1582.23,1402.03,552.55,103
11,21,643.71,1582.69,1402.86,552.24,102
11,22,643.0,1580.91,1403.17,551.52,101
11,23,643.51,1586.42,1402.61,552.1,100
11,24,642.98,1584.91,1403.31,552.33,99
11,25,643.73,1583.78,1402.32,551.79,98
11,26,644.18,1583.15,1402.95,552.01,97
11,27,644.05,1583.32,1402.56,552.02,96
11,28,645.12,1584.42,1404.8,551.97,95
11,29,643.88,1582.29,1404.11,551.67,94
11,30,644.8,1582.49,1403.64,551.43,93
11,31,643.97,1583.86,1402.55,551.82,92
11,32,644.15,1584.92,1401.45,551.66,91
11,33,644.78,1584.75,1404.24,552.02,90
11,34,643.92,1584.99,1403.4,552.44,89
11,35,644.74,1584.95,1403.95,551.86,88
11,36,644.66,1584.13,1403.94,551.97,87
11,37,644.98,1585.7,1404.82,551.98,86
11,38,644.88,1583.32,1402.79,551.54,85
11,39,644.71,1586.5,1401.58,551.26,84
11,40,644.69,1583.75,1403.26,551.39,83
11,41,644.46,1584.14,1405.09,551.68,82
11,42,645.21,1585.15,1404.91,551.72,81
11,43,645.21,1584.53,1403.84,551.74,80
11,44,644.83,1583.89,1403.86,551.86,79
11,45,644.9,1585.95,1403.9,551.58,78
11,46,645.39,1583.9,1404.7,550.81,77
11,47,645.03,1585.79,1406.06,551.38,76
11,48,645.01,1585.55,1405.42,551.02,75
11,49,645.82,1585.43,1404.05,551.06,74
11,50,644.81,1583.57,1404.81,551.15,73
11,51,645.63,1586.2,1406.84,551.18,72
11,52,645.04,1585.08,1405.07,550.97,71
11,53,645.17,1586.48,1405.14,551.54,70
11,54,645.37,1586.17,1406.54,551.12,69
11,55,645.43,1585.94,1404.39,551.01,68
11,56,646.28,1588.88,1404.27,551.21,67
11,57,646.0,1586.73,1405.23,550.34,66
11,58,646.26,1585.58,1405.06,551.0,65
11,59,645.35,1585.71,1406.73,550.88,64
11,60,645.88,1587.57,1406.39,551.14,63
11,61,645.77,1586.31,1406.44,550.96,62
11,62,645.75,1586.48,1405.89,550.74,61
11,63,646.37,1586.15,1406.18,550.48,60
11,64,645.96,1587.9,1406.15,550.9,59
11,65,646.15,1588.31,1405.09,550.54,58
11,66,646.75,1588.81,1406.88,550.83,57
11,67,646.45,1588.87,1408.03,550.41,56
11,68,647.25,1589.46,1406.42,550.46,55
11,69,646.82,1589.51,1407.05,550.33,54
11,70,646.0,1589.46,1405.28,550.03,53
11,71,646.75,1587.32,1407.18,550.31,52
11,72,647.29,1586.97,1406.49,550.37,51
11,73,647.06,1589.85,1406.39,550.19,50
11,74,647.32,1586.51,1407.53,550.52,49
11,75,646.65,1588.89,1408.51,550.45,48
11,76,647.43,1590.58,1408.86,550.23,47
11,77,647.16,1590.7,1407.36,549.9,46
11,78,647.17,1590.01,1407.25,550.03,45
11,79,647.05,1591.49,1407.43,549.9,44
11,80,647.29,1590.85,1408.26,549.92,43
11,81,647.61,1590.34,1407.34,549.57,42
11,82,647.87,1589.35,1408.35,550.1,41
11,83,647.76,1589.75,1407.59,549.62,40
11,84,647.56,1591.06,1409.31,550.3,39
11,85,647.93,1592.18,1408.05,549.5,38
11,86,648.71,1591.27,1407.16,550.32,37
11,87,647.71,1590.12,1409.3,550.23,36
11,88,647.68,1592.64,1409.28,549.54,35
11,89,648.05,1592.82,1407.43,550.16,34
11,90,648.56,1591.73,1408.89,550.3,33
11,91,649.14,1590.51,1409.37,550.23,32
11,92,648.04,1591.66,1409.78,549.03,31
11,93,648.76,1590.19,1409.23,549.94,30
11,94,647.54,1592.56,1410.8,549.4,29
11,95,648.8,1593.34,1407.99,549.75,28
11,96,649.04,1592.63,1409.44,549.19,27
11,97,649.26,1592.03,1408.74,549.36,26
11,98,648.92,1590.24,1409.58,549.29,25
11,99,649.38,1589.98,1410.41,549.8,24
11,100,648.18,1590.3,1411.18,549.07,23
11,101,650.22,1590.31,1409.99,549.3,22
11,102,648.97,1593.16,1410.37,549.22,21
11,103,648.71,1593.99,1410.55,549.27,20
11,104,649.43,1593.77,1409.54,549.36,19
11,105,649.03,1593.94,1410.09,549.34,18
11,106,649.15,1593.9,1409.56,549.13,17
11,107,649.79,1593.78,1410.59,549.63,16
11,108,649.87,1594.37,1411.06,549.28,15
11,109,650.2,1592.97,1411.44,549.12,14
11,110,649.45,1593.47,1410.91,548.72,13
11,111,650.02,1593.59,1410.9,549.35,12
11,112,649.79,1595.7,1410.51,548.57,11
11,113,649.69,1590.59,1411.75,548.55,10
11,114,649.63,1594.95,1411.22,548.7,9
11,115,649.13,1595.77,1411.8,549.41,8
11,116,649.78,1592.59,1412.11,548.7,7
11,117,650.34,1596.4,1411.73,548.77,6
11,118,650.25,1592.62,1412.4,549.03,5
11,119,650.44,1592.89,1411.51,549.08,4
11,120,650.07,1596.25,1411.75,548.82,3
11,121,650.2,1595.05,1412.15,548.25,2
11,122,650.54,1591.85,1411.42,548.7,1
11,123,650.95,1595.77,1410.89,548.81,0
12,1,641.79,1578.84,1400.35,552.51,160
12,2,641.66,1579.39,1398.71,552.94,159
12,3,641.32,1580.87,1399.91,552.73,158
12,4,642.03,1580.31,1400.77,553.28,157
12,5,642.67,1583.15,1400.91,552.9,156
12,6,642.13,1580.06,1400.88,552.53,155
12,7,642.46,1580.64,1399.94,552.49,154
12,8,643.43,1579.08,1400.54,553.14,153
12,9,642.69,1580.28,1399.72,552.79,152
12,10,641.47,1581.15,1400.77,553.04,151
12,11,642.12,1580.65,1401.17,552.75,150
12,12,642.1,1580.36,1402.01,552.74,149
12,13,642.02,1582.29,1399.69,552.54,148
12,14,642.96,1582.78,1399.17,552.82,147
12,15,643.14,1580.75,1401.19,551.67,146
12,16,641.75,1582.84,1400.76,552.45,145
12,17,642.99,1581.17,1400.9,552.64,144
12,18,642.35,1583.09,1401.16,552.2,143
12,19,642.55,1581.84,1401.17,552.0,142
12,20,642.82,1580.92,1402.5,552.48,141
12,21,643.74,1581.13,1401.33,552.53,140
12,22,643.4,1582.94,1400.93,552.13,139
12,23,643.07,1583.95,1400.91,552.2,138
12,24,643.56,1583.08,1402.23,552.35,137
12,25,642.89,1581.53,1402.76,552.53,136
12,26,642.84,1583.5,1402.98,552.29,135
12,27,643.6,1583.76,1401.46,552.94,134
12,28,643.97,1583.27,1402.06,552.37,133
12,29,642.91,1585.24,1403.06,552.63,132
12,30,643.6,1582.4,1401.7,552.41,131
12,31,643.43,1582.7,1402.75,551.94,130
12,32,644.11,1583.0,1401.18,551.9,129
12,33,644.27,1581.99,1403.17,552.11,128
12,34,643.73,1586.23,1401.51,551.83,127
12,35,643.84,1586.2,1402.59,552.1,126
12,36,643.77,1583.83,1402.46,552.2,125
12,37,644.26,1583.21,1401.86,551.99,124
12,38,644.57,1582.6,1403.1,551.58,123
12,39,643.64,1585.24,1403.46,552.01,122
12,40,643.18,1583.11,1403.47,551.45,121
12,41,644.02,1584.79,1401.85,551.35,120
12,42,643.62,1584.37,1402.68,552.09,119
12,43,644.32,1586.32,1402.21,551.9,118
12,44,644.0,1584.87,1403.38,551.47,117
12,45,644.31,1584.34,1402.87,551.96,116
12,46,644.02,1586.85,1404.19,551.82,115
12,47,645.62,1584.07,1403.99,551.75,114
12,48,644.85,1586.33,1404.02,551.97,113
12,49,644.37,1584.38,1404.96,551.81,112
12,50,644.74,1583.82,1404.5,551.37,111
12,51,644.26,1584.95,1401.88,551.76,110
12,52,644.9,1584.49,1403.67,551.51,109
12,53,644.48,1585.23,1403.75,551.55,108
12,54,644.79,1584.68,1404.25,551.73,107
12,55,644.69,1585.67,1404.51,551.08,106
12,56,645.35,1587.75,1404.1,551.38,105
12,57,644.92,1586.13,1404.66,550.93,104
12,58,644.72,1586.08,1404.21,551.03,103
12,59,645.72,1584.61,1404.43,551.3,102
12,60,644.74,1585.89,1404.79,551.18,101
12,61,645.09,1586.48,1402.97,551.04,100
12,62,645.36,1585.22,1404.19,551.54,99
12,63,645.07,1588.32,1403.29,550.58,98
12,64,645.73,1584.86,1404.0,551.51,97
12,65,645.23,1587.23,1404.36,551.29,96
12,66,645.28,1585.13,1406.3,551.49,95
12,67,645.25,1586.11,1406.17,550.83,94
12,68,645.22,1586.98,1406.88,551.12,93
12,69,646.06,1585.29,1405.43,550.96,92
12,70,646.44,1588.53,1407.04,550.83,91
12,71,645.76,1587.15,1404.77,551.05,90
12,72,646.16,1586.14,1404.8,550.76,89
12,73,645.32,1587.92,1404.88,550.72,88
12,74,646.12,1586.97,1405.1,551.17,87
12,75,645.73,1584.47,1406.66,550.66,86
12,76,645.72,1586.32,1405.71,550.79,85
12,77,646.46,1589.24,1405.2,550.57,84
12,78,645.91,1587.89,1405.72,550.67,83
12,79,645.65,1584.81,1405.08,551.17,82
12,80,646.4,1587.32,1406.55,550.38,81
12,81,646.3,1585.5,1406.31,550.81,80
12,82,646.44,1589.14,1406.73,550.35,79
12,83,646.86,1587.58,1404.61,550.65,78
12,84,646.69,1586.71,1407.33,550.38,77
12,85,646.3,1587.23,1404.97,550.33,76
12,86,646.26,1587.96,1404.01,550.81,75
12,87,646.88,1589.63,1405.29,550.48,74
12,88,647.02,1589.54,1407.74,550.57,73
12,89,646.68,1586.53,1407.49,550.37,72
12,90,646.77,1588.46,1404.79,550.24,71
12,91,646.99,1588.53,1407.15,550.69,70
12,92,646.53,1588.07,1406.74,550.66,69
12,93,646.82,1586.64,1406.77,550.62,68
12,94,647.51,1589.21,1405.82,550.25,67
12,95,647.21,1590.01,1407.49,550.27,66
12,96,647.41,1588.29,1407.3,550.54,65
12,97,647.35,1589.88,1407.69,549.97,64
12,98,647.18,1588.16,1407.07,549.91,63
12,99,647.36,1586.99,1407.87,550.24,62
12,100,648.04,1589.2,1407.29,550.41,61
12,101,647.27,1589.87,1408.32,550.1,60
12,102,647.86,1587.61,1408.89,549.61,59
12,103,647.98,1587.48,1409.26,550.17,58
12,104,647.11,1592.06,1406.88,550.02,57
12,105,648.59,1590.39,1406.21,549.98,56
12,106,647.45,1590.23,1407.87,550.2,55
12,107,647.04,1589.44,1408.22,549.78,54
12,108,648.14,1589.31,1408.16,549.95,53
12,109,647.35,1590.36,1407.07,549.82,52
12,110,647.82,1588.67,1408.7,550.0,51
12,111,648.07,1590.48,1407.35,549.9,50
12,112,648.16,1589.15,1407.46,549.8,49
12,113,647.82,1590.65,1408.19,549.89,48
12,114,648.51,1591.41,1408.54,549.48,47
12,115,647.78,1591.87,1408.2,549.5,46
12,116,648.96,1592.78,1408.55,549.43,45
12,117,648.47,1590.46,1409.43,549.58,44
12,118,648.89,1590.52,1410.69,549.76,43
12,119,648.84,1590.59,1407.82,548.98,42
12,120,648.85,1591.41,1407.95,550.04,41
12,121,648.85,1593.08,1407.95,549.99,40
12,122,648.59,1593.23,1409.53,549.64,39
12,123,649.0,1592.63,1410.03,549.42,38
12,124,648.48,1589.63,1408.79,549.77,37
12,125,648.83,1590.63,1410.34,550.4,36
12,126,648.29,1591.65,1408.89,549.45,35
12,127,648.81,1591.15,1409.24,549.48,34
12,128,648.95,1593.84,1409.53,549.25,33
12,129,649.09,1592.66,1409.46,549.54,32
12,130,648.71,1591.64,1408.17,549.27,31
12,131,648.21,1591.6,1410.23,548.89,30
12,132,648.89,1592.54,1409.65,549.17,29
12,133,649.15,1593.11,1409.91,549.15,28
12,134,649.42,1591.08,1410.54,549.38,27
12,135,649.21,1592.73,1408.55,549.64,26
12,136,649.52,1591.69,1410.74,549.26,25
12,137,649.0,1594.36,1409.87,549.58,24
12,138,649.5,1594.18,1410.75,549.3,23
12,139,649.42,1592.25,1410.41,549.39,22
12,140,649.68,1593.82,1408.76,549.02,21
12,141,649.32,1591.99,1411.23,548.45,20
12,142,649.83,1595.0,1410.42,549.01,19
12,143,649.94,1592.58,1411.19,548.73,18
12,144,649.12,1593.95,1410.71,548.46,17
12,145,650.22,1593.19,1411.22,549.43,16
12,146,649.81,1595.31,1410.19,549.35,15
12,147,649.43,1593.19,1409.79,548.97,14
12,148,650.07,1594.89,1409.89,548.98,13
12,149,650.03,1594.8,1410.49,548.08,12
12,150,650.2,1593.99,1411.4,548.78,11
12,151,650.07,1595.14,1409.77,549.12,10
12,152,649.95,1596.3,1410.96,548.55,9
12,153,650.02,1595.04,1411.18,548.9,8
12,154,649.98,1594.58,1413.27,548.8,7
12,155,650.36,1592.87,1412.64,548.99,6
12,156,649.95,1595.98,1411.89,548.65,5
12,157,650.81,1594.21,1411.12,548.67,4
12,158,650.55,1596.08,1411.66,548.33,3
12,159,651.41,1593.71,1411.9,548.79,2
12,160,650.91,1594.42,1410.43,548.35,1
12,161,650.84,1595.96,1412.54,548.71,0
13,1,641.85,1583.66,1401.43,553.13,192
13,2,642.21,1579.6,1400.05,552.75,191
13,3,642.11,1578.6,1399.05,553.32,190
13,4,641.53,1581.38,1398.73,553.1,189
13,5,642.14,1581.98,1400.05,552.28,188
13,6,642.19,1580.66,1400.27,553.03,187
13,7,642.08,1579.04,1399.64,552.68,186
13,8,642.14,1583.52,1401.5,553.02,185
13,9,642.57,1581.07,1400.8,552.84,184
13,10,642.46,1578.28,1400.33,552.69,183
13,11,642.18,1580.2,1400.92,552.97,182
13,12,642.65,1581.84,1401.35,552.63,181
13,13,642.78,1578.93,1400.5,552.55,180
13,14,643.23,1581.51,1399.8,552.85,179
13,15,643.02,1581.07,1401.48,551.9,178
13,16,641.62,1579.85,1401.11,553.09,177
13,17,642.3,1580.31,1401.13,552.46,176
13,18,642.57,1580.91,1402.17,552.92,175
13,19,642.85,1583.48,1401.59,552.9,174
13,20,642.54,1580.79,1400.71,552.51,173
13,21,642.95,1582.04,1402.88,552.73,172
13,22,642.76,1581.73,1402.57,552.72,171
13,23,643.61,1581.23,1400.86,552.25,170
13,24,642.9,1580.61,1401.73,552.53,169
13,25,643.64,1579.86,1400.8,552.66,168
13,26,643.22,1582.1,1402.63,552.09,167
13,27,642.9,1581.11,1400.07,552.41,166
13,28,643.02,1581.33,1401.01,552.34,165
13,29,642.96,1582.55,1402.17,552.24,164
13,30,643.18,1582.59,1401.84,552.7,163
13,31,643.49,1583.76,1402.42,551.88,162
13,32,643.19,1582.46,1402.68,552.83,161
13,33,643.26,1582.67,1402.69,552.21,160
13,34,644.16,1581.06,1402.66,552.41,159
13,35,644.0,1582.83,1402.89,552.11,158
13,36,643.26,1581.7,1401.09,552.03,157
13,37,643.75,1582.66,1402.46,552.51,156
13,38,643.47,1585.8,1402.97,552.05,155
13,39,643.63,1581.86,1402.4,551.44,154
13,40,644.26,1579.77,1402.52,551.72,153
13,41,643.53,1582.54,1404.09,551.71,152
13,42,644.22,1584.7,1400.74,551.84,151
13,43,644.49,1581.81,1403.63,551.99,150
13,44,643.91,1583.55,1403.01,551.69,149
13,45,643.88,1583.99,1402.94,552.06,148
13,46,643.74,1584.38,1402.96,551.45,147
13,47,643.86,1582.63,1402.2,551.76,146
13,48,644.36,1583.03,1403.16,551.9,145
13,49,643.85,1583.45,1403.74,551.9,144
13,50,644.42,1585.46,1403.46,551.26,143
13,51,644.35,1583.27,1404.62,551.93,142
13,52,644.05,1584.78,1403.31,551.27,141
13,53,644.68,1583.69,1404.43,551.73,140
13,54,644.95,1584.76,1404.14,551.59,139
13,55,644.56,1582.26,1403.32,551.27,138
13,56,644.01,1583.34,1404.01,551.65,137
13,57,644.52,1584.28,1404.41,551.67,136
13,58,644.65,1583.88,1404.53,552.01,135
13,59,644.58,1583.95,1402.38,551.36,134
13,60,643.78,1583.63,1404.02,551.59,133
13,61,645.62,1584.36,1403.43,551.9,132
13,62,643.96,1583.1,1404.39,551.5,131
13,63,644.71,1583.84,1404.11,551.29,130
13,64,644.85,1583.65,1403.83,552.12,129
13,65,644.69,1584.96,1403.88,551.54,128
13,66,645.09,1585.51,1404.33,551.41,127
13,67,644.99,1585.02,1402.72,552.23,126
13,68,645.29,1584.18,1404.41,551.01,125
13,69,644.84,1583.66,1404.25,550.92,124
13,70,645.24,1586.33,1403.69,551.42,123
13,71,644.77,1586.21,1403.86,551.58,122
13,72,644.45,1584.46,1403.59,551.38,121
13,73,645.44,1586.09,1404.13,550.46,120
13,74,645.27,1586.77,1406.75,551.15,119
13,75,645.04,1586.29,1404.46,551.63,118
13,76,645.02,1585.69,1405.43,551.32,117
13,77,645.86,1585.54,1405.8,550.71,116
13,78,644.79,1587.68,1404.86,551.46,115
13,79,645.52,1586.21,1403.85,551.15,114
13,80,646.07,1586.37,1405.52,551.33,113
13,81,645.16,1587.41,1404.79,551.03,112
13,82,646.45,1587.17,1404.59,551.11,111
13,83,645.67,1588.56,1405.19,551.73,110
13,84,645.18,1586.58,1404.61,550.89,109
13,85,645.55,1585.84,1406.67,551.44,108
13,86,645.95,1586.2,1404.8,551.22,107
13,87,645.95,1586.68,1405.84,551.24,106
13,88,645.81,1585.99,1404.41,551.02,105
13,89,646.79,1585.68,1406.41,550.72,104
13,90,645.77,1588.19,1405.39,550.98,103
13,91,646.1,1586.36,1406.37,550.86,102
13,92,645.5,1586.17,1403.23,550.87,101
13,93,646.62,1586.07,1406.25,550.96,100
13,94,645.84,1589.25,1405.63,551.41,99
13,95,645.53,1587.16,1405.79,550.77,98
13,96,646.51,1591.64,1406.33,550.77,97
13,97,645.83,1585.37,1406.97,550.57,96
13,98,647.36,1588.76,1406.37,550.83,95
13,99,646.52,1586.96,1404.75,550.53,94
13,100,646.4,1587.1,1405.19,550.44,93
13,101,646.86,1588.85,1406.42,550.82,92
13,102,646.04,1587.08,1406.59,550.32,91
13,103,646.58,1586.6,1405.08,550.82,90
13,104,646.99,1587.43,1405.25,549.91,89
13,105,647.36,1588.4,1406.04,550.44,88
13,106,645.9,1589.09,1408.19,550.29,87
13,107,647.67,1588.29,1407.99,550.6,86
13,108,646.88,1590.72,1407.34,550.59,85
13,109,646.02,1586.78,1407.14,550.9,84
13,110,646.9,1587.95,1405.37,550.2,83
13,111,646.94,1587.71,1406.13,550.4,82
13,112,647.51,1589.64,1407.19,550.45,81
13,113,647.2,1588.77,1406.7,550.59,80
13,114,646.93,1587.55,1408.24,549.78,79
13,115,647.67,1589.66,1406.37,550.33,78
13,116,646.94,1590.11,1407.84,550.43,77
13,117,647.45,1589.08,1408.68,550.64,76
13,118,647.01,1590.27,1407.92,550.17,75
13,119,647.11,1590.83,1407.39,550.3,74
13,120,647.85,1592.49,1407.04,550.14,73
13,121,647.36,1589.65,1407.82,550.03,72
13,122,646.87,1591.71,1408.08,550.03,71
13,123,647.59,1591.89,1407.02,550.2,70
13,124,646.91,1589.62,1408.2,549.77,69
13,125,647.43,1590.8,1408.24,549.74,68
13,126,647.7,1590.59,1407.92,550.39,67
13,127,647.36,1590.5,1406.96,549.56,66
13,128,647.95,1590.11,1407.59,549.7,65
13,129,648.01,1588.35,1408.82,550.13,64
13,130,647.14,1590.39,1410.21,550.33,63
13,131,647.44,1591.18,1407.01,549.53,62
13,132,647.79,1591.06,1408.86,550.17,61
13,133,648.06,1588.54,1408.22,550.19,60
13,134,648.08,1590.77,1408.59,549.97,59
13,135,647.16,1592.02,1408.31,550.06,58
13,136,647.07,1592.7,1407.53,550.59,57
13,137,648.88,1589.2,1409.17,549.5,56
13,138,647.82,1590.13,1408.94,549.88,55
13,139,647.64,1591.48,1408.48,549.21,54
13,140,647.99,1593.02,1408.38,549.19,53
13,141,648.54,1589.99,1408.94,549.66,52
13,142,648.96,1590.98,1407.91,549.55,51
13,143,647.81,1591.01,1410.31,550.04,50
13,144,649.16,1591.92,1409.07,549.34,49
13,145,648.49,1591.26,1409.64,549.28,48
13,146,648.45,1589.61,1409.35,549.8,47
13,147,647.83,1589.97,1408.1,549.52,46
13,148,647.96,1593.31,1409.55,549.73,45
13,149,647.93,1593.29,1409.78,549.32,44
13,150,647.99,1591.72,1408.95,549.38,43
13,151,648.37,1592.76,1407.31,549.91,42
13,152,649.09,1592.22,1409.34,549.78,41
13,153,648.72,1591.72,1410.42,550.06,40
13,154,648.39,1592.64,1408.71,549.56,39
13,155,648.52,1593.66,1409.56,549.4,38
13,156,649.52,1591.41,1410.25,549.17,37
13,157,649.39,1594.51,1409.55,548.68,36
13,158,648.68,1595.36,1409.35,549.85,35
13,159,648.76,1591.77,1410.51,549.49,34
13,160,649.39,1592.61,1410.78,549.56,33
13,161,649.55,1591.93,1410.84,549.09,32
13,162,649.07,1592.55,1409.27,548.7,31
13,163,649.67,1591.99,1409.92,548.98,30
13,164,649.12,1592.31,1411.22,549.0,29
13,165,649.95,1594.36,1409.88,549.25,28
13,166,649.52,1594.08,1411.07,549.19,27
13,167,648.97,1593.92,1410.19,548.27,26
13,168,649.56,1592.35,1410.08,549.08,25
13,169,648.82,1593.48,1410.25,548.8,24
13,170,649.51,1591.36,1410.63,549.18,23
13,171,649.65,1594.41,1411.56,548.99,22
13,172,650.01,1593.44,1410.13,548.87,21
13,173,649.73,1594.93,1410.76,548.76,20
13,174,650.24,1591.98,1410.28,549.21,19
13,175,650.41,1594.36,1411.08,548.83,18
13,176,649.97,1594.02,1410.34,548.8,17
13,177,649.45,1593.96,1411.13,549.36,16
13,178,649.6,1593.8,1412.07,549.39,15
13,179,650.07,1593.79,1410.75,548.27,14
13,180,649.56,1594.3,1411.05,548.99,13
13,181,649.89,1593.38,1411.53,549.53,12
13,182,649.89,1594.5,1411.99,548.58,11
13,183,650.57,1592.52,1411.05,548.64,10
13,184,650.16,1592.13,1412.52,548.83,9
13,185,650.6,1596.51,1410.91,547.94,8
13,186,650.65,1594.31,1410.66,548.84,7
13,187,651.22,1594.6,1412.39,548.34,6
13,188,649.61,1595.9,1412.13,548.48,5
13,189,651.01,1592.77,1410.77,548.43,4
13,190,650.23,1596.72,1411.85,548.51,3
13,191,649.9,1596.35,1410.97,548.16,2
13,192,650.3,1595.32,1411.36,548.74,1
13,193,650.39,1596.46,1412.4,549.04,0
14,1,641.61,1582.03,1400.42,553.06,218
14,2,642.0,1580.94,1400.32,552.81,217
14,3,641.99,1578.98,1399.25,552.85,216
14,4,642.62,1579.04,1400.89,552.68,215
14,5,641.48,1581.0,1401.58,552.64,214
14,6,641.6,1580.96,1399.59,553.04,213
14,7,642.73,1580.88,1401.03,553.1,212
14,8,642.71,1580.61,1401.06,552.88,211
14,9,642.51,1584.29,1400.69,552.37,210
14,10,642.31,1580.32,1400.34,553.08,209
14,11,642.88,1580.64,1399.49,552.8,208
14,12,642.25,1581.09,1400.56,553.12,207
14,13,642.61,1580.25,1399.6,552.72,206
14,14,642.53,1580.66,1401.39,552.3,205
14,15,642.28,1581.1,1400.37,552.58,204
14,16,642.6,1581.93,1400.8,552.08,203
14,17,642.42,1581.77,1401.54,552.9,202
14,18,643.14,1581.39,1401.2,552.33,201
14,19,641.87,1579.62,1400.48,552.2,200
14,20,642.66,1580.83,1401.85,552.3,199
14,21,642.87,1580.95,1400.35,552.35,198
14,22,642.03,1582.42,1402.33,552.47,197
14,23,642.9,1581.24,1400.6,552.74,196
14,24,643.06,1578.17,1400.49,551.89,195
14,25,643.59,1581.53,1401.56,552.38,194
14,26,643.45,1582.84,1401.25,552.98,193
14,27,643.12,1580.12,1401.56,552.6,192
14,28,643.03,1581.45,1402.95,552.07,191
14,29,642.02,1583.96,1400.61,552.32,190
14,30,643.01,1583.56,1402.79,552.0,189
14,31,643.75,1583.76,1401.71,552.64,188
14,32,643.66,1581.92,1401.63,552.52,187
14,33,642.63,1581.87,1400.85,552.75,186
14,34,643.17,1582.69,1401.69,552.22,185
14,35,643.44,1581.55,1401.76,552.22,184
14,36,643.23,1582.97,1401.62,552.74,183
14,37,643.69,1580.95,1402.47,552.03,182
14,38,643.53,1581.76,1400.33,552.21,181
14,39,642.94,1583.21,1402.28,552.02,180
14,40,644.28,1581.29,1401.69,551.84,179
14,41,644.41,1584.47,1401.11,551.91,178
14,42,643.31,1582.25,1401.47,551.96,177
14,43,644.07,1585.32,1401.12,551.8,176
14,44,643.79,1581.16,1402.6,552.26,175
14,45,644.03,1583.74,1402.04,552.02,174
14,46,643.31,1583.75,1403.8,552.19,173
14,47,643.55,1584.46,1404.47,552.11,172
14,48,644.08,1584.14,1401.35,551.89,171
14,49,643.7,1584.4,1403.26,551.96,170
14,50,643.71,1581.45,1402.73,551.69,169
14,51,643.55,1584.65,1403.45,551.81,168
14,52,643.39,1582.62,1403.64,552.07,167
14,53,643.87,1583.75,1401.24,551.27,166
14,54,644.89,1584.36,1402.96,551.77,165
14,55,643.43,1585.01,1402.1,552.08,164
14,56,644.23,1583.82,1402.03,551.46,163
14,57,644.37,1584.05,1403.16,551.91,162
14,58,643.48,1585.24,1402.89,552.16,161
14,59,643.49,1584.78,1403.68,551.34,160
14,60,644.07,1582.89,1403.98,551.86,159
14,61,645.01,1584.48,1403.93,552.1,158
14,62,644.63,1583.84,1402.94,551.7,157
14,63,644.76,1583.45,1403.97,551.8,156
14,64,643.98,1585.17,1403.62,551.52,155
14,65,644.57,1583.9,1403.76,551.61,154
14,66,643.95,1584.42,1403.26,551.83,153
14,67,644.95,1584.04,1403.04,551.12,152
14,68,644.31,1584.33,1402.65,551.87,151
14,69,644.78,1584.64,1403.77,551.67,150
14,70,644.97,1585.83,1403.59,551.52,149
14,71,644.82,1584.71,1404.59,551.91,148
14,72,644.93,1583.91,1404.35,551.64,147
14,73,644.44,1585.53,1403.56,551.72,146
14,74,645.07,1585.4,1404.09,550.84,145
14,75,644.43,1585.05,1405.33,551.63,144
14,76,645.68,1585.37,1404.14,551.87,143
14,77,644.92,1584.16,1404.47,551.75,142
14,78,644.7,1586.12,1404.2,551.53,141
14,79,645.19,1584.99,1404.24,551.27,140
14,80,645.15,1584.54,1403.9,551.23,139
14,81,645.3,1583.92,1404.35,551.12,138
14,82,645.02,1584.9,1404.65,551.27,137
14,83,645.51,1586.24,1403.32,551.01,136
14,84,645.19,1585.78,1403.91,551.67,135
14,85,645.64,1583.93,1404.93,551.24,134
14,86,645.84,1584.09,1406.36,550.98,133
14,87,645.53,1585.31,1404.47,550.71,132
14,88,645.89,1585.78,1404.66,551.89,131
14,89,645.84,1585.38,1404.39,551.25,130
14,90,645.8,1588.35,1403.65,551.37,129
14,91,645.89,1585.37,1404.7,550.64,128
14,92,645.37,1586.66,1406.32,551.62,127
14,93,645.2,1588.2,1403.54,550.91,126
14,94,645.53,1586.83,1405.24,551.18,125
14,95,645.61,1587.75,1405.76,550.96,124
14,96,646.06,1589.15,1404.72,551.53,123
14,97,645.53,1588.42,1404.88,551.24,122
14,98,645.88,1584.66,1406.9,550.72,121
14,99,645.33,1586.1,1407.45,550.59,120
14,100,645.95,1585.59,1404.72,550.47,119
14,101,646.05,1586.82,1404.63,551.19,118
14,102,646.35,1587.57,1406.53,550.8,117
14,103,646.13,1586.73,1404.44,550.95,116
14,104,646.1,1587.18,1406.0,551.29,115
14,105,645.99,1586.14,1405.56,550.8,114
14,106,646.51,1587.49,1404.89,551.06,113
14,107,646.41,1587.56,1406.62,551.14,112
14,108,646.04,1586.42,1405.91,550.94,111
14,109,646.19,1586.38,1406.1,550.15,110
14,110,646.14,1588.66,1406.75,549.61,109
14,111,646.23,1588.42,1405.14,550.61,108
14,112,646.83,1587.19,1407.42,550.48,107
14,113,646.95,1587.88,1405.49,551.1,106
14,114,645.94,1586.96,1406.64,550.68,105
14,115,646.57,1587.54,1405.34,550.44,104
14,116,647.03,1586.45,1407.67,550.71,103
14,117,646.3,1585.72,1404.91,550.49,102
14,118,646.39,1588.33,1407.84,550.74,101
14,119,646.57,1589.72,1406.64,551.03,100
14,120,646.39,1586.95,1404.98,550.5,99
14,121,646.2,1586.9,1407.46,550.0,98
14,122,646.78,1588.37,1406.76,550.91,97
14,123,646.44,1590.2,1405.33,550.67,96
14,124,647.4,1583.74,1406.77,550.42,95
14,125,646.88,1590.73,1406.24,550.08,94
14,126,646.92,1590.09,1407.35,550.42,93
14,127,646.84,1586.41,1407.43,550.6,92
14,128,646.69,1588.33,1406.18,550.63,91
14,129,646.86,1588.77,1407.57,550.45,90
14,130,647.27,1589.23,1407.28,550.39,89
14,131,647.27,1589.69,1406.2,550.13,88
14,132,647.04,1589.7,1408.51,550.04,87
14,133,647.51,1588.55,1408.38,550.84,86
14,134,646.5,1588.91,1405.46,549.74,85
14,135,646.59,1590.12,1407.75,550.47,84
14,136,647.52,1590.02,1407.54,550.17,83
14,137,647.73,1589.52,1407.93,549.49,82
14,138,646.89,1590.75,1407.03,549.75,81
14,139,647.65,1589.65,1407.29,550.6,80
14,140,647.97,1589.49,1408.25,549.45,79
14,141,647.91,1588.48,1406.56,549.57,78
14,142,646.77,1591.15,1408.29,549.85,77
14,143,647.89,1589.21,1408.09,549.92,76
14,144,647.54,1588.9,1407.28,550.2,75
14,145,647.91,1589.57,1406.72,550.76,74
14,146,647.68,1590.51,1406.99,550.36,73
14,147,648.25,1588.15,1407.97,549.93,72
14,148,648.7,1592.0,1406.95,549.74,71
14,149,647.43,1590.79,1409.42,549.97,70
14,150,648.02,1589.61,1408.62,549.78,69
14,151,647.2,1591.0,1408.27,549.57,68
14,152,648.56,1589.63,1408.82,549.77,67
14,153,648.56,1590.33,1407.04,550.1,66
14,154,648.59,1590.18,1408.98,549.87,65
14,155,647.86,1591.77,1407.85,549.82,64
14,156,648.16,1591.09,1407.93,550.41,63
14,157,648.6,1592.09,1409.75,549.79,62
14,158,647.98,1589.66,1408.09,549.45,61
14,159,647.96,1591.37,1409.44,550.0,60
14,160,647.74,1591.93,1409.68,549.64,59
14,161,648.73,1592.23,1407.81,550.35,58
14,162,648.0,1592.39,1409.61,549.3,57
14,163,648.4,1592.4,1407.94,549.68,56
14,164,648.76,1592.65,1408.67,550.09,55
14,165,648.93,1591.74,1408.51,549.26,54
14,166,648.59,1593.28,1408.98,549.33,53
14,167,648.81,1591.8,1409.56,549.41,52
14,168,648.37,1591.02,1409.6,549.45,51
14,169,648.8,1590.98,1409.66,549.74,50
14,170,648.73,1592.9,1408.93,549.71,49
14,171,648.73,1590.9,1407.84,548.98,48
14,172,647.79,1592.45,1409.16,549.49,47
14,173,648.64,1592.71,1409.97,549.46,46
14,174,648.79,1592.25,1410.65,548.82,45
14,175,648.52,1593.18,1410.48,549.53,44
14,176,648.76,1594.45,1409.79,549.39,43
14,177,649.4,1592.86,1410.45,549.68,42
14,178,648.76,1594.48,1407.78,548.75,41
14,179,648.68,1591.92,1410.1,549.12,40
14,180,648.98,1592.25,1411.47,549.06,39
14,181,648.35,1593.91,1409.35,549.25,38
14,182,648.81,1593.52,1408.87,548.42,37
14,183,649.62,1593.0,1410.89,549.62,36
14,184,648.77,1592.84,1410.49,549.19,35
14,185,649.06,1592.58,1411.0,549.12,34
14,186,649.46,1593.33,1409.42,549.27,33
14,187,648.64,1593.46,1410.96,549.49,32
14,188,648.92,1592.41,1410.53,548.99,31
14,189,648.56,1592.47,1410.58,549.44,30
14,190,650.05,1593.34,1410.86,549.38,29
14,191,648.59,1592.03,1410.55,549.54,28
14,192,649.7,1593.72,1410.34,549.18,27
14,193,649.25,1592.46,1410.02,549.44,26
14,194,649.19,1592.99,1411.01,548.75,25
14,195,649.66,1593.81,1410.19,548.92,24
14,196,649.23,1595.26,1410.95,548.66,23
14,197,649.7,1593.88,1409.0,549.35,22
14,198,649.29,1596.25,1411.49,548.59,21
14,199,649.6,1594.92,1410.71,549.26,20
14,200,649.61,1593.79,1411.72,549.07,19
14,201,649.43,1594.47,1411.15,548.6,18
14,202,649.28,1591.7,1410.83,548.83,17
14,203,650.08,1595.07,1410.79,548.8,16
14,204,649.61,1594.26,1411.95,548.84,15
14,205,650.42,1595.37,1412.4,548.83,14
14,206,649.78,1595.04,1410.99,548.94,13
14,207,649.77,1593.37,1412.32,548.44,12
14,208,650.48,1595.14,1411.47,548.16,11
14,209,650.71,1593.38,1412.21,548.5,10
14,210,649.84,1595.38,1411.94,548.34,9
14,211,650.76,1594.4,1411.62,548.58,8
14,212,649.79,1595.6,1411.85,548.4,7
14,213,650.64,1594.85,1411.73,549.16,6
14,214,649.66,1592.91,1410.61,548.71,5
14,215,650.2,1594.59,1411.03,549.08,4
14,216,651.18,1596.07,1410.63,548.42,3
14,217,650.75,1595.01,1412.61,548.92,2
14,218,651.22,1594.34,1412.01,548.39,1
14,219,649.7,1596.04,1412.45,548.34,0
15,1,642.45,1582.45,1400.82,553.63,210
15,2,641.71,1579.16,1399.16,553.09,209
15,3,642.19,1580.03,1400.82,553.31,208
15,4,641.55,1579.57,1400.88,552.77,207
15,5,641.88,1581.58,1399.25,552.8,206
15,6,642.37,1579.74,1400.97,552.7,205
15,7,642.85,1580.35,1400.94,553.07,204
15,8,642.07,1578.11,1400.74,552.85,203
15,9,642.58,1580.38,1400.17,553.41,202
15,10,641.81,1581.6,1400.11,552.69,201
15,11,642.32,1579.83,1401.08,553.18,200
15,12,642.67,1580.99,1399.89,552.9,199
15,13,643.39,1580.48,1400.44,552.55,198
15,14,642.37,1577.71,1401.12,552.45,197
15,15,641.96,1581.98,1399.99,552.58,196
15,16,643.23,1579.46,1399.68,552.74,195
15,17,643.14,1579.34,1401.29,552.81,194
15,18,641.9,1582.25,1401.72,552.52,193
15,19,643.27,1582.73,1401.16,552.46,192
15,20,642.42,1581.4,1401.59,552.48,191
15,21,641.97,1583.04,1401.35,552.44,190
15,22,643.23,1583.41,1399.01,552.66,189
15,23,642.36,1582.26,1401.41,552.7,188
15,24,642.77,1579.48,1401.0,552.61,187
15,25,643.41,1580.39,1402.24,552.27,186
15,26,643.19,1581.26,1401.62,552.71,185
15,27,642.6,1581.13,1401.68,553.14,184
15,28,642.78,1584.47,1403.2,552.37,183
15,29,643.05,1581.26,1401.59,551.96,182
15,30,643.18,1583.96,1401.22,552.29,181
15,31,642.57,1582.68,1401.97,552.36,180
15,32,643.2,1581.95,1402.22,552.31,179
15,33,643.46,1582.64,1402.78,552.5,178
15,34,643.45,1584.27,1402.27,552.67,177
15,35,643.65,1580.31,1403.03,552.29,176
15,36,643.43,1582.93,1401.77,552.3,175
15,37,643.25,1584.19,1402.01,552.1,174
15,38,643.16,1583.06,1402.31,552.31,173
15,39,643.16,1580.89,1402.72,552.61,172
15,40,643.2,1584.79,1402.5,552.14,171
15,41,643.49,1581.29,1403.12,551.89,170
15,42,643.38,1584.22,1400.88,551.65,169
15,43,643.72,1583.45,1402.83,551.99,168
15,44,644.78,1582.9,1402.32,551.82,167
15,45,643.86,1583.98,1403.52,551.59,166
15,46,643.75,1583.85,1403.09,552.02,165
15,47,644.11,1582.42,1403.92,552.3,164
15,48,643.4,1582.17,1401.89,552.18,163
15,49,643.46,1583.13,1403.15,551.94,162
15,50,644.12,1582.32,1403.32,551.75,161
15,51,643.92,1583.96,1402.98,551.92,160
15,52,643.79,1583.39,1402.96,551.48,159
15,53,643.95,1584.28,1401.99,552.22,158
15,54,644.68,1582.4,1404.16,551.81,157
15,55,644.38,1583.37,1403.87,551.95,156
15,56,643.93,1582.64,1402.02,551.86,155
15,57,644.53,1584.89,1403.15,551.44,154
15,58,644.06,1585.56,1402.91,551.81,153
15,59,643.95,1584.65,1402.99,552.06,152
15,60,644.73,1583.73,1403.31,551.56,151
15,61,643.89,1583.37,1403.63,551.8,150
15,62,644.56,1584.1,1404.27,551.7,149
15,63,644.82,1582.41,1400.45,551.74,148
15,64,644.01,1584.36,1403.4,552.11,147
15,65,644.78,1584.88,1404.37,551.72,146
15,66,644.48,1586.04,1402.87,551.69,145
15,67,644.08,1585.07,1403.96,552.07,144
15,68,644.11,1584.18,1404.53,551.65,143
15,69,644.85,1583.82,1403.45,551.9,142
15,70,644.8,1585.49,1403.89,551.15,141
15,71,645.23,1585.72,1405.88,551.18,140
15,72,645.23,1583.61,1404.22,551.76,139
15,73,644.11,1585.01,1403.7,551.23,138
15,74,645.14,1586.68,1404.1,551.48,137
15,75,645.07,1585.41,1403.39,551.73,136
15,76,645.18,1585.95,1403.68,551.24,135
15,77,645.03,1583.71,1403.03,551.18,134
15,78,645.35,1584.84,1403.62,551.09,133
15,79,645.0,1585.27,1406.23,551.63,132
15,80,645.63,1587.17,1403.75,550.93,131
15,81,644.82,1587.44,1404.17,550.9,130
15,82,645.13,1585.62,1404.88,551.33,129
15,83,645.01,1586.8,1404.21,551.18,128
15,84,645.66,1585.28,1404.32,551.39,127
15,85,645.08,1585.66,1405.28,551.8,126
15,86,645.71,1586.76,1405.32,550.84,125
15,87,645.55,1586.23,1405.21,551.18,124
15,88,645.7,1585.97,1405.05,550.75,123
15,89,645.46,1588.08,1405.32,551.1,122
15,90,646.38,1584.85,1404.23,551.59,121
15,91,645.68,1586.26,1404.22,551.19,120
15,92,645.92,1585.31,1405.12,550.94,119
15,93,645.85,1585.36,1406.29,551.29,118
15,94,645.64,1586.51,1405.24,550.76,117
15,95,645.65,1586.52,1406.69,551.26,116
15,96,646.24,1587.36,1404.57,550.94,115
15,97,646.3,1585.48,1406.03,551.63,114
15,98,646.37,1588.76,1405.75,551.2,113
15,99,645.7,1588.09,1406.15,550.98,112
15,100,646.55,1586.56,1405.54,550.9,111
15,101,645.66,1587.55,1404.37,551.16,110
15,102,646.13,1586.72,1405.13,550.75,109
15,103,646.42,1588.08,1405.29,550.55,108
15,104,646.45,1586.63,1405.96,550.82,107
15,105,646.35,1588.59,1404.96,550.19,106
15,106,646.04,1589.8,1407.65,551.29,105
15,107,646.23,1585.57,1404.21,550.53,104
15,108,646.27,1589.34,1406.84,550.76,103
15,109,646.04,1586.7,1406.4,550.88,102
15,110,646.59,1586.68,1406.78,550.78,101
15,111,646.04,1587.06,1406.86,550.56,100
15,112,647.15,1588.67,1405.98,550.61,99
15,113,646.58,1587.27,1405.7,550.8,98
15,114,646.93,1588.94,1407.7,550.41,97
15,115,647.3,1587.2,1405.73,550.02,96
15,116,646.49,1587.75,1407.02,550.6,95
15,117,646.24,1587.96,1406.36,549.97,94
15,118,646.36,1587.58,1407.86,550.54,93
15,119,647.06,1586.77,1407.72,550.85,92
15,120,646.03,1587.8,1407.22,550.63,91
15,121,646.6,1588.35,1406.4,550.45,90
15,122,647.39,1587.86,1407.74,550.16,89
15,123,646.62,1589.84,1407.73,550.63,88
15,124,646.47,1588.37,1407.71,550.37,87
15,125,646.61,1589.55,1406.54,550.87,86
15,126,647.69,1589.8,1408.25,550.33,85
15,127,647.42,1590.92,1407.42,550.21,84
15,128,646.47,1589.12,1407.94,550.55,83
15,129,647.4,1588.64,1405.76,550.1,82
15,130,647.12,1588.99,1407.89,550.82,81
15,131,647.33,1589.18,1407.24,550.24,80
15,132,646.99,1589.65,1407.87,550.25,79
15,133,647.54,1590.1,1406.15,550.35,78
15,134,647.13,1588.34,1406.74,550.27,77
15,135,647.35,1587.71,1408.06,549.69,76
15,136,647.53,1590.08,1408.44,550.63,75
15,137,646.97,1589.81,1407.57,550.21,74
15,138,647.65,1589.52,1407.5,549.72,73
15,139,647.99,1590.56,1408.64,549.94,72
15,140,647.38,1588.79,1408.25,549.7,71
15,141,648.42,1588.59,1408.24,550.46,70
15,142,647.96,1590.44,1407.3,549.56,69
15,143,648.07,1592.11,1407.78,549.61,68
15,144,646.82,1589.2,1408.1,550.41,67
15,145,648.11,1590.81,1407.93,549.73,66
15,146,648.44,1590.76,1406.62,549.68,65
15,147,647.58,1589.93,1408.81,549.83,64
15,148,647.93,1592.24,1407.86,550.4,63
15,149,647.73,1590.84,1408.25,549.86,62
15,150,648.22,1591.33,1407.93,549.46,61
15,151,649.08,1590.3,1409.15,549.3,60
15,152,648.01,1590.8,1409.02,548.94,59
15,153,648.23,1589.64,1408.96,549.43,58
15,154,647.86,1590.77,1407.92,549.57,57
15,155,647.77,1588.97,1409.63,549.31,56
15,156,648.21,1592.14,1408.38,549.43,55
15,157,648.42,1592.65,1407.99,549.61,54
15,158,647.67,1590.91,1409.01,549.37,53
15,159,648.22,1589.76,1409.1,549.93,52
15,160,648.01,1590.78,1409.5,549.95,51
15,161,647.89,1591.4,1409.38,549.54,50
15,162,647.54,1592.27,1410.43,549.58,49
15,163,648.15,1591.13,1410.69,549.8,48
15,164,648.86,1592.24,1408.8,549.44,47
15,165,648.62,1592.55,1410.59,549.82,46
15,166,648.12,1592.23,1410.03,549.65,45
15,167,648.48,1595.53,1408.48,549.11,44
15,168,648.86,1594.64,1408.89,549.34,43
15,169,649.24,1592.15,1409.34,549.57,42
15,170,648.96,1593.48,1410.7,549.47,41
15,171,649.01,1592.58,1410.12,549.37,40
15,172,648.93,1593.83,1410.99,548.88,39
15,173,648.97,1591.64,1409.59,549.43,38
15,174,649.28,1592.4,1408.37,549.0,37
15,175,649.41,1589.32,1410.9,549.42,36
15,176,649.62,1592.44,1408.36,549.38,35
15,177,649.64,1593.86,1409.54,549.25,34
15,178,648.96,1591.84,1410.89,548.84,33
15,179,648.85,1591.57,1408.99,549.23,32
15,180,649.72,1592.74,1409.03,549.41,31
15,181,649.97,1592.26,1409.91,549.29,30
15,182,649.98,1592.49,1409.28,549.31,29
15,183,649.69,1593.19,1409.96,549.4,28
15,184,649.62,1592.33,1410.5,548.67,27
15,185,649.73,1593.01,1410.17,549.04,26
15,186,649.51,1594.47,1411.05,548.99,25
15,187,649.84,1593.95,1410.29,548.97,24
15,188,649.51,1594.15,1410.4,548.87,23
15,189,650.4,1594.74,1410.14,549.14,22
15,190,649.7,1594.16,1410.92,549.3,21
15,191,649.83,1593.68,1411.7,549.0,20
15,192,649.78,1594.21,1410.84,548.91,19
15,193,649.54,1593.0,1410.18,548.47,18
15,194,649.46,1593.77,1411.12,548.78,17
15,195,648.91,1595.94,1411.96,548.97,16
15,196,650.66,1592.95,1412.66,548.53,15
15,197,650.03,1592.66,1411.22,548.91,14
15,198,649.91,1595.12,1411.34,548.62,13
15,199,649.79,1595.31,1410.79,549.03,12
15,200,650.55,1592.41,1412.28,549.35,11
15,201,650.2,1595.2,1412.26,548.63,10
15,202,650.21,1592.97,1411.6,548.84,9
15,203,650.38,1595.9,1410.93,548.51,8
15,204,650.98,1594.52,1411.76,548.63,7
15,205,649.93,1596.72,1411.24,548.29,6
15,206,650.12,1592.44,1411.19,548.32,5
15,207,650.59,1594.1,1412.48,549.0,4
15,208,650.69,1594.73,1411.94,548.11,3
15,209,650.37,1594.02,1412.44,549.31,2
15,210,650.66,1592.74,1411.65,548.56,1
15,211,650.53,1594.32,1412.2,548.13,0
16,1,642.52,1577.81,1400.88,553.32,141
16,2,642.57,1579.58,1399.99,552.47,140
16,3,641.34,1579.89,1400.31,552.96,139
16,4,642.57,1584.1,1400.02,552.56,138
16,5,642.52,1580.8,1399.96,553.11,137
16,6,642.03,1580.49,1400.45,552.53,136
16,7,641.74,1581.01,1401.69,553.07,135
16,8,642.89,1579.9,1400.85,552.32,134
16,9,642.61,1582.63,1401.9,553.32,133
16,10,642.99,1581.64,1401.54,552.89,132
16,11,642.34,1579.36,1401.64,553.28,131
16,12,643.09,1579.02,1400.6,552.56,130
16,13,642.04,1579.74,1401.07,552.67,129
16,14,642.44,1579.79,1402.14,552.44,128
16,15,642.8,1580.95,1400.65,552.92,127
16,16,642.61,1581.93,1401.36,551.91,126
16,17,643.11,1579.97,1401.94,552.11,125
16,18,643.29,1581.41,1400.98,552.49,124
16,19,642.55,1581.95,1402.23,552.71,123
16,20,643.01,1581.76,1400.5,552.14,122
16,21,642.63,1582.78,1402.45,552.2,121
16,22,642.89,1582.72,1401.16,552.5,120
16,23,644.15,1581.4,1401.35,551.83,119
16,24,643.5,1582.66,1401.81,552.24,118
16,25,643.08,1580.68,1401.51,551.63,117
16,26,643.2,1583.15,1402.24,551.64,116
16,27,644.04,1582.66,1401.24,552.04,115
16,28,643.44,1581.96,1403.02,551.78,114
16,29,643.81,1581.49,1402.42,552.16,113
16,30,643.9,1583.31,1402.34,551.73,112
16,31,643.43,1583.68,1401.61,551.57,111
16,32,644.49,1583.11,1403.21,552.25,110
16,33,644.0,1583.08,1402.5,552.44,109
16,34,643.81,1583.85,1403.42,552.0,108
16,35,644.53,1583.28,1403.5,551.35,107
16,36,644.69,1585.2,1402.8,551.99,106
16,37,644.57,1582.72,1403.01,551.44,105
16,38,644.73,1585.05,1402.99,551.68,104
16,39,644.27,1583.1,1403.16,551.45,103
16,40,644.75,1585.65,1404.14,551.37,102
16,41,644.37,1585.09,1404.08,551.15,101
16,42,644.81,1583.0,1403.43,552.05,100
16,43,645.02,1586.19,1402.78,551.39,99
16,44,644.41,1584.53,1403.89,551.99,98
16,45,644.32,1584.06,1404.94,551.23,97
16,46,645.04,1584.82,1404.2,551.3,96
16,47,645.1,1584.25,1402.84,551.65,95
16,48,643.87,1584.46,1404.29,551.71,94
16,49,645.42,1587.38,1405.32,551.5,93
16,50,645.44,1585.56,1404.77,551.24,92
16,51,645.24,1584.89,1404.17,551.52,91
16,52,645.95,1586.04,1404.38,551.1,90
16,53,645.53,1585.27,1404.78,551.53,89
16,54,645.74,1586.79,1403.58,550.77,88
16,55,645.57,1585.99,1404.96,551.77,87
16,56,645.11,1587.54,1404.25,551.69,86
16,57,645.71,1584.29,1404.48,551.77,85
16,58,646.19,1586.93,1405.18,551.23,84
16,59,645.71,1586.15,1405.95,551.3,83
16,60,645.21,1587.21,1405.2,551.0,82
16,61,646.41,1586.65,1403.59,550.99,81
16,62,646.11,1585.52,1406.01,550.74,80
16,63,646.31,1586.06,1405.04,550.88,79
16,64,646.07,1589.06,1405.42,550.97,78
16,65,645.66,1585.0,1405.11,550.56,77
16,66,645.2,1586.97,1405.14,551.32,76
16,67,645.67,1587.98,1406.18,551.28,75
16,68,646.0,1588.86,1406.2,551.19,74
16,69,647.09,1587.24,1405.97,550.7,73
16,70,646.81,1590.62,1406.5,550.3,72
16,71,645.9,1588.99,1405.08,550.57,71
16,72,646.06,1587.61,1406.29,550.15,70
16,73,645.76,1586.01,1405.06,550.69,69
16,74,646.51,1589.14,1406.7,550.48,68
16,75,646.58,1589.29,1406.16,550.53,67
16,76,646.17,1587.17,1406.97,550.59,66
16,77,647.39,1587.43,1407.12,550.68,65
16,78,646.63,1587.83,1407.07,550.69,64
16,79,646.81,1588.97,1406.71,550.0,63
16,80,646.82,1588.24,1408.32,550.65,62
16,81,646.93,1589.23,1406.03,550.25,61
16,82,646.77,1589.24,1406.58,550.25,60
16,83,646.54,1588.91,1407.15,550.5,59
16,84,646.75,1589.44,1406.27,550.27,58
16,85,647.21,1588.79,1405.93,549.87,57
16,86,647.24,1589.9,1407.54,550.46,56
16,87,647.1,1590.2,1407.62,550.05,55
16,88,647.47,1589.77,1408.77,550.63,54
16,89,647.29,1589.03,1408.77,550.35,53
16,90,647.32,1587.25,1407.0,549.9,52
16,91,647.39,1590.48,1408.31,550.57,51
16,92,647.88,1588.29,1408.6,550.6,50
16,93,648.24,1588.5,1407.71,550.34,49
16,94,647.16,1587.99,1408.19,549.82,48
16,95,647.03,1591.64,1408.16,549.83,47
16,96,647.36,1590.49,1408.53,550.06,46
16,97,647.2,1590.96,1408.75,549.82,45
16,98,648.28,1589.47,1409.31,549.93,44
16,99,647.73,1590.22,1409.17,549.93,43
16,100,648.24,1591.99,1408.03,549.87,42
16,101,647.96,1592.03,1408.23,549.81,41
16,102,649.02,1592.46,1407.79,550.04,40
16,103,648.44,1589.7,1408.62,549.45,39
16,104,647.27,1590.96,1408.38,549.37,38
16,105,648.28,1588.69,1408.91,549.68,37
16,106,648.62,1589.42,1410.67,550.17,36
16,107,648.1,1593.21,1409.73,549.48,35
16,108,648.22,1590.92,1411.39,549.99,34
16,109,648.44,1591.53,1409.89,549.79,33
16,110,648.2,1592.13,1408.85,549.56,32
16,111,648.63,1593.1,1409.17,549.52,31
16,112,647.95,1592.38,1408.84,549.0,30
16,113,649.22,1592.05,1407.89,549.18,29
16,114,648.83,1592.24,1409.23,548.38,28
16,115,648.66,1593.6,1410.84,549.17,27
16,116,649.7,1590.48,1409.15,549.59,26
16,117,649.3,1592.51,1408.99,548.96,25
16,118,648.77,1591.34,1410.08,549.23,24
16,119,648.66,1592.31,1407.94,549.33,23
16,120,649.47,1591.75,1409.51,549.27,22
16,121,649.29,1593.88,1409.6,548.97,21
16,122,649.21,1591.78,1410.12,548.82,20
16,123,649.53,1592.04,1410.6,549.54,19
16,124,649.59,1593.48,1409.39,549.49,18
16,125,649.93,1593.19,1410.26,548.79,17
16,126,650.26,1594.43,1410.04,549.34,16
16,127,650.14,1593.57,1410.46,548.68,15
16,128,649.94,1593.19,1410.44,548.94,14
16,129,649.39,1595.64,1411.68,548.93,13
16,130,649.44,1592.96,1410.31,548.51,12
16,131,649.97,1593.25,1410.51,548.6,11
16,132,650.3,1593.22,1412.17,548.73,10
16,133,649.46,1594.8,1411.95,548.53,9
16,134,650.05,1594.73,1411.4,548.62,8
16,135,650.43,1594.15,1410.92,548.19,7
16,136,649.44,1594.82,1411.43,548.96,6
16,137,650.65,1594.37,1412.34,548.49,5
16,138,650.2,1594.56,1412.93,548.24,4
16,139,650.34,1594.04,1411.51,548.49,3
16,140,650.41,1596.6,1413.35,548.76,2
16,141,650.05,1594.88,1412.12,548.41,1
16,142,650.39,1595.11,1412.62,548.66,0
17,1,642.75,1577.18,1400.27,552.98,158
17,2,641.99,1579.56,1400.21,553.26,157
17,3,641.49,1579.32,1399.39,552.59,156
17,4,642.35,1581.09,1401.15,553.07,155
17,5,642.54,1578.78,1401.56,552.8,154
17,6,642.73,1578.92,1400.26,553.11,153
17,7,642.39,1579.76,1401.58,552.45,152
17,8,642.42,1581.53,1402.28,552.64,151
17,9,642.37,1580.33,1400.87,552.92,150
17,10,642.97,1581.86,1400.36,552.96,149
17,11,642.62,1581.95,1401.47,553.18,148
17,12,642.5,1580.49,1401.26,553.02,147
17,13,642.72,1582.74,1401.53,552.57,146
17,14,642.97,1580.82,1401.25,552.28,145
17,15,642.77,1582.63,1401.75,552.76,144
17,16,642.97,1581.72,1400.19,552.49,143
17,17,642.98,1580.28,1399.88,552.86,142
17,18,642.98,1581.97,1401.8,552.2,141
17,19,642.85,1583.62,1401.04,552.38,140
17,20,642.8,1581.02,1402.39,551.69,139
17,21,642.94,1582.28,1402.94,552.07,138
17,22,642.65,1581.07,1402.22,552.41,137
17,23,642.65,1582.32,1402.98,552.43,136
17,24,643.35,1582.56,1402.14,551.94,135
17,25,643.24,1582.17,1401.5,552.5,134
17,26,643.14,1582.05,1400.95,552.38,133
17,27,643.82,1582.15,1402.68,552.19,132
17,28,642.49,1582.61,1401.97,552.24,131
17,29,643.65,1581.95,1403.37,552.16,130
17,30,643.52,1583.76,1402.28,552.92,129
17,31,643.57,1583.39,1401.74,552.38,128
17,32,643.83,1582.65,1401.72,551.7,127
17,33,643.93,1581.49,1403.54,551.69,126
17,34,643.75,1582.19,1402.59,552.05,125
17,35,644.05,1581.51,1402.03,552.3,124
17,36,644.19,1580.44,1403.02,551.67,123
17,37,643.74,1583.26,1404.04,551.64,122
17,38,643.47,1584.17,1402.85,552.29,121
17,39,643.94,1585.18,1402.96,552.05,120
17,40,644.79,1583.62,1403.85,551.68,119
17,41,644.28,1582.19,1402.69,551.52,118
17,42,644.73,1586.1,1402.89,551.58,117
17,43,643.77,1584.43,1402.76,551.62,116
17,44,645.0,1583.85,1403.79,551.77,115
17,45,643.86,1582.09,1403.79,552.24,114
17,46,644.59,1585.15,1402.75,552.0,113
17,47,644.91,1583.66,1403.98,551.14,112
17,48,644.86,1583.9,1402.64,551.76,111
17,49,643.91,1585.1,1402.79,551.21,110
17,50,644.7,1584.57,1404.94,551.2,109
17,51,645.28,1583.51,1404.58,551.89,108
17,52,644.91,1584.02,1402.71,550.94,107
17,53,645.57,1584.71,1403.12,551.16,106
17,54,644.95,1584.69,1402.54,551.73,105
17,55,645.07,1587.47,1405.06,550.51,104
17,56,645.56,1586.8,1403.64,551.29,103
17,57,645.21,1584.23,1404.11,551.69,102
17,58,645.31,1584.74,1405.2,551.45,101
17,59,645.26,1585.02,1404.45,551.1,100
17,60,644.43,1585.4,1404.43,551.34,99
17,61,645.75,1585.05,1404.31,551.5,98
17,62,645.01,1586.11,1404.35,551.17,97
17,63,645.67,1585.57,1405.39,550.63,96
17,64,644.85,1583.34,1403.9,551.75,95
17,65,645.47,1585.35,1405.53,551.44,94
17,66,645.04,1589.31,1405.2,551.25,93
17,67,645.78,1587.0,1404.56,551.74,92
17,68,645.52,1587.65,1404.75,550.88,91
17,69,646.45,1586.47,1405.18,551.13,90
17,70,646.78,1589.29,1406.31,551.87,89
17,71,645.42,1587.57,1405.42,550.46,88
17,72,646.03,1586.29,1406.66,550.84,87
17,73,645.72,1588.82,1405.46,551.28,86
17,74,646.13,1587.6,1405.39,551.06,85
17,75,645.96,1586.21,1405.58,551.26,84
17,76,646.28,1588.19,1405.74,550.27,83
17,77,645.63,1587.01,1404.9,550.66,82
17,78,645.95,1586.82,1407.04,550.78,81
17,79,646.6,1587.75,1407.09,551.07,80
17,80,646.04,1590.0,1405.67,550.8,79
17,81,646.48,1588.33,1406.75,550.48,78
17,82,646.67,1588.54,1406.19,550.62,77
17,83,646.11,1588.51,1405.74,550.72,76
17,84,646.45,1586.43,1405.59,550.74,75
17,85,646.33,1587.46,1405.8,550.38,74
17,86,647.25,1586.88,1407.67,550.47,73
17,87,646.39,1588.78,1406.61,550.48,72
17,88,646.79,1588.46,1406.47,550.79,71
17,89,646.18,1587.41,1406.09,550.16,70
17,90,646.85,1589.21,1405.22,550.31,69
17,91,646.74,1588.36,1405.84,550.33,68
17,92,646.55,1588.39,1405.57,550.3,67
17,93,646.68,1588.58,1407.26,550.35,66
17,94,647.34,1588.55,1407.59,550.68,65
17,95,647.19,1589.06,1407.5,550.4,64
17,96,647.53,1590.13,1407.89,550.3,63
17,97,647.32,1589.66,1406.35,550.58,62
17,98,646.57,1590.22,1407.61,550.14,61
17,99,647.45,1589.97,1406.43,550.62,60
17,100,647.37,1592.34,1408.18,550.18,59
17,101,647.12,1589.52,1407.74,550.58,58
17,102,647.94,1590.29,1409.11,549.51,57
17,103,647.69,1591.35,1408.21,549.69,56
17,104,648.12,1590.86,1408.12,550.08,55
17,105,648.41,1590.57,1407.73,549.78,54
17,106,647.97,1591.32,1408.05,549.83,53
17,107,648.25,1589.16,1409.65,549.75,52
17,108,647.26,1588.94,1407.26,549.87,51
17,109,647.64,1591.65,1408.93,549.85,50
17,110,649.12,1590.23,1408.22,549.5,49
17,111,647.9,1590.97,1407.43,549.71,48
17,112,648.12,1590.08,1407.87,550.06,47
17,113,647.53,1589.5,1408.67,550.06,46
17,114,648.22,1590.63,1408.36,550.08,45
17,115,648.49,1591.05,1408.46,549.76,44
17,116,647.91,1590.91,1408.36,549.69,43
17,117,648.07,1591.81,1409.48,549.57,42
17,118,647.98,1592.13,1409.05,549.55,41
17,119,648.91,1590.7,1407.39,549.42,40
17,120,649.06,1591.09,1408.64,549.61,39
17,121,648.87,1591.47,1409.61,549.52,38
17,122,648.76,1591.88,1408.89,549.62,37
17,123,648.36,1590.1,1409.27,549.13,36
17,124,648.87,1591.81,1410.5,549.39,35
17,125,648.67,1590.19,1408.55,548.96,34
17,126,649.17,1591.49,1410.57,548.63,33
17,127,649.41,1592.06,1409.86,549.09,32
17,128,649.05,1591.79,1408.71,549.02,31
17,129,648.41,1592.79,1409.23,548.86,30
17,130,649.1,1589.82,1410.87,549.92,29
17,131,648.48,1593.79,1410.17,549.14,28
17,132,648.88,1593.4,1409.93,548.49,27
17,133,649.94,1593.23,1410.0,549.02,26
17,134,649.09,1594.33,1410.32,549.32,25
17,135,648.72,1592.49,1410.23,549.39,24
17,136,649.1,1594.11,1409.35,549.17,23
17,137,649.28,1591.28,1410.3,548.95,22
17,138,649.94,1592.7,1410.7,548.73,21
17,139,649.53,1592.79,1409.87,549.92,20
17,140,649.34,1593.13,1411.29,548.81,19
17,141,649.7,1594.09,1410.84,549.7,18
17,142,649.27,1595.42,1411.09,549.25,17
17,143,649.78,1595.92,1410.54,549.1,16
17,144,650.22,1593.1,1411.67,548.92,15
17,145,649.26,1592.12,1410.87,549.19,14
17,146,648.97,1594.2,1411.73,548.48,13
17,147,649.6,1594.74,1411.77,549.32,12
17,148,649.68,1593.17,1412.49,548.58,11
17,149,650.17,1596.86,1411.85,549.02,10
17,150,650.53,1594.97,1411.95,548.65,9
17,151,650.54,1594.93,1410.21,548.8,8
17,152,649.26,1595.39,1411.28,549.27,7
17,153,650.38,1595.74,1410.71,548.88,6
17,154,649.98,1596.03,1410.73,548.67,5
17,155,649.82,1594.97,1413.32,548.83,4
17,156,650.33,1591.96,1411.35,548.73,3
17,157,650.19,1596.72,1411.91,548.88,2
17,158,650.53,1594.77,1411.55,548.22,1
17,159,650.94,1594.69,1412.42,548.34,0
18,1,642.24,1581.51,1399.32,552.68,185
18,2,642.2,1578.68,1398.68,553.3,184
18,3,642.68,1578.83,1399.05,552.73,183
18,4,642.68,1579.83,1400.33,553.0,182
18,5,642.3,1582.2,1399.75,552.85,181
18,6,642.37,1580.43,1399.41,552.41,180
18,7,641.72,1581.44,1399.8,552.97,179
18,8,642.4,1579.48,1399.76,552.85,178
18,9,642.44,1581.33,1400.21,552.53,177
18,10,642.5,1582.52,1399.14,552.52,176
18,11,642.74,1581.16,1401.19,552.6,175
18,12,641.9,1582.99,1401.64,552.7,174
18,13,642.26,1580.47,1401.02,552.61,173
18,14,642.63,1583.08,1401.64,552.31,172
18,15,642.72,1580.6,1401.21,552.62,171
18,16,643.92,1581.82,1400.92,553.17,170
18,17,642.86,1579.57,1401.0,552.77,169
18,18,643.02,1582.68,1401.28,552.59,168
18,19,642.31,1583.39,1400.98,552.25,167
18,20,643.97,1583.65,1400.93,551.95,166
18,21,642.67,1583.61,1401.5,552.09,165
18,22,643.32,1581.55,1400.9,552.3,164
18,23,643.57,1582.54,1400.3,552.55,163
18,24,643.14,1581.46,1401.25,552.16,162
18,25,642.88,1582.39,1401.39,552.56,161
18,26,642.87,1582.97,1402.73,552.37,160
18,27,643.44,1582.88,1401.34,552.52,159
18,28,642.37,1579.09,1401.54,552.51,158
18,29,643.29,1583.26,1400.91,552.56,157
18,30,644.02,1581.62,1402.55,552.28,156
18,31,643.59,1584.49,1402.26,552.48,155
18,32,642.96,1583.5,1403.35,551.95,154
18,33,643.38,1583.52,1402.49,551.79,153
18,34,643.62,1582.38,1401.42,552.58,152
18,35,643.6,1584.04,1401.32,552.33,151
18,36,644.07,1582.65,1401.92,551.74,150
18,37,643.34,1582.48,1401.61,551.87,149
18,38,643.8,1583.44,1403.32,551.85,148
18,39,643.79,1582.69,1402.13,551.96,147
18,40,643.75,1583.57,1402.32,552.4,146
18,41,643.19,1584.62,1402.35,551.95,145
18,42,643.92,1584.28,1402.01,551.79,144
18,43,644.17,1581.48,1402.75,551.72,143
18,44,643.61,1581.63,1403.46,551.98,142
18,45,643.79,1583.48,1402.03,551.75,141
18,46,644.02,1583.84,1403.28,551.35,140
18,47,644.31,1581.77,1403.38,551.8,139
18,48,644.63,1583.11,1403.72,551.49,138
18,49,644.28,1581.56,1403.87,552.33,137
18,50,644.01,1584.23,1403.58,551.33,136
18,51,644.03,1583.19,1405.22,552.08,135
18,52,644.29,1585.18,1403.52,551.92,134
18,53,644.0,1585.98,1402.81,551.5,133
18,54,644.7,1584.83,1403.5,551.95,132
18,55,644.05,1586.71,1403.15,551.64,131
18,56,645.3,1583.73,1404.43,551.58,130
18,57,644.27,1584.2,1404.13,551.93,129
18,58,644.74,1582.82,1404.25,551.55,128
18,59,644.26,1585.24,1404.71,551.57,127
18,60,645.11,1585.46,1404.25,551.46,126
18,61,645.12,1586.08,1404.57,551.43,125
18,62,645.23,1585.53,1403.22,551.39,124
18,63,644.67,1582.76,1404.87,552.41,123
18,64,645.41,1585.43,1403.72,551.17,122
18,65,645.03,1586.47,1403.65,552.2,121
18,66,644.46,1585.66,1404.31,551.41,120
18,67,644.83,1585.57,1403.96,551.77,119
18,68,645.76,1585.09,1403.07,551.45,118
18,69,645.27,1585.76,1404.88,551.75,117
18,70,645.53,1586.36,1405.12,551.38,116
18,71,644.87,1587.54,1404.66,551.0,115
18,72,644.84,1584.78,1403.66,551.46,114
18,73,645.27,1586.9,1405.65,551.51,113
18,74,645.64,1586.39,1404.62,551.17,112
18,75,645.66,1584.98,1404.8,550.96,111
18,76,645.94,1587.07,1406.61,550.93,110
18,77,645.26,1586.36,1404.39,551.3,109
18,78,645.54,1585.79,1405.9,550.56,108
18,79,645.83,1585.79,1405.75,551.41,107
18,80,644.75,1586.28,1405.21,550.36,106
18,81,645.79,1585.99,1404.26,550.85,105
18,82,645.42,1586.02,1405.44,551.31,104
18,83,645.76,1588.11,1404.52,551.04,103
18,84,646.68,1584.96,1404.12,551.35,102
18,85,645.97,1586.22,1404.58,550.93,101
18,86,645.98,1587.19,1404.64,550.82,100
18,87,645.75,1587.89,1404.75,550.92,99
18,88,647.08,1585.81,1405.08,550.84,98
18,89,644.89,1585.56,1405.99,550.79,97
18,90,646.53,1587.07,1405.55,550.61,96
18,91,646.02,1585.98,1405.75,550.51,95
18,92,645.72,1586.75,1406.3,550.82,94
18,93,646.52,1586.49,1405.99,551.26,93
18,94,646.85,1586.15,1405.26,551.24,92
18,95,646.52,1587.53,1405.89,550.77,91
18,96,646.48,1587.21,1406.06,550.51,90
18,97,646.5,1587.04,1405.24,551.1,89
18,98,646.45,1590.05,1404.78,550.19,88
18,99,646.71,1588.01,1405.46,550.95,87
18,100,646.22,1589.61,1406.4,550.26,86
18,101,646.35,1589.9,1406.28,550.85,85
18,102,647.22,1588.24,1406.4,550.41,84
18,103,646.85,1590.22,1405.66,550.57,83
18,104,646.82,1586.33,1406.0,550.28,82
18,105,647.1,1589.71,1405.27,550.65,81
18,106,647.05,1589.36,1406.96,550.72,80
18,107,647.36,1586.78,1406.86,550.33,79
18,108,646.71,1588.28,1407.12,550.0,78
18,109,647.25,1588.46,1407.73,550.18,77
18,110,646.76,1587.85,1406.61,550.1,76
18,111,647.25,1590.33,1407.47,550.29,75
18,112,647.31,1589.11,1407.25,550.2,74
18,113,647.5,1586.16,1405.58,550.57,73
18,114,647.13,1590.42,1406.87,550.74,72
18,115,647.2,1589.94,1407.06,549.95,71
18,116,646.6,1590.42,1407.8,550.22,70
18,117,646.89,1591.26,1407.63,550.38,69
18,118,647.39,1588.34,1408.41,550.28,68
18,119,647.37,1590.25,1408.33,550.32,67
18,120,646.8,1588.02,1408.33,549.89,66
18,121,647.11,1590.33,1406.94,549.93,65
18,122,647.92,1588.15,1406.78,549.57,64
18,123,647.28,1590.15,1407.44,550.48,63
18,124,647.85,1590.11,1409.01,549.6,62
18,125,648.06,1589.93,1407.7,550.16,61
18,126,647.59,1590.52,1408.05,550.04,60
18,127,647.6,1591.49,1406.56,550.12,59
18,128,647.09,1589.56,1408.68,549.3,58
18,129,647.96,1588.9,1407.55,549.57,57
18,130,647.4,1588.55,1410.04,549.8,56
18,131,647.49,1590.03,1408.48,549.72,55
18,132,647.53,1589.71,1409.46,549.39,54
18,133,647.28,1590.4,1407.04,549.51,53
18,134,647.62,1589.46,1408.7,549.84,52
18,135,647.85,1590.92,1408.03,549.85,51
18,136,647.62,1591.31,1408.97,550.41,50
18,137,647.56,1594.38,1409.44,550.23,49
18,138,648.67,1590.15,1409.43,549.46,48
18,139,648.32,1589.95,1408.42,549.91,47
18,140,648.57,1592.67,1407.91,549.05,46
18,141,648.88,1592.76,1409.27,549.71,45
18,142,648.84,1591.82,1409.59,549.81,44
18,143,648.5,1591.27,1409.53,550.22,43
18,144,648.24,1591.25,1407.89,549.65,42
18,145,648.41,1590.17,1409.3,549.94,41
18,146,648.53,1591.62,1410.58,549.47,40
18,147,648.23,1592.84,1410.38,549.38,39
18,148,648.82,1590.52,1408.85,549.32,38
18,149,648.84,1591.43,1409.32,549.36,37
18,150,648.46,1591.94,1410.6,549.19,36
18,151,648.54,1594.84,1409.92,549.11,35
18,152,649.2,1592.73,1409.35,549.31,34
18,153,648.88,1593.69,1410.42,548.66,33
18,154,649.8,1592.24,1411.31,549.49,32
18,155,649.18,1592.55,1412.21,549.17,31
18,156,648.86,1592.05,1410.07,549.23,30
18,157,649.58,1593.74,1410.74,549.13,29
18,158,649.49,1593.85,1410.13,549.26,28
18,159,649.58,1593.25,1410.5,549.58,27
18,160,649.4,1592.35,1409.25,549.16,26
18,161,649.22,1594.13,1411.65,548.8,25
18,162,649.05,1593.21,1409.81,549.01,24
18,163,649.23,1592.11,1411.18,549.08,23
18,164,650.23,1593.83,1411.61,548.81,22
18,165,649.24,1596.15,1410.16,548.72,21
18,166,649.12,1595.86,1410.49,549.1,20
18,167,649.69,1592.78,1410.54,549.21,19
18,168,649.19,1594.54,1411.99,549.02,18
18,169,650.26,1592.17,1409.44,548.98,17
18,170,649.53,1594.95,1410.72,548.93,16
18,171,649.85,1594.11,1410.6,548.45,15
18,172,649.77,1595.8,1410.61,548.65,14
18,173,649.97,1592.73,1411.96,548.49,13
18,174,649.84,1597.27,1410.31,549.23,12
18,175,650.05,1594.62,1410.64,549.01,11
18,176,649.9,1593.01,1412.52,548.63,10
18,177,649.34,1594.14,1412.07,548.91,9
18,178,649.88,1593.37,1410.39,548.69,8
18,179,650.24,1595.48,1411.43,548.62,7
18,180,650.11,1594.89,1411.51,548.93,6
18,181,650.4,1594.92,1411.64,548.34,5
18,182,650.32,1594.1,1412.02,548.53,4
18,183,651.03,1593.44,1409.33,548.65,3
18,184,650.15,1595.23,1410.88,549.12,2
18,185,650.3,1594.27,1413.45,548.78,1
18,186,651.06,1594.99,1412.04,548.32,0
19,1,642.32,1581.33,1400.5,553.55,190
19,2,642.74,1580.69,1399.45,552.56,189
19,3,641.98,1581.14,1401.65,553.05,188
19,4,642.65,1580.02,1400.75,553.15,187
19,5,641.43,1579.9,1401.07,552.96,186
19,6,641.79,1577.56,1400.08,552.84,185
19,7,641.96,1580.73,1400.84,553.04,184
19,8,641.41,1579.06,1400.26,552.98,183
19,9,642.6,1581.28,1400.26,552.69,182
19,10,642.15,1581.72,1399.89,553.02,181
19,11,642.57,1580.82,1400.17,552.33,180
19,12,642.27,1580.56,1398.86,552.66,179
19,13,642.95,1581.72,1400.42,552.71,178
19,14,642.4,1581.29,1402.11,552.96,177
19,15,642.88,1580.6,1401.54,552.14,176
19,16,642.61,1581.97,1401.6,552.82,175
19,17,642.87,1581.12,1401.5,552.31,174
19,18,642.46,1581.51,1401.27,552.03,173
19,19,643.03,1582.44,1401.13,553.26,172
19,20,642.62,1581.16,1400.94,552.51,171
19,21,642.8,1579.98,1400.88,552.48,170
19,22,643.47,1584.39,1402.45,552.25,169
19,23,642.75,1581.64,1402.87,552.41,168
19,24,642.54,1581.31,1402.11,552.64,167
19,25,643.03,1582.81,1399.75,552.44,166
19,26,643.5,1581.07,1400.96,551.83,165
19,27,643.84,1581.28,1401.89,552.55,164
19,28,643.85,1582.04,1401.33,552.39,163
19,29,643.8,1582.1,1401.06,551.85,162
19,30,642.85,1583.42,1401.63,552.11,161
19,31,643.09,1582.57,1401.76,552.19,160
19,32,643.96,1584.39,1400.72,552.34,159
19,33,643.16,1582.33,1402.32,552.16,158
19,34,643.61,1583.51,1402.37,552.0,157
19,35,643.31,1581.06,1401.52,552.76,156
19,36,643.29,1581.43,1402.52,552.12,155
19,37,643.57,1584.64,1402.76,551.97,154
19,38,643.52,1582.42,1403.09,552.01,153
19,39,643.02,1583.05,1401.22,552.74,152
19,40,643.39,1582.99,1402.72,551.97,151
19,41,643.71,1583.77,1403.8,552.26,150
19,42,644.46,1582.09,1402.89,552.06,149
19,43,644.05,1585.07,1402.52,551.87,148
19,44,644.17,1581.37,1402.57,551.92,147
19,45,643.63,1584.85,1401.98,551.9,146
19,46,644.16,1585.28,1402.88,552.2,145
19,47,644.37,1583.89,1402.08,551.46,144
19,48,644.18,1583.17,1403.75,552.09,143
19,49,644.11,1582.51,1403.49,551.54,142
19,50,643.92,1582.8,1403.03,552.17,141
19,51,644.27,1583.53,1401.98,551.96,140
19,52,644.0,1584.28,1402.98,552.03,139
19,53,644.3,1584.15,1403.72,552.38,138
19,54,644.76,1584.19,1403.4,551.57,137
19,55,644.07,1583.71,1402.84,551.9,136
19,56,644.06,1586.06,1404.12,551.69,135
19,57,644.54,1583.87,1403.8,551.98,134
19,58,644.3,1582.78,1404.21,551.73,133
19,59,644.18,1583.82,1403.02,551.39,132
19,60,644.54,1584.46,1403.25,551.36,131
19,61,644.62,1585.06,1403.58,551.91,130
19,62,644.96,1583.03,1404.31,551.72,129
19,63,644.63,1583.22,1403.96,551.51,128
19,64,644.4,1583.35,1403.95,551.42,127
19,65,644.73,1585.07,1403.2,551.34,126
19,66,645.15,1584.83,1402.81,551.3,125
19,67,644.55,1585.65,1404.46,550.92,124
19,68,645.33,1584.08,1405.52,551.38,123
19,69,644.57,1584.12,1404.61,551.26,122
19,70,645.08,1587.51,1403.84,551.37,121
19,71,645.73,1585.97,1403.18,551.48,120
19,72,644.74,1587.42,1403.87,552.19,119
19,73,645.84,1584.85,1404.6,551.51,118
19,74,645.61,1586.42,1405.65,551.22,117
19,75,645.19,1585.55,1405.4,551.34,116
19,76,645.5,1587.0,1403.13,551.3,115
19,77,645.51,1588.13,1403.61,551.65,114
19,78,645.5,1586.79,1406.24,551.33,113
19,79,645.68,1586.58,1404.58,551.13,112
19,80,645.27,1586.31,1403.16,551.24,111
19,81,645.56,1586.04,1405.26,550.66,110
19,82,646.42,1586.4,1405.04,550.78,109
19,83,645.7,1588.27,1406.04,551.3,108
19,84,645.96,1586.25,1404.12,550.96,107
19,85,645.69,1588.02,1405.59,551.48,106
19,86,646.31,1586.3,1403.97,551.39,105
19,87,646.42,1585.28,1406.67,551.06,104
19,88,645.98,1588.94,1406.6,551.12,103
19,89,646.15,1587.82,1405.27,550.89,102
19,90,645.64,1586.76,1405.36,550.69,101
19,91,646.1,1586.85,1406.12,550.37,100
19,92,646.05,1587.48,1405.53,550.78,99
19,93,645.5,1587.83,1406.36,550.96,98
19,94,646.6,1587.72,1406.29,550.83,97
19,95,646.5,1585.67,1405.25,551.24,96
19,96,645.29,1587.47,1406.97,550.71,95
19,97,646.15,1587.87,1405.81,550.72,94
19,98,646.09,1589.13,1407.3,550.65,93
19,99,645.85,1587.25,1406.07,550.82,92
19,100,646.05,1587.04,1406.69,550.93,91
19,101,646.25,1586.44,1408.97,550.86,90
19,102,646.43,1589.16,1406.31,550.86,89
19,103,646.65,1588.31,1406.38,550.14,88
19,104,647.4,1587.15,1405.45,550.49,87
19,105,646.29,1588.29,1407.15,550.82,86
19,106,647.04,1588.07,1406.7,550.62,85
19,107,646.06,1589.2,1405.56,551.09,84
19,108,646.64,1588.37,1406.17,550.27,83
19,109,647.76,1589.8,1405.61,550.88,82
19,110,647.37,1588.42,1407.16,550.4,81
19,111,647.73,1587.88,1407.09,550.26,80
19,112,646.41,1591.54,1406.09,550.43,79
19,113,646.33,1588.51,1407.44,550.09,78
19,114,647.31,1588.75,1408.09,550.72,77
19,115,646.88,1589.24,1407.37,550.48,76
19,116,647.17,1589.46,1407.09,550.3,75
19,117,647.73,1590.09,1407.91,550.46,74
19,118,647.19,1589.77,1406.55,550.6,73
19,119,646.18,1589.37,1408.39,549.79,72
19,120,647.5,1588.73,1407.24,550.46,71
19,121,647.46,1587.19,1406.82,550.44,70
19,122,647.61,1591.81,1409.01,550.02,69
19,123,648.48,1589.82,1406.96,549.91,68
19,124,646.62,1591.8,1409.07,549.77,67
19,125,647.47,1590.06,1407.09,549.53,66
19,126,647.52,1589.64,1407.61,550.1,65
19,127,648.22,1589.74,1408.12,550.23,64
19,128,647.92,1589.45,1408.12,550.15,63
19,129,647.29,1591.78,1409.25,549.74,62
19,130,647.86,1591.12,1407.73,550.08,61
19,131,647.9,1588.66,1408.6,549.58,60
19,132,648.25,1589.7,1408.16,550.3,59
19,133,648.12,1589.29,1407.54,549.69,58
19,134,648.12,1591.09,1407.74,549.49,57
19,135,648.12,1590.53,1410.21,549.83,56
19,136,648.78,1589.42,1407.29,549.46,55
19,137,648.57,1593.01,1407.98,549.63,54
19,138,647.67,1588.81,1409.24,549.82,53
19,139,648.19,1589.38,1410.04,549.57,52
19,140,648.44,1589.4,1408.64,549.79,51
19,141,648.41,1591.41,1409.25,549.34,50
19,142,648.4,1591.44,1409.11,549.68,49
19,143,647.85,1589.8,1407.21,549.88,48
19,144,648.74,1592.47,1409.29,548.97,47
19,145,648.04,1591.74,1409.22,549.52,46
19,146,648.64,1591.63,1409.27,549.37,45
19,147,648.93,1591.18,1408.17,549.31,44
19,148,648.45,1592.97,1409.26,549.46,43
19,149,648.13,1592.8,1408.84,549.46,42
19,150,649.27,1592.55,1408.12,548.94,41
19,151,648.69,1590.56,1410.01,549.46,40
19,152,648.83,1591.25,1410.94,550.27,39
19,153,648.7,1592.6,1409.69,549.32,38
19,154,648.52,1590.95,1408.77,549.49,37
19,155,648.69,1589.24,1410.09,549.34,36
19,156,649.48,1592.86,1408.62,548.66,35
19,157,648.7,1591.74,1410.62,549.3,34
19,158,649.48,1590.98,1410.7,549.49,33
19,159,648.27,1594.24,1410.06,549.37,32
19,160,648.77,1594.26,1409.1,549.48,31
19,161,649.49,1591.64,1411.7,549.28,30
19,162,649.47,1591.06,1411.87,548.82,29
19,163,649.66,1591.78,1409.75,549.4,28
19,164,649.71,1591.53,1411.18,549.45,27
19,165,648.97,1595.05,1409.2,548.93,26
19,166,649.58,1592.19,1410.64,549.16,25
19,167,649.36,1594.29,1410.31,549.13,24
19,168,649.94,1594.32,1411.18,548.7,23
19,169,649.73,1592.4,1409.59,549.0,22
19,170,649.2,1594.48,1411.33,548.42,21
19,171,649.28,1591.86,1410.37,549.11,20
19,172,649.56,1592.98,1411.85,548.26,19
19,173,650.19,1593.11,1410.81,548.77,18
19,174,650.36,1592.37,1410.94,549.06,17
19,175,649.14,1592.82,1410.88,548.61,16
19,176,649.51,1593.59,1411.58,548.75,15
19,177,650.31,1592.89,1410.12,549.41,14
19,178,649.66,1592.59,1409.79,549.13,13
19,179,649.83,1593.94,1411.12,549.09,12
19,180,649.94,1597.14,1411.42,549.08,11
19,181,650.38,1594.36,1410.9,548.84,10
19,182,650.3,1593.8,1411.57,549.08,9
19,183,650.97,1595.59,1412.99,548.5,8
19,184,650.47,1596.25,1410.84,548.52,7
19,185,650.93,1593.55,1410.55,549.1,6
19,186,650.76,1595.32,1411.65,548.49,5
19,187,650.43,1596.78,1411.94,549.24,4
19,188,650.01,1594.94,1411.51,548.25,3
19,189,650.35,1595.54,1412.29,549.2,2
19,190,650.64,1596.5,1411.99,549.03,1
19,191,651.46,1595.84,1411.21,548.34,0
20,1,641.86,1579.41,1399.69,552.72,164
20,2,641.79,1580.8,1398.75,553.0,163
20,3,642.36,1578.65,1400.16,552.64,162
20,4,642.66,1580.12,1401.47,553.29,161
20,5,642.38,1583.03,1399.1,553.3,160
20,6,642.2,1580.4,1400.07,552.4,159
20,7,642.59,1579.16,1400.04,552.65,158
20,8,642.81,1580.65,1398.63,552.51,157
20,9,641.84,1581.43,1399.71,552.57,156
20,10,643.22,1581.69,1399.8,552.97,155
20,11,642.28,1582.0,1400.47,552.41,154
20,12,642.2,1581.45,1401.6,552.78,153
20,13,642.5,1579.04,1400.43,552.27,152
20,14,643.27,1580.81,1401.26,552.52,151
20,15,642.94,1582.24,1402.95,552.45,150
20,16,643.24,1581.81,1400.7,552.41,149
20,17,643.06,1581.21,1401.32,552.74,148
20,18,643.93,1581.7,1400.41,552.63,147
20,19,642.79,1584.02,1400.98,552.49,146
20,20,643.28,1582.43,1402.57,552.65,145
20,21,644.02,1582.47,1402.57,552.29,144
20,22,643.92,1581.61,1402.79,552.67,143
20,23,643.21,1583.91,1401.66,552.78,142
20,24,643.39,1581.76,1402.0,552.36,141
20,25,643.11,1582.58,1402.14,551.58,140
20,26,643.54,1583.28,1403.05,551.92,139
20,27,642.98,1582.74,1401.39,551.91,138
20,28,643.28,1582.15,1401.22,551.93,137
20,29,643.45,1580.93,1400.94,552.23,136
20,30,644.15,1583.64,1403.16,551.64,135
20,31,643.03,1582.87,1402.92,552.35,134
20,32,643.11,1584.31,1402.26,552.36,133
20,33,643.46,1581.19,1403.08,552.24,132
20,34,643.25,1582.33,1403.02,552.13,131
20,35,644.0,1582.6,1403.68,552.01,130
20,36,642.91,1583.44,1403.1,552.11,129
20,37,643.74,1581.06,1402.17,551.82,128
20,38,643.69,1584.23,1402.5,552.38,127
20,39,643.92,1585.05,1403.01,552.02,126
20,40,643.79,1582.06,1402.85,552.42,125
20,41,643.93,1583.04,1402.84,552.41,124
20,42,644.48,1585.33,1401.47,551.61,123
20,43,643.9,1585.32,1403.66,552.14,122
20,44,643.52,1585.39,1403.73,551.52,121
20,45,644.24,1583.07,1403.2,551.91,120
20,46,644.93,1583.11,1402.97,551.41,119
20,47,644.73,1582.44,1403.56,551.35,118
20,48,644.49,1585.81,1403.08,551.76,117
20,49,644.17,1584.38,1402.32,551.88,116
20,50,644.41,1584.36,1403.69,551.05,115
20,51,644.35,1584.86,1403.58,552.26,114
20,52,645.18,1584.96,1402.96,551.43,113
20,53,644.99,1584.97,1404.88,551.58,112
20,54,644.83,1586.92,1403.05,552.05,111
20,55,645.14,1588.95,1403.44,551.99,110
20,56,644.94,1584.94,1404.32,551.51,109
20,57,644.62,1585.09,1404.39,551.32,108
20,58,645.2,1584.99,1404.58,551.52,107
20,59,645.22,1583.82,1405.17,551.13,106
20,60,645.02,1584.75,1404.42,551.33,105
20,61,645.4,1585.67,1404.12,550.8,104
20,62,645.55,1586.33,1405.25,551.25,103
20,63,645.39,1585.02,1403.99,551.2,102
20,64,645.67,1585.57,1404.61,551.33,101
20,65,645.36,1587.21,1404.13,551.26,100
20,66,645.59,1584.11,1405.01,551.6,99
20,67,645.31,1584.87,1405.25,551.23,98
20,68,646.11,1586.79,1404.19,550.85,97
20,69,645.9,1586.78,1404.97,551.17,96
20,70,645.78,1586.9,1403.89,551.46,95
20,71,646.17,1588.71,1406.44,551.49,94
20,72,645.59,1586.99,1406.17,550.5,93
20,73,645.67,1584.68,1405.53,551.39,92
20,74,645.82,1586.13,1405.61,551.11,91
20,75,646.06,1585.45,1405.65,551.01,90
20,76,646.29,1586.91,1407.11,550.95,89
20,77,645.78,1585.89,1405.19,550.66,88
20,78,645.96,1589.21,1404.51,550.46,87
20,79,645.98,1585.64,1404.96,550.95,86
20,80,646.1,1587.9,1406.29,551.22,85
20,81,646.32,1588.91,1405.98,550.91,84
20,82,646.38,1587.9,1406.13,551.31,83
20,83,646.55,1587.11,1407.91,550.62,82
20,84,646.33,1586.74,1406.68,551.22,81
20,85,645.78,1587.5,1407.08,550.36,80
20,86,646.66,1586.36,1406.58,550.68,79
20,87,647.81,1588.91,1404.59,550.6,78
20,88,646.86,1587.61,1406.03,550.48,77
20,89,646.8,1586.69,1406.02,550.88,76
20,90,646.44,1587.63,1405.44,550.74,75
20,91,646.86,1589.55,1406.53,550.61,74
20,92,646.86,1586.77,1408.57,550.78,73
20,93,646.82,1588.3,1407.82,550.49,72
20,94,647.21,1587.97,1406.14,550.39,71
20,95,646.9,1589.26,1408.08,550.74,70
20,96,647.47,1587.96,1406.75,550.67,69
20,97,647.48,1589.83,1406.6,550.04,68
20,98,647.14,1587.96,1407.5,550.7,67
20,99,647.18,1587.55,1406.79,550.56,66
20,100,647.34,1589.88,1408.69,550.38,65
20,101,647.33,1590.33,1406.41,550.11,64
20,102,646.96,1590.18,1406.68,550.39,63
20,103,647.22,1589.06,1408.22,549.79,62
20,104,647.16,1593.1,1409.04,549.62,61
20,105,647.21,1589.75,1406.51,550.74,60
20,106,647.47,1589.54,1408.01,550.22,59
20,107,647.17,1591.44,1407.91,550.47,58
20,108,647.33,1587.79,1409.0,550.28,57
20,109,648.08,1591.52,1407.94,549.92,56
20,110,647.63,1590.8,1408.22,549.45,55
20,111,647.67,1591.92,1408.07,550.64,54
20,112,647.39,1590.74,1407.36,549.69,53
20,113,647.48,1593.06,1408.02,549.71,52
20,114,647.87,1590.23,1408.94,549.28,51
20,115,647.54,1591.61,1407.97,549.64,50
20,116,647.66,1591.55,1408.98,550.12,49
20,117,647.56,1589.31,1409.42,549.87,48
20,118,647.84,1590.68,1407.59,549.62,47
20,119,648.19,1591.39,1408.58,549.7,46
20,120,648.48,1590.93,1408.37,549.5,45
20,121,647.53,1591.93,1409.97,549.45,44
20,122,647.78,1590.49,1409.11,549.52,43
20,123,648.13,1591.23,1409.03,549.76,42
20,124,648.27,1591.05,1407.48,549.9,41
20,125,648.54,1593.33,1409.5,549.57,40
20,126,647.9,1589.65,1410.0,549.73,39
20,127,649.13,1592.82,1408.94,548.85,38
20,128,648.84,1590.57,1409.16,549.63,37
20,129,648.39,1590.89,1409.14,548.87,36
20,130,648.28,1590.72,1409.27,549.17,35
20,131,648.54,1591.53,1411.23,549.66,34
20,132,648.75,1592.7,1410.34,549.49,33
20,133,648.44,1592.09,1408.89,549.27,32
20,134,648.84,1593.61,1409.11,549.08,31
20,135,648.67,1591.71,1409.56,549.42,30
20,136,648.69,1592.67,1409.99,549.46,29
20,137,648.97,1593.62,1410.26,549.36,28
20,138,648.89,1593.04,1410.32,549.06,27
20,139,649.64,1595.95,1409.58,549.07,26
20,140,649.03,1591.33,1409.48,549.44,25
20,141,649.23,1595.29,1410.02,549.28,24
20,142,648.95,1592.95,1410.4,548.5,23
20,143,649.04,1593.94,1410.87,548.73,22
20,144,649.27,1590.42,1410.47,549.45,21
20,145,649.99,1594.88,1410.97,549.39,20
20,146,649.45,1592.82,1411.53,549.1,19
20,147,648.85,1595.0,1410.52,548.79,18
20,148,650.02,1594.65,1410.0,548.92,17
20,149,649.31,1592.67,1408.44,548.63,16
20,150,649.66,1590.42,1409.81,549.09,15
20,151,649.21,1593.72,1409.66,549.0,14
20,152,649.7,1592.9,1408.94,548.59,13
20,153,650.15,1595.95,1410.95,548.8,12
20,154,649.66,1595.66,1411.01,549.07,11
20,155,650.08,1594.43,1410.46,549.31,10
20,156,650.62,1597.1,1410.47,548.82,9
20,157,649.77,1595.0,1411.65,548.59,8
20,158,650.05,1597.06,1411.38,548.03,7
20,159,649.98,1593.33,1410.83,548.88,6
20,160,650.6,1593.73,1411.2,548.43,5
20,161,650.9,1595.94,1412.25,548.3,4
20,162,649.66,1596.4,1413.32,548.05,3
20,163,651.29,1594.89,1411.99,548.16,2
20,164,649.74,1592.39,1412.75,548.5,1
20,165,650.68,1596.56,1411.92,549.01,0
21,1,642.28,1579.42,1399.57,552.78,139
21,2,641.66,1581.3,1399.77,553.27,138
21,3,642.39,1580.3,1400.9,552.62,137
21,4,641.93,1581.29,1398.59,552.88,136
21,5,642.54,1582.12,1401.64,552.8,135
21,6,642.67,1579.69,1400.16,553.22,134
21,7,642.41,1580.95,1399.77,552.9,133
21,8,642.79,1581.74,1399.72,553.04,132
21,9,642.15,1580.95,1399.48,552.66,131
21,10,642.21,1580.55,1400.91,552.93,130
21,11,642.99,1578.39,1401.49,552.71,129
21,12,642.5,1580.25,1400.98,552.68,128
21,13,642.94,1581.17,1399.09,552.43,127
21,14,642.38,1583.99,1401.25,552.77,126
21,15,643.16,1582.0,1400.95,552.35,125
21,16,642.16,1581.91,1401.61,552.47,124
21,17,643.09,1580.4,1401.22,552.26,123
21,18,643.36,1582.0,1401.03,552.37,122
21,19,642.74,1581.67,1402.09,551.99,121
21,20,643.19,1581.27,1400.65,552.92,120
21,21,643.78,1581.56,1401.57,551.72,119
21,22,642.7,1581.03,1401.86,552.26,118
21,23,643.53,1583.31,1402.19,551.94,117
21,24,643.59,1583.37,1401.72,551.67,116
21,25,643.99,1582.82,1399.92,552.82,115
21,26,643.39,1585.75,1402.53,552.1,114
21,27,643.71,1582.08,1402.36,552.74,113
21,28,643.34,1583.68,1401.82,552.05,112
21,29,644.55,1583.78,1403.08,552.09,111
21,30,644.9,1582.12,1401.31,552.54,110
21,31,643.73,1583.86,1404.03,552.13,109
21,32,644.84,1583.64,1402.18,551.27,108
21,33,644.12,1580.9,1403.09,552.38,107
21,34,644.06,1583.92,1403.65,552.11,106
21,35,644.59,1583.78,1401.2,552.23,105
21,36,644.09,1582.85,1403.35,551.9,104
21,37,643.95,1582.47,1403.55,551.56,103
21,38,644.35,1584.57,1404.03,552.41,102
21,39,644.46,1583.72,1404.67,552.06,101
21,40,644.5,1584.63,1403.45,551.76,100
21,41,644.45,1583.28,1403.52,552.21,99
21,42,644.22,1584.23,1402.89,552.0,98
21,43,644.94,1583.13,1402.07,551.88,97
21,44,644.14,1585.77,1403.26,551.79,96
21,45,644.91,1584.24,1403.15,551.73,95
21,46,644.52,1586.33,1403.28,551.63,94
21,47,644.7,1585.11,1403.47,551.44,93
21,48,643.89,1584.24,1403.64,551.44,92
21,49,645.49,1584.48,1405.33,551.17,91
21,50,644.59,1583.17,1404.77,551.42,90
21,51,645.32,1585.7,1404.36,551.45,89
21,52,646.02,1585.08,1406.1,551.58,88
21,53,645.36,1586.42,1401.99,551.22,87
21,54,645.01,1588.4,1404.36,551.26,86
21,55,645.32,1584.4,1404.27,551.48,85
21,56,644.55,1586.45,1404.08,551.59,84
21,57,645.62,1584.36,1404.55,551.3,83
21,58,645.4,1586.47,1404.96,551.4,82
21,59,645.76,1586.35,1405.07,550.78,81
21,60,646.23,1590.07,1404.88,551.09,80
21,61,646.11,1587.83,1405.37,550.75,79
21,62,646.49,1587.55,1405.49,550.79,78
21,63,645.85,1584.66,1405.99,551.27,77
21,64,645.98,1585.8,1405.85,551.18,76
21,65,645.65,1588.18,1405.99,550.83,75
21,66,645.78,1586.95,1404.88,550.96,74
21,67,646.29,1588.68,1405.98,550.96,73
21,68,646.02,1586.33,1405.48,551.24,72
21,69,646.44,1587.98,1404.46,550.88,71
21,70,645.72,1586.09,1405.08,550.52,70
21,71,646.64,1587.98,1405.33,550.54,69
21,72,646.57,1588.65,1406.28,550.34,68
21,73,646.27,1590.78,1405.29,550.77,67
21,74,647.34,1587.71,1407.81,550.42,66
21,75,645.76,1587.45,1405.82,550.09,65
21,76,646.45,1589.44,1406.04,550.44,64
21,77,647.22,1587.46,1407.1,550.01,63
21,78,646.35,1588.21,1407.65,550.22,62
21,79,646.43,1588.9,1407.12,550.15,61
21,80,646.65,1589.99,1405.91,550.53,60
21,81,646.71,1590.48,1407.41,550.66,59
21,82,646.76,1589.89,1407.67,550.52,58
21,83,646.93,1589.21,1405.63,550.86,57
21,84,646.86,1588.72,1406.15,550.5,56
21,85,647.37,1588.87,1405.42,550.05,55
21,86,647.41,1589.64,1407.33,550.11,54
21,87,646.65,1590.6,1406.31,550.14,53
21,88,646.93,1590.75,1408.01,550.06,52
21,89,647.68,1587.87,1407.56,549.82,51
21,90,647.87,1590.22,1408.23,549.94,50
21,91,647.82,1588.54,1407.02,550.02,49
21,92,647.21,1590.84,1407.51,549.72,48
21,93,647.16,1590.93,1405.94,549.71,47
21,94,648.27,1589.79,1408.63,550.11,46
21,95,647.69,1588.32,1407.08,549.54,45
21,96,648.02,1591.23,1407.53,549.89,44
21,97,647.89,1590.63,1407.7,550.37,43
21,98,648.22,1590.73,1407.98,549.6,42
21,99,648.17,1590.18,1408.59,549.25,41
21,100,647.86,1590.73,1409.35,549.51,40
21,101,647.54,1591.5,1408.61,549.24,39
21,102,647.52,1590.3,1408.68,550.14,38
21,103,647.82,1591.83,1407.26,549.8,37
21,104,648.92,1591.46,1408.38,550.03,36
21,105,648.51,1591.58,1408.19,549.73,35
21,106,648.16,1591.88,1409.12,549.92,34
21,107,648.27,1591.44,1409.81,549.49,33
21,108,648.55,1591.24,1409.13,549.73,32
21,109,649.35,1589.82,1408.33,549.45,31
21,110,648.7,1591.68,1408.99,549.09,30
21,111,648.49,1593.03,1409.59,549.63,29
21,112,648.32,1593.89,1409.15,549.54,28
21,113,648.81,1591.62,1410.03,549.55,27
21,114,650.0,1593.14,1410.27,549.68,26
21,115,649.19,1592.44,1410.12,549.56,25
21,116,649.6,1590.78,1408.43,549.68,24
21,117,648.78,1590.71,1408.63,549.78,23
21,118,649.52,1591.86,1409.51,549.22,22
21,119,649.57,1592.57,1409.57,549.52,21
21,120,649.28,1592.8,1410.76,548.5,20
21,121,649.54,1593.63,1409.27,548.53,19
21,122,649.18,1593.47,1410.69,549.59,18
21,123,649.54,1591.68,1410.34,548.66,17
21,124,649.46,1595.15,1411.0,548.8,16
21,125,649.83,1592.64,1408.5,548.61,15
21,126,649.83,1594.61,1412.17,549.05,14
21,127,650.25,1594.54,1411.64,549.25,13
21,128,649.97,1595.19,1410.41,548.16,12
21,129,650.09,1594.46,1410.36,548.47,11
21,130,649.95,1594.97,1411.56,548.52,10
21,131,649.64,1595.03,1411.29,549.11,9
21,132,649.88,1595.22,1411.28,548.54,8
21,133,650.45,1593.25,1411.46,548.78,7
21,134,650.09,1595.74,1411.94,548.83,6
21,135,650.22,1596.88,1412.74,548.94,5
21,136,650.56,1594.04,1411.62,548.82,4
21,137,650.74,1595.94,1412.21,549.2,3
21,138,650.32,1596.2,1412.54,548.7,2
21,139,650.63,1595.64,1411.35,548.65,1
21,140,650.8,1595.59,1410.53,548.02,0
22,1,641.91,1579.44,1399.63,552.77,128
22,2,642.22,1580.74,1400.85,553.13,127
22,3,642.7,1579.55,1401.59,552.71,126
22,4,642.4,1580.24,1400.35,553.06,125
22,5,641.75,1579.59,1401.06,552.82,124
22,6,642.29,1579.36,1400.36,552.99,123
22,7,642.24,1582.46,1401.51,552.65,122
22,8,642.29,1577.63,1399.88,552.38,121
22,9,642.02,1581.02,1401.09,553.23,120
22,10,642.69,1578.74,1400.33,552.83,119
22,11,642.69,1582.32,1400.61,552.96,118
22,12,642.89,1581.74,1401.24,552.35,117
22,13,642.83,1581.88,1400.09,552.57,116
22,14,643.41,1582.17,1402.4,552.63,115
22,15,642.63,1582.72,1400.48,552.41,114
22,16,642.94,1581.07,1403.39,552.42,113
22,17,643.84,1582.42,1400.92,552.28,112
22,18,643.17,1581.71,1401.46,552.54,111
22,19,643.4,1583.07,1402.99,552.2,110
22,20,643.76,1584.03,1402.9,551.77,109
22,21,644.1,1581.71,1400.48,552.8,108
22,22,643.65,1583.26,1401.78,552.29,107
22,23,643.46,1581.96,1402.16,552.23,106
22,24,643.05,1582.89,1400.8,552.74,105
22,25,643.61,1581.66,1402.74,551.9,104
22,26,643.7,1583.61,1401.61,552.68,103
22,27,644.6,1582.55,1401.61,551.9,102
22,28,643.65,1584.63,1402.19,551.67,101
22,29,643.95,1581.63,1403.55,552.17,100
22,30,643.74,1582.95,1402.99,551.62,99
22,31,643.73,1583.38,1401.83,551.78,98
22,32,643.68,1585.48,1402.65,551.6,97
22,33,644.44,1583.13,1402.19,552.12,96
22,34,644.11,1585.02,1403.15,551.85,95
22,35,644.53,1583.36,1402.61,552.14,94
22,36,644.6,1584.16,1403.99,551.91,93
22,37,644.82,1582.99,1403.39,552.05,92
22,38,645.17,1583.83,1403.66,551.68,91
22,39,644.07,1584.25,1402.36,551.59,90
22,40,644.22,1584.92,1403.47,551.51,89
22,41,645.32,1584.92,1405.32,551.7,88
22,42,645.09,1583.91,1403.35,551.54,87
22,43,645.32,1584.63,1402.85,551.62,86
22,44,644.92,1584.52,1403.79,551.2,85
22,45,645.33,1585.33,1404.38,551.25,84
22,46,645.57,1585.69,1402.57,551.53,83
22,47,644.99,1585.34,1405.17,551.39,82
22,48,645.85,1585.78,1404.09,550.78,81
22,49,644.94,1585.39,1405.73,551.15,80
22,50,645.95,1584.51,1404.03,551.59,79
22,51,645.12,1587.33,1404.08,551.0,78
22,52,645.68,1585.15,1404.62,551.3,77
22,53,645.39,1585.57,1403.96,551.59,76
22,54,646.21,1586.76,1404.84,551.06,75
22,55,645.96,1587.72,1404.68,551.4,74
22,56,645.94,1587.87,1403.93,550.92,73
22,57,645.69,1586.15,1406.84,550.89,72
22,58,646.01,1587.02,1405.16,550.76,71
22,59,646.71,1586.69,1406.19,550.94,70
22,60,645.77,1587.2,1405.83,550.77,69
22,61,645.71,1587.76,1405.77,550.68,68
22,62,645.71,1587.72,1404.23,550.76,67
22,63,646.21,1589.51,1405.87,550.71,66
22,64,646.33,1586.68,1405.78,550.78,65
22,65,646.53,1586.85,1406.04,550.2,64
22,66,646.56,1587.5,1407.65,550.8,63
22,67,646.07,1586.58,1406.76,551.2,62
22,68,647.08,1586.56,1406.49,550.97,61
22,69,646.01,1589.38,1405.86,550.53,60
22,70,646.72,1589.53,1407.74,550.46,59
22,71,646.49,1587.71,1407.23,550.82,58
22,72,647.1,1588.81,1406.99,550.42,57
22,73,646.76,1589.63,1407.0,550.31,56
22,74,647.32,1587.99,1407.0,550.05,55
22,75,646.56,1588.86,1406.42,550.31,54
22,76,647.49,1588.81,1407.79,550.11,53
22,77,647.29,1587.87,1406.96,550.49,52
22,78,647.14,1590.32,1407.79,550.19,51
22,79,647.72,1589.83,1407.15,550.29,50
22,80,647.31,1589.67,1407.33,550.32,49
22,81,647.65,1590.05,1407.85,550.14,48
22,82,647.05,1588.31,1407.06,550.01,47
22,83,648.14,1591.28,1407.25,550.24,46
22,84,647.51,1590.18,1407.38,550.74,45
22,85,648.35,1589.66,1407.43,550.31,44
22,86,647.18,1591.15,1408.1,549.57,43
22,87,647.67,1589.46,1408.22,549.98,42
22,88,647.26,1589.97,1408.65,550.15,41
22,89,647.72,1591.04,1408.49,549.88,40
22,90,648.12,1589.49,1408.37,549.38,39
22,91,647.97,1592.43,1408.21,550.22,38
22,92,647.94,1589.54,1409.09,549.93,37
22,93,649.06,1589.78,1408.94,549.87,36
22,94,648.62,1591.71,1408.51,549.4,35
22,95,648.4,1591.64,1409.34,549.6,34
22,96,648.44,1589.46,1408.11,549.93,33
22,97,648.46,1592.0,1408.54,549.4,32
22,98,648.29,1591.83,1409.67,549.51,31
22,99,647.86,1592.15,1409.42,549.69,30
22,100,648.93,1592.72,1410.39,549.52,29
22,101,648.48,1593.15,1410.12,549.41,28
22,102,649.16,1592.11,1410.51,549.96,27
22,103,649.84,1592.21,1410.71,549.66,26
22,104,649.23,1592.76,1410.44,548.96,25
22,105,648.91,1591.59,1409.18,548.91,24
22,106,648.77,1592.28,1410.01,549.3,23
22,107,649.47,1591.53,1408.4,549.43,22
22,108,649.1,1592.64,1409.48,549.51,21
22,109,649.01,1591.78,1411.48,549.41,20
22,110,649.23,1590.03,1410.04,549.16,19
22,111,649.9,1590.98,1411.57,549.26,18
22,112,648.9,1594.3,1410.22,548.59,17
22,113,649.27,1593.62,1410.56,549.25,16
22,114,649.95,1592.11,1410.59,548.84,15
22,115,649.08,1593.49,1411.04,549.14,14
22,116,649.49,1592.46,1410.27,548.39,13
22,117,649.23,1592.46,1411.56,549.17,12
22,118,650.63,1594.19,1410.59,548.89,11
22,119,649.77,1593.26,1411.33,548.91,10
22,120,649.87,1593.79,1411.67,548.65,9
22,121,649.81,1594.83,1412.06,549.06,8
22,122,649.93,1592.86,1411.12,548.77,7
22,123,649.66,1594.12,1412.41,548.75,6
22,124,649.95,1594.65,1411.6,548.56,5
22,125,650.55,1592.53,1412.01,548.47,4
22,126,650.72,1593.32,1412.47,548.37,3
22,127,650.5,1594.41,1412.72,548.51,2
22,128,650.14,1596.76,1411.68,548.69,1
22,129,650.88,1594.14,1412.34,548.67,0
23,1,642.35,1579.06,1401.57,552.81,227
23,2,642.12,1581.54,1401.03,552.75,226
23,3,642.32,1579.83,1400.49,552.9,225
23,4,641.99,1579.11,1401.16,552.7,224
23,5,642.77,1579.98,1400.65,553.36,223
23,6,642.05,1580.97,1400.71,552.68,222
23,7,642.35,1581.36,1401.73,552.74,221
23,8,642.44,1580.38,1400.58,552.66,220
23,9,642.27,1582.42,1400.58,552.85,219
23,10,642.03,1581.98,1401.2,552.84,218
23,11,643.17,1580.09,1399.75,552.75,217
23,12,642.11,1581.09,1400.69,553.11,216
23,13,642.3,1581.27,1400.83,552.99,215
23,14,642.07,1579.86,1400.27,552.4,214
23,15,642.8,1581.75,1401.66,552.66,213
23,16,642.41,1579.93,1401.88,552.62,212
23,17,642.34,1582.03,1400.62,552.34,211
23,18,642.32,1581.31,1400.09,552.62,210
23,19,642.36,1580.13,1400.61,552.67,209
23,20,642.87,1582.44,1400.43,553.02,208
23,21,643.87,1580.9,1399.69,552.06,207
23,22,642.62,1580.63,1401.16,552.72,206
23,23,642.34,1581.33,1400.81,553.16,205
23,24,642.34,1580.69,1401.29,552.3,204
23,25,643.39,1580.44,1400.58,552.87,203
23,26,642.49,1582.73,1401.01,552.3,202
23,27,642.8,1580.46,1402.15,552.51,201
23,28,643.4,1583.28,1401.91,552.01,200
23,29,642.69,1582.95,1401.57,552.62,199
23,30,643.08,1581.48,1402.1,551.89,198
23,31,643.03,1582.15,1401.8,552.0,197
23,32,642.69,1581.66,1401.63,552.83,196
23,33,642.88,1581.61,1403.01,552.67,195
23,34,642.82,1583.08,1402.46,552.39,194
23,35,642.84,1581.62,1401.34,552.47,193
23,36,643.17,1582.08,1401.41,551.82,192
23,37,644.42,1582.95,1403.12,551.94,191
23,38,644.02,1582.06,1402.42,552.55,190
23,39,644.06,1582.54,1401.25,552.23,189
23,40,643.73,1582.02,1401.77,551.75,188
23,41,643.14,1583.27,1402.86,552.52,187
23,42,644.48,1584.59,1402.09,551.89,186
23,43,643.5,1582.21,1402.4,552.42,185
23,44,643.83,1584.82,1402.63,551.75,184
23,45,643.45,1583.48,1402.55,552.5,183
23,46,643.72,1582.85,1401.16,551.85,182
23,47,643.88,1583.38,1402.95,552.21,181
23,48,643.74,1582.0,1402.53,552.04,180
23,49,644.38,1584.86,1402.2,551.85,179
23,50,643.32,1583.14,1402.25,552.8,178
23,51,643.46,1583.47,1402.17,552.0,177
23,52,643.81,1584.44,1403.09,552.21,176
23,53,643.68,1584.83,1402.4,551.53,175
23,54,643.94,1583.74,1401.84,552.2,174
23,55,643.73,1582.64,1402.89,552.17,173
23,56,643.6,1584.86,1401.22,551.99,172
23,57,643.67,1582.84,1404.39,551.58,171
23,58,644.14,1582.59,1403.67,551.98,170
23,59,644.42,1585.29,1402.84,552.16,169
23,60,644.83,1584.34,1402.27,551.45,168
23,61,644.45,1582.74,1402.14,552.06,167
23,62,644.13,1587.04,1402.74,551.63,166
23,63,644.49,1584.45,1403.25,551.72,165
23,64,645.68,1586.26,1404.04,551.37,164
23,65,644.39,1585.13,1404.02,552.1,163
23,66,644.2,1584.35,1402.87,552.1,162
23,67,644.78,1583.86,1403.71,551.69,161
23,68,644.18,1585.65,1403.64,551.5,160
23,69,644.21,1585.63,1403.85,551.43,159
23,70,644.41,1584.67,1403.74,551.68,158
23,71,643.94,1584.88,1402.76,552.02,157
23,72,645.1,1586.19,1401.82,551.49,156
23,73,644.69,1585.56,1404.56,551.94,155
23,74,643.83,1583.97,1403.94,551.79,154
23,75,645.12,1585.57,1403.44,551.37,153
23,76,644.58,1583.89,1403.2,551.17,152
23,77,645.0,1585.28,1403.31,550.97,151
23,78,644.76,1586.98,1404.11,551.7,150
23,79,645.02,1585.2,1402.98,551.32,149
23,80,644.77,1587.11,1404.36,551.8,148
23,81,645.47,1584.38,1404.26,551.91,147
23,82,645.28,1586.07,1405.05,551.53,146
23,83,645.31,1585.9,1404.1,551.04,145
23,84,644.39,1585.2,1404.77,551.41,144
23,85,645.42,1585.52,1406.65,551.93,143
23,86,644.6,1586.52,1405.3,550.67,142
23,87,645.31,1586.42,1404.57,551.4,141
23,88,645.31,1586.71,1405.87,551.49,140
23,89,645.79,1584.66,1406.31,551.34,139
23,90,645.2,1586.5,1404.3,551.27,138
23,91,645.51,1585.24,1404.91,550.99,137
23,92,645.15,1584.92,1404.54,551.02,136
23,93,645.66,1587.52,1405.42,551.46,135
23,94,645.86,1585.15,1404.68,551.68,134
23,95,645.32,1588.56,1404.67,550.51,133
23,96,645.48,1587.42,1406.38,550.66,132
23,97,645.95,1587.54,1406.15,550.28,131
23,98,646.32,1587.06,1405.52,551.38,130
23,99,644.89,1587.82,1407.11,550.64,129
23,100,645.7,1586.71,1405.55,551.15,128
23,101,645.5,1586.78,1406.71,551.13,127
23,102,645.95,1585.94,1406.44,550.92,126
23,103,645.02,1587.37,1405.99,550.88,125
23,104,644.98,1585.59,1405.38,550.83,124
23,105,646.09,1587.71,1405.18,550.51,123
23,106,646.53,1587.74,1406.12,551.02,122
23,107,646.43,1586.68,1406.29,551.09,121
23,108,646.28,1585.77,1405.8,550.98,120
23,109,646.78,1587.39,1406.6,550.4,119
23,110,645.81,1587.86,1406.13,550.61,118
23,111,646.52,1587.2,1405.69,550.79,117
23,112,646.71,1588.77,1407.4,550.95,116
23,113,646.99,1587.82,1405.85,550.64,115
23,114,646.18,1587.45,1405.45,550.57,114
23,115,646.53,1587.08,1404.69,550.2,113
23,116,645.49,1586.03,1405.15,550.42,112
23,117,646.48,1586.27,1405.42,550.14,111
23,118,646.13,1588.74,1406.19,550.7,110
23,119,646.44,1586.39,1405.94,550.72,109
23,120,646.86,1588.44,1407.02,550.31,108
23,121,645.91,1585.96,1407.02,550.18,107
23,122,646.97,1587.6,1407.76,550.46,106
23,123,646.43,1588.28,1406.14,550.7,105
23,124,646.2,1588.49,1405.93,550.49,104
23,125,646.11,1589.38,1406.29,550.81,103
23,126,646.4,1588.39,1407.37,550.16,102
23,127,646.38,1589.44,1407.76,550.5,101
23,128,646.38,1588.15,1408.31,550.07,100
23,129,647.02,1588.75,1405.86,550.36,99
23,130,646.12,1589.01,1407.19,550.02,98
23,131,647.11,1587.94,1406.29,550.12,97
23,132,647.19,1586.79,1405.68,550.22,96
23,133,646.74,1589.62,1406.93,550.35,95
23,134,646.35,1588.66,1405.13,550.43,94
23,135,647.3,1588.06,1407.41,550.2,93
23,136,647.56,1589.34,1406.33,550.67,92
23,137,647.44,1588.64,1407.61,550.44,91
23,138,646.97,1589.28,1407.46,550.07,90
23,139,647.72,1586.89,1407.86,549.89,89
23,140,647.12,1587.42,1406.31,550.21,88
23,141,647.29,1590.67,1407.1,550.4,87
23,142,647.29,1590.16,1406.6,550.22,86
23,143,647.48,1588.94,1407.83,550.32,85
23,144,647.16,1590.53,1405.74,549.58,84
23,145,646.99,1590.0,1407.03,549.74,83
23,146,647.41,1589.85,1407.17,549.76,82
23,147,647.48,1590.75,1406.77,550.57,81
23,148,647.29,1589.1,1407.9,550.11,80
23,149,646.66,1589.8,1408.3,550.37,79
23,150,647.55,1589.57,1408.47,550.58,78
23,151,647.67,1589.85,1408.95,549.68,77
23,152,647.69,1593.02,1408.36,550.23,76
23,153,647.57,1590.9,1409.03,549.53,75
23,154,647.7,1590.69,1408.06,549.81,74
23,155,648.34,1590.58,1407.6,550.24,73
23,156,648.37,1591.77,1407.88,549.81,72
23,157,647.44,1590.77,1409.14,550.07,71
23,158,648.59,1588.2,1408.43,550.13,70
23,159,647.68,1589.24,1407.4,549.89,69
23,160,647.47,1592.43,1408.83,549.78,68
23,161,647.97,1592.03,1409.55,549.54,67
23,162,647.75,1590.37,1408.03,549.26,66
23,163,647.75,1590.02,1407.62,549.91,65
23,164,648.06,1591.67,1407.84,549.95,64
23,165,648.21,1590.34,1409.97,549.78,63
23,166,647.98,1591.4,1407.98,549.67,62
23,167,649.04,1589.01,1408.37,549.66,61
23,168,648.12,1590.6,1410.2,549.52,60
23,169,648.46,1590.53,1409.21,549.95,59
23,170,648.31,1590.65,1408.85,549.81,58
23,171,648.72,1591.71,1408.94,550.01,57
23,172,648.16,1590.97,1410.49,549.58,56
23,173,648.71,1590.47,1409.91,549.24,55
23,174,648.0,1592.67,1408.87,549.49,54
23,175,648.7,1591.32,1408.37,549.38,53
23,176,648.17,1593.13,1410.23,549.27,52
23,177,648.77,1591.47,1410.48,550.22,51
23,178,648.93,1591.25,1408.44,549.56,50
23,179,648.61,1590.2,1409.48,550.1,49
23,180,649.03,1590.61,1409.46,549.56,48
23,181,648.94,1590.1,1409.43,549.51,47
23,182,648.71,1589.82,1409.46,549.64,46
23,183,648.59,1591.64,1410.75,549.33,45
23,184,648.9,1590.03,1408.84,550.03,44
23,185,649.56,1592.9,1407.91,548.95,43
23,186,648.39,1590.75,1409.48,549.56,42
23,187,648.72,1592.09,1409.6,549.58,41
23,188,649.37,1592.73,1410.92,549.17,40
23,189,649.74,1591.87,1408.37,548.89,39
23,190,648.54,1591.78,1410.9,549.12,38
23,191,648.58,1590.99,1410.01,549.69,37
23,192,649.25,1593.93,1410.43,548.75,36
23,193,649.44,1591.5,1409.82,548.97,35
23,194,649.19,1592.63,1409.91,549.09,34
23,195,649.38,1592.67,1410.13,549.75,33
23,196,649.72,1592.47,1410.4,549.14,32
23,197,649.38,1593.11,1410.44,549.04,31
23,198,649.14,1592.73,1409.03,549.3,30
23,199,649.61,1595.68,1409.52,548.95,29
23,200,649.92,1593.76,1411.83,549.5,28
23,201,648.52,1593.71,1410.79,549.03,27
23,202,649.36,1595.34,1410.61,548.07,26
23,203,649.39,1596.02,1409.79,549.36,25
23,204,650.02,1593.29,1410.89,548.95,24
23,205,649.43,1592.86,1411.93,548.9,23
23,206,649.37,1594.39,1411.18,548.49,22
23,207,649.46,1591.76,1412.93,548.81,21
23,208,649.48,1593.27,1410.34,548.84,20
23,209,650.29,1594.05,1409.89,548.53,19
23,210,649.9,1593.0,1410.9,549.65,18
23,211,649.46,1592.33,1410.51,548.3,17
23,212,650.42,1592.74,1410.38,548.42,16
23,213,649.26,1594.13,1410.61,548.25,15
23,214,649.83,1594.71,1410.91,548.96,14
23,215,650.69,1595.31,1411.49,549.0,13
23,216,650.94,1592.67,1411.87,548.44,12
23,217,650.19,1592.88,1412.03,548.8,11
23,218,650.73,1594.21,1411.23,548.61,10
23,219,651.15,1595.36,1412.6,548.89,9
23,220,650.55,1592.9,1411.13,548.47,8
23,221,650.26,1594.61,1410.35,548.65,7
23,222,649.47,1595.73,1411.77,548.99,6
23,223,650.4,1594.31,1410.48,548.48,5
23,224,650.04,1595.38,1411.45,548.76,4
23,225,650.93,1593.3,1411.84,548.54,3
23,226,650.55,1595.89,1413.16,548.21,2
23,227,649.83,1595.36,1412.31,548.74,1
23,228,650.2,1593.31,1412.98,548.65,0
24,1,642.63,1580.52,1400.41,553.21,185
24,2,641.74,1578.27,1398.73,553.02,184
24,3,642.53,1581.34,1399.53,553.33,183
24,4,643.0,1581.06,1401.45,553.17,182
24,5,642.14,1579.61,1399.03,552.75,181
24,6,642.18,1580.23,1400.3,552.17,180
24,7,642.63,1581.65,1400.75,552.48,179
24,8,642.51,1580.68,1400.9,553.27,178
24,9,642.34,1580.95,1399.89,553.06,177
24,10,642.74,1581.08,1399.8,552.55,176
24,11,641.77,1580.06,1401.28,552.85,175
24,12,642.61,1582.76,1401.02,552.54,174
24,13,642.31,1580.78,1400.48,552.97,173
24,14,642.81,1580.76,1400.68,552.87,172
24,15,643.09,1579.01,1400.83,552.66,171
24,16,642.95,1581.44,1401.36,552.54,170
24,17,642.45,1582.33,1401.75,552.78,169
24,18,643.15,1580.3,1400.76,552.9,168
24,19,643.01,1581.62,1401.02,552.92,167
24,20,642.21,1581.99,1401.24,552.14,166
24,21,643.61,1578.49,1401.45,552.65,165
24,22,642.62,1582.13,1401.24,552.76,164
24,23,644.46,1582.29,1401.97,552.15,163
24,24,643.18,1581.51,1402.17,551.99,162
24,25,642.71,1583.46,1401.78,552.79,161
24,26,643.33,1582.74,1401.43,552.31,160
24,27,643.62,1582.03,1402.69,552.31,159
24,28,642.81,1580.76,1401.67,552.6,158
24,29,643.06,1583.25,1401.95,552.48,157
24,30,643.26,1582.67,1402.69,552.27,156
24,31,643.21,1580.35,1402.43,552.02,155
24,32,643.25,1581.33,1401.88,552.86,154
24,33,643.65,1581.92,1401.76,551.77,153
24,34,643.1,1581.23,1402.41,552.31,152
24,35,643.63,1583.3,1401.65,551.81,151
24,36,643.18,1581.5,1402.61,552.73,150
24,37,643.27,1582.61,1402.55,552.02,149
24,38,643.87,1582.41,1401.91,552.03,148
24,39,643.91,1584.73,1402.82,551.98,147
24,40,644.16,1584.47,1402.34,551.99,146
24,41,643.7,1584.34,1402.7,551.59,145
24,42,644.08,1585.22,1403.96,551.84,144
24,43,643.69,1585.79,1404.03,552.1,143
24,44,643.33,1582.87,1401.96,552.48,142
24,45,643.45,1585.84,1402.82,551.55,141
24,46,644.5,1584.51,1401.95,551.88,140
24,47,644.7,1583.35,1404.38,551.64,139
24,48,643.54,1583.98,1401.93,551.88,138
24,49,644.24,1583.09,1404.66,551.81,137
24,50,644.63,1585.2,1404.63,551.43,136
24,51,643.63,1586.24,1403.76,551.8,135
24,52,644.32,1583.88,1404.04,551.31,134
24,53,644.61,1585.57,1404.01,551.7,133
24,54,644.47,1585.96,1403.95,552.22,132
24,55,643.82,1585.58,1402.9,551.65,131
24,56,645.11,1583.37,1405.31,551.98,130
24,57,644.84,1583.54,1403.53,551.51,129
24,58,644.16,1586.05,1403.42,551.54,128
24,59,644.65,1584.56,1404.23,551.39,127
24,60,645.15,1584.19,1403.85,551.16,126
24,61,645.22,1586.58,1404.51,551.58,125
24,62,644.82,1583.19,1402.92,551.73,124
24,63,644.81,1583.52,1402.94,551.67,123
24,64,645.27,1583.39,1404.25,551.57,122
24,65,644.74,1586.8,1403.92,550.91,121
24,66,644.94,1587.04,1403.98,551.09,120
24,67,645.31,1585.79,1404.32,551.52,119
24,68,644.83,1584.84,1404.97,551.06,118
24,69,645.8,1587.11,1403.54,551.77,117
24,70,645.26,1587.38,1404.62,551.25,116
24,71,645.13,1582.86,1405.32,551.07,115
24,72,645.67,1587.89,1404.18,551.07,114
24,73,645.74,1585.4,1405.76,551.03,113
24,74,645.96,1585.68,1405.04,551.5,112
24,75,645.63,1587.41,1403.67,551.06,111
24,76,645.5,1585.29,1405.68,551.01,110
24,77,645.21,1587.42,1404.13,550.84,109
24,78,645.77,1587.99,1405.16,550.63,108
24,79,645.88,1585.74,1405.99,550.97,107
24,80,646.11,1586.04,1404.61,550.49,106
24,81,645.44,1586.83,1405.31,551.22,105
24,82,646.24,1586.74,1405.34,551.35,104
24,83,645.89,1585.68,1404.94,550.35,103
24,84,645.46,1584.84,1405.7,551.33,102
24,85,645.51,1585.86,1406.24,550.81,101
24,86,646.03,1587.92,1404.98,550.71,100
24,87,645.77,1585.25,1406.0,551.08,99
24,88,646.05,1588.82,1405.47,551.06,98
24,89,646.26,1586.31,1406.67,550.89,97
24,90,646.5,1585.79,1405.89,550.68,96
24,91,645.82,1589.13,1406.03,550.36,95
24,92,646.01,1588.65,1405.25,550.49,94
24,93,646.19,1588.16,1405.42,550.87,93
24,94,646.31,1587.87,1404.14,550.73,92
24,95,646.24,1588.23,1405.61,550.59,91
24,96,646.6,1589.58,1405.13,550.83,90
24,97,646.92,1588.76,1407.18,550.49,89
24,98,646.97,1587.14,1406.37,550.48,88
24,99,646.34,1586.02,1404.81,550.96,87
24,100,645.85,1588.47,1405.41,550.33,86
24,101,646.89,1588.45,1406.41,550.9,85
24,102,646.55,1589.81,1405.73,550.18,84
24,103,646.65,1588.42,1405.96,550.43,83
24,104,647.3,1588.03,1405.16,549.96,82
24,105,647.63,1590.32,1406.43,550.7,81
24,106,646.95,1590.19,1405.98,550.12,80
24,107,647.42,1586.95,1406.96,550.4,79
24,108,647.25,1588.99,1406.86,550.27,78
24,109,646.58,1588.71,1407.96,550.28,77
24,110,647.59,1589.87,1407.48,550.29,76
24,111,646.82,1591.09,1407.8,550.27,75
24,112,647.8,1589.91,1406.09,550.16,74
24,113,647.45,1591.04,1409.18,550.27,73
24,114,647.46,1588.58,1406.64,549.74,72
24,115,647.41,1590.92,1408.04,550.24,71
24,116,647.79,1593.02,1406.82,549.47,70
24,117,647.48,1590.86,1406.31,550.42,69
24,118,647.26,1590.05,1406.88,549.85,68
24,119,647.0,1590.53,1407.18,550.2,67
24,120,647.5,1588.39,1407.8,550.17,66
24,121,647.95,1591.68,1406.99,550.18,65
24,122,646.69,1590.99,1408.75,549.25,64
24,123,647.49,1588.98,1407.66,549.86,63
24,124,647.65,1591.32,1407.75,549.7,62
24,125,647.63,1589.91,1408.0,549.79,61
24,126,647.9,1591.85,1407.11,550.09,60
24,127,648.19,1589.86,1409.2,549.91,59
24,128,647.4,1588.93,1408.89,550.11,58
24,129,648.52,1591.35,1408.24,550.02,57
24,130,647.97,1590.22,1407.95,549.34,56
24,131,647.69,1590.68,1406.29,549.68,55
24,132,648.4,1592.4,1408.09,549.64,54
24,133,647.79,1590.2,1409.49,550.27,53
24,134,647.45,1589.98,1407.15,549.75,52
24,135,647.97,1591.46,1409.24,549.9,51
24,136,647.56,1591.08,1407.42,550.23,50
24,137,648.12,1589.56,1408.4,549.75,49
24,138,648.6,1592.84,1408.95,549.56,48
24,139,648.63,1592.15,1409.06,549.88,47
24,140,648.15,1591.41,1407.41,550.03,46
24,141,648.25,1593.2,1408.57,549.68,45
24,142,648.51,1590.88,1409.54,549.95,44
24,143,649.25,1592.58,1408.26,549.12,43
24,144,649.04,1590.57,1409.78,549.56,42
24,145,649.15,1592.46,1409.33,550.11,41
24,146,649.0,1592.6,1408.87,549.12,40
24,147,648.61,1590.21,1409.23,549.68,39
24,148,649.16,1591.68,1411.9,549.8,38
24,149,648.8,1593.55,1409.15,549.47,37
24,150,648.71,1590.8,1410.1,549.37,36
24,151,648.93,1592.31,1409.02,549.82,35
24,152,649.05,1592.1,1408.76,549.74,34
24,153,649.36,1592.51,1408.84,549.8,33
24,154,648.89,1591.78,1409.9,549.39,32
24,155,649.02,1588.6,1410.2,549.53,31
24,156,648.77,1594.62,1410.76,549.37,30
24,157,648.77,1593.16,1410.41,549.18,29
24,158,649.58,1592.48,1409.98,548.98,28
24,159,649.09,1592.81,1410.11,549.08,27
24,160,649.68,1594.88,1409.3,549.57,26
24,161,649.63,1592.09,1410.12,549.19,25
24,162,648.74,1593.13,1410.87,548.86,24
24,163,648.86,1593.56,1412.28,548.84,23
24,164,649.22,1593.16,1411.84,548.54,22
24,165,649.85,1592.92,1410.34,548.71,21
24,166,649.49,1592.39,1410.28,548.24,20
24,167,648.94,1594.05,1411.78,549.93,19
24,168,650.05,1593.11,1409.25,549.1,18
24,169,649.14,1592.84,1411.61,549.0,17
24,170,649.4,1591.84,1411.14,548.99,16
24,171,650.42,1590.98,1411.13,549.14,15
24,172,649.69,1592.14,1410.36,548.85,14
24,173,649.71,1594.5,1412.18,548.69,13
24,174,650.44,1594.08,1411.5,548.76,12
24,175,650.14,1594.95,1411.8,548.77,11
24,176,648.71,1595.1,1409.78,548.56,10
24,177,649.13,1596.5,1411.75,548.62,9
24,178,650.7,1595.18,1411.58,548.81,8
24,179,650.03,1593.14,1412.32,548.65,7
24,180,649.52,1595.32,1411.65,549.16,6
24,181,650.38,1593.37,1410.25,549.0,5
24,182,650.29,1593.83,1411.17,548.99,4
24,183,650.55,1596.27,1412.0,548.32,3
24,184,651.12,1594.57,1412.51,548.87,2
24,185,650.46,1593.78,1411.39,548.73,1
24,186,650.71,1596.76,1412.91,548.21,0
25,1,641.64,1580.04,1400.26,553.16,218
25,2,641.22,1581.09,1400.44,552.74,217
25,3,642.02,1580.45,1397.37,552.56,216
25,4,642.62,1579.55,1400.15,552.88,215
25,5,642.48,1579.86,1400.02,552.95,214
25,6,642.57,1581.81,1400.07,552.73,213
25,7,642.21,1582.09,1401.01,552.71,212
25,8,641.66,1581.88,1401.41,552.5,211
25,9,642.17,1581.68,1400.8,552.22,210
25,10,641.94,1581.39,1400.75,552.99,209
25,11,642.74,1581.05,1400.94,552.6,208
25,12,642.51,1581.21,1402.02,552.51,207
25,13,642.79,1580.76,1401.31,552.7,206
25,14,643.01,1580.08,1400.88,552.84,205
25,15,642.31,1581.41,1401.63,552.67,204
25,16,642.92,1580.3,1400.0,552.88,203
25,17,642.44,1579.17,1400.32,553.05,202
25,18,643.12,1579.9,1399.82,552.51,201
25,19,643.15,1581.08,1400.89,552.43,200
25,20,642.67,1582.41,1401.16,552.53,199
25,21,643.08,1581.54,1401.91,552.36,198
25,22,642.96,1582.59,1402.45,552.22,197
25,23,642.82,1580.02,1400.48,552.53,196
25,24,642.12,1582.17,1401.76,552.48,195
25,25,642.63,1581.44,1403.06,552.33,194
25,26,642.69,1579.03,1402.26,552.09,193
25,27,643.08,1584.4,1401.77,552.55,192
25,28,642.96,1582.32,1401.59,552.59,191
25,29,642.16,1582.47,1401.94,553.17,190
25,30,643.16,1582.35,1401.96,552.51,189
25,31,642.71,1583.13,1400.96,552.49,188
25,32,642.9,1581.95,1401.38,552.27,187
25,33,643.25,1582.74,1401.73,552.58,186
25,34,643.11,1582.88,1401.2,552.84,185
25,35,643.53,1581.59,1403.31,552.44,184
25,36,643.12,1582.34,1401.06,551.92,183
25,37,643.92,1581.49,1400.96,552.43,182
25,38,644.14,1584.03,1403.92,552.95,181
25,39,643.15,1582.33,1400.88,551.85,180
25,40,643.98,1583.11,1403.36,551.92,179
25,41,643.37,1583.56,1403.09,551.67,178
25,42,643.53,1583.39,1402.93,552.43,177
25,43,643.64,1581.5,1400.82,552.06,176
25,44,643.59,1582.1,1403.13,551.75,175
25,45,643.48,1584.52,1401.85,552.17,174
25,46,643.78,1583.48,1403.23,552.15,173
25,47,643.27,1581.8,1402.81,551.76,172
25,48,644.25,1583.7,1401.26,552.58,171
25,49,643.76,1583.15,1403.02,551.97,170
25,50,644.33,1582.25,1403.66,552.18,169
25,51,643.67,1583.84,1403.76,552.11,168
25,52,644.08,1584.36,1403.41,551.78,167
25,53,644.12,1584.7,1403.01,551.7,166
25,54,644.21,1583.28,1403.42,552.32,165
25,55,644.41,1582.83,1403.26,551.1,164
25,56,644.13,1585.01,1403.39,551.88,163
25,57,645.06,1581.91,1401.94,551.97,162
25,58,644.61,1585.15,1402.72,551.55,161
25,59,643.89,1584.48,1402.45,552.12,160
25,60,644.32,1583.32,1402.73,551.31,159
25,61,644.05,1583.57,1403.67,551.72,158
25,62,644.06,1582.83,1403.21,551.11,157
25,63,644.32,1585.71,1403.29,551.75,156
25,64,644.5,1582.78,1404.91,551.56,155
25,65,644.52,1583.72,1404.47,551.23,154
25,66,645.08,1584.22,1403.19,551.46,153
25,67,645.32,1582.72,1403.24,551.24,152
25,68,643.91,1586.29,1403.7,551.25,151
25,69,645.01,1584.31,1403.26,551.75,150
25,70,644.55,1583.7,1404.39,551.52,149
25,71,645.05,1584.44,1404.71,551.55,148
25,72,645.22,1586.23,1404.93,551.54,147
25,73,644.99,1584.79,1403.28,552.1,146
25,74,644.57,1586.22,1404.64,551.53,145
25,75,644.85,1585.03,1403.58,551.49,144
25,76,644.48,1586.17,1403.98,551.15,143
25,77,644.48,1585.19,1404.14,551.26,142
25,78,645.23,1585.83,1404.32,551.12,141
25,79,644.77,1583.81,1404.18,551.54,140
25,80,644.62,1584.88,1404.34,551.52,139
25,81,644.55,1588.29,1405.04,551.16,138
25,82,644.75,1586.03,1404.87,551.02,137
25,83,644.78,1584.69,1404.6,551.32,136
25,84,646.13,1583.23,1404.07,551.12,135
25,85,645.49,1586.53,1404.5,551.71,134
25,86,644.89,1585.13,1403.66,551.19,133
25,87,645.24,1586.98,1406.25,551.66,132
25,88,644.93,1586.17,1405.44,551.39,131
25,89,646.38,1585.91,1404.94,551.84,130
25,90,645.66,1585.53,1404.15,551.21,129
25,91,645.96,1587.58,1404.29,551.16,128
25,92,645.39,1586.21,1405.77,551.09,127
25,93,645.87,1587.27,1404.61,551.46,126
25,94,645.21,1585.01,1404.77,550.78,125
25,95,645.93,1589.67,1406.11,550.8,124
25,96,645.33,1587.84,1404.31,550.73,123
25,97,645.91,1586.08,1405.41,550.91,122
25,98,645.79,1587.85,1405.87,551.26,121
25,99,646.1,1587.72,1405.42,550.53,120
25,100,645.84,1587.32,1405.54,551.07,119
25,101,646.74,1586.41,1405.21,551.29,118
25,102,646.01,1587.63,1405.12,550.68,117
25,103,645.51,1587.36,1404.86,550.55,116
25,104,646.3,1586.46,1404.74,550.47,115
25,105,646.44,1587.16,1405.43,550.89,114
25,106,646.14,1586.72,1405.54,551.04,113
25,107,646.48,1586.42,1406.89,551.4,112
25,108,646.08,1587.12,1405.2,550.58,111
25,109,646.36,1590.35,1406.56,550.66,110
25,110,646.1,1586.84,1406.88,550.67,109
25,111,646.49,1587.42,1407.78,550.56,108
25,112,646.07,1587.2,1406.48,551.13,107
25,113,646.56,1588.69,1406.65,550.18,106
25,114,646.42,1587.53,1406.13,550.41,105
25,115,646.81,1588.04,1406.34,550.59,104
25,116,646.25,1585.91,1406.57,550.65,103
25,117,646.75,1588.21,1405.55,550.36,102
25,118,647.12,1588.57,1407.11,550.85,101
25,119,646.23,1587.85,1407.07,550.31,100
25,120,646.49,1587.71,1405.98,550.5,99
25,121,646.5,1587.92,1406.84,550.81,98
25,122,647.04,1588.68,1408.0,550.69,97
25,123,647.1,1588.34,1406.43,550.59,96
25,124,647.18,1588.82,1406.29,550.07,95
25,125,646.22,1588.73,1407.5,549.74,94
25,126,646.65,1587.82,1407.21,550.21,93
25,127,646.44,1588.08,1406.35,550.39,92
25,128,646.88,1589.41,1407.01,550.67,91
25,129,646.83,1589.7,1407.32,550.26,90
25,130,647.32,1588.06,1408.12,550.1,89
25,131,646.55,1587.39,1407.25,550.14,88
25,132,647.2,1587.84,1407.62,550.34,87
25,133,646.98,1589.98,1407.75,550.29,86
25,134,647.56,1590.63,1406.71,550.59,85
25,135,646.88,1590.3,1408.16,550.17,84
25,136,647.26,1589.08,1406.79,550.01,83
25,137,647.52,1590.54,1407.5,549.88,82
25,138,646.9,1589.45,1407.14,550.52,81
25,139,647.11,1590.36,1407.12,550.06,80
25,140,647.5,1590.34,1408.01,549.96,79
25,141,647.51,1589.34,1406.58,550.17,78
25,142,648.02,1591.71,1408.03,550.16,77
25,143,646.5,1593.2,1408.98,550.29,76
25,144,647.62,1587.32,1408.04,550.05,75
25,145,647.06,1590.6,1408.93,550.12,74
25,146,647.8,1590.62,1407.74,550.23,73
25,147,648.31,1590.25,1407.45,549.56,72
25,148,647.94,1591.01,1408.4,549.89,71
25,149,647.89,1589.7,1407.6,549.64,70
25,150,647.43,1591.05,1408.0,549.71,69
25,151,647.32,1591.29,1409.13,549.59,68
25,152,647.85,1589.43,1408.22,550.06,67
25,153,648.59,1590.08,1408.94,550.07,66
25,154,647.92,1592.08,1408.18,549.97,65
25,155,647.79,1591.4,1408.84,550.17,64
25,156,648.79,1591.93,1409.08,549.68,63
25,157,647.19,1592.45,1410.09,549.87,62
25,158,647.73,1592.62,1409.54,549.14,61
25,159,648.23,1591.33,1407.43,549.41,60
25,160,648.65,1591.19,1408.01,549.51,59
25,161,647.77,1591.26,1409.42,550.04,58
25,162,648.02,1590.82,1409.28,549.96,57
25,163,648.47,1592.83,1410.39,549.16,56
25,164,648.97,1592.94,1408.05,549.77,55
25,165,648.66,1590.14,1408.99,549.66,54
25,166,648.01,1591.11,1410.22,550.09,53
25,167,648.04,1588.39,1410.14,550.12,52
25,168,648.87,1591.32,1408.34,549.73,51
25,169,648.98,1590.94,1409.48,549.4,50
25,170,648.9,1589.33,1409.63,549.4,49
25,171,649.37,1592.24,1409.94,549.2,48
25,172,648.59,1592.41,1409.14,549.39,47
25,173,648.82,1589.95,1409.06,549.68,46
25,174,648.6,1594.88,1409.61,548.87,45
25,175,648.97,1590.88,1409.86,549.23,44
25,176,648.63,1593.46,1408.38,549.24,43
25,177,648.63,1593.89,1409.42,549.08,42
25,178,649.0,1591.28,1409.15,549.55,41
25,179,647.8,1591.27,1409.27,549.79,40
25,180,649.16,1592.46,1409.78,549.34,39
25,181,649.12,1592.71,1411.48,549.15,38
25,182,649.13,1592.68,1410.72,549.05,37
25,183,648.96,1590.89,1410.82,548.78,36
25,184,649.36,1594.79,1411.62,549.13,35
25,185,649.04,1592.75,1410.86,549.16,34
25,186,649.11,1594.2,1410.23,549.13,33
25,187,648.91,1594.21,1410.44,549.15,32
25,188,648.55,1594.19,1409.39,549.27,31
25,189,649.02,1591.83,1411.1,549.15,30
25,190,649.39,1595.53,1411.96,549.02,29
25,191,648.89,1594.95,1409.39,549.22,28
25,192,649.34,1593.42,1411.5,548.82,27
25,193,649.25,1594.31,1412.01,549.78,26
25,194,648.95,1592.96,1409.8,549.27,25
25,195,649.59,1594.59,1410.37,549.2,24
25,196,649.54,1593.77,1410.28,549.38,23
25,197,649.14,1593.54,1412.22,549.33,22
25,198,649.35,1592.79,1411.26,549.13,21
25,199,650.2,1592.12,1411.96,548.64,20
25,200,650.3,1591.94,1410.07,549.41,19
25,201,650.51,1594.07,1410.75,548.87,18
25,202,650.01,1594.63,1410.83,548.27,17
25,203,649.66,1592.22,1411.74,548.94,16
25,204,649.87,1593.86,1412.75,549.15,15
25,205,650.04,1593.58,1412.26,548.82,14
25,206,649.74,1593.59,1411.82,549.05,13
25,207,650.29,1595.16,1411.1,548.58,12
25,208,650.13,1594.34,1410.6,548.72,11
25,209,650.39,1594.04,1412.72,548.33,10
25,210,649.82,1593.89,1412.16,548.75,9
25,211,649.84,1592.4,1410.61,548.14,8
25,212,650.58,1593.44,1412.16,548.81,7
25,213,650.74,1593.93,1412.0,548.66,6
25,214,650.36,1594.83,1412.4,548.82,5
25,215,650.34,1594.37,1411.32,548.59,4
25,216,650.47,1594.88,1410.8,548.47,3
25,217,650.21,1595.08,1413.92,548.67,2
25,218,650.97,1594.31,1411.96,548.89,1
25,219,649.87,1594.92,1412.5,548.48,0
26,1,641.6,1579.15,1400.96,552.8,174
26,2,641.49,1580.81,1399.7,553.49,173
26,3,642.26,1580.45,1399.91,553.4,172
26,4,642.34,1579.86,1399.64,552.88,171
26,5,641.85,1581.67,1398.9,552.83,170
26,6,642.54,1580.93,1399.84,553.04,169
26,7,641.99,1580.58,1401.0,552.96,168
26,8,642.12,1582.13,1400.62,553.02,167
26,9,643.05,1582.12,1401.51,552.83,166
26,10,642.8,1581.12,1399.72,552.83,165
26,11,642.64,1581.66,1400.65,552.49,164
26,12,642.85,1579.47,1401.99,552.62,163
26,13,642.73,1581.8,1401.36,552.24,162
26,14,643.01,1581.58,1400.45,552.42,161
26,15,642.59,1579.74,1402.41,553.06,160
26,16,642.96,1581.12,1400.94,552.82,159
26,17,643.53,1580.79,1400.27,553.03,158
26,18,642.16,1580.35,1401.04,552.07,157
26,19,643.37,1582.68,1400.84,552.9,156
26,20,643.55,1581.6,1401.01,553.16,155
26,21,643.31,1582.13,1402.53,552.55,154
26,22,642.87,1582.01,1402.34,551.84,153
26,23,643.0,1583.66,1401.17,552.87,152
26,24,643.73,1582.01,1401.19,552.3,151
26,25,644.28,1584.42,1401.81,552.17,150
26,26,643.31,1582.55,1400.79,552.36,149
26,27,643.84,1580.19,1402.51,552.72,148
26,28,643.14,1584.47,1401.37,552.41,147
26,29,643.29,1582.15,1401.49,552.46,146
26,30,643.8,1582.53,1400.97,552.35,145
26,31,643.67,1582.43,1403.62,551.73,144
26,32,642.67,1581.9,1402.76,551.86,143
26,33,643.21,1584.01,1402.63,552.26,142
26,34,643.96,1582.44,1402.03,552.37,141
26,35,643.16,1580.47,1402.05,552.38,140
26,36,643.85,1584.16,1400.86,552.17,139
26,37,644.06,1581.59,1403.23,552.02,138
26,38,645.07,1580.69,1403.7,551.9,137
26,39,643.25,1582.76,1402.9,552.31,136
26,40,644.63,1585.18,1401.97,552.31,135
26,41,644.15,1582.78,1402.64,551.73,134
26,42,644.05,1582.77,1402.06,552.06,133
26,43,644.34,1583.51,1404.04,551.82,132
26,44,644.02,1584.61,1402.91,551.89,131
26,45,643.18,1583.93,1401.62,551.48,130
26,46,643.7,1582.74,1402.72,551.67,129
26,47,644.55,1584.35,1401.7,551.82,128
26,48,644.46,1583.77,1403.24,551.82,127
26,49,644.69,1582.37,1403.16,552.19,126
26,50,645.0,1585.36,1403.86,552.21,125
26,51,645.24,1584.27,1402.72,551.61,124
26,52,645.76,1582.63,1403.19,551.24,123
26,53,644.62,1583.16,1403.55,551.05,122
26,54,644.87,1586.16,1403.4,551.57,121
26,55,644.61,1584.99,1403.74,551.82,120
26,56,645.21,1583.89,1403.59,551.83,119
26,57,644.2,1582.59,1404.09,551.68,118
26,58,644.53,1584.34,1403.37,551.25,117
26,59,645.14,1583.71,1403.83,551.21,116
26,60,644.33,1586.26,1403.7,551.51,115
26,61,644.36,1584.41,1404.79,552.21,114
26,62,644.22,1585.14,1404.58,551.22,113
26,63,645.4,1584.43,1404.44,551.22,112
26,64,645.6,1584.75,1404.11,551.64,111
26,65,644.75,1585.73,1403.0,551.0,110
26,66,645.36,1584.54,1404.09,551.45,109
26,67,645.02,1586.81,1404.77,551.41,108
26,68,645.8,1586.29,1405.89,551.52,107
26,69,645.14,1587.54,1404.94,551.11,106
26,70,645.51,1587.41,1405.16,551.75,105
26,71,645.88,1586.79,1404.05,551.12,104
26,72,645.53,1587.09,1405.45,551.2,103
26,73,645.59,1587.21,1404.32,551.63,102
26,74,644.78,1588.17,1405.04,551.4,101
26,75,645.79,1586.93,1405.59,551.31,100
26,76,645.56,1587.84,1404.34,551.04,99
26,77,646.07,1587.88,1405.65,550.9,98
26,78,646.15,1585.97,1406.75,550.97,97
26,79,645.22,1585.43,1405.45,551.01,96
26,80,646.67,1585.7,1405.52,550.63,95
26,81,645.74,1589.06,1404.65,551.09,94
26,82,646.14,1587.09,1406.04,550.54,93
26,83,646.69,1589.52,1405.73,551.59,92
26,84,645.92,1587.78,1406.91,550.7,91
26,85,645.58,1585.45,1407.48,550.66,90
26,86,646.1,1586.13,1406.66,550.55,89
26,87,646.03,1587.92,1405.11,550.71,88
26,88,646.84,1588.16,1406.14,550.8,87
26,89,646.17,1590.13,1405.45,550.77,86
26,90,646.42,1589.03,1407.05,550.68,85
26,91,646.54,1588.3,1404.42,550.18,84
26,92,646.23,1587.32,1405.35,550.86,83
26,93,646.52,1587.82,1405.37,550.6,82
26,94,645.52,1587.97,1406.5,550.66,81
26,95,645.99,1588.52,1405.68,550.31,80
26,96,646.95,1590.76,1406.62,550.29,79
26,97,646.79,1589.55,1407.15,551.33,78
26,98,646.47,1588.81,1407.96,550.93,77
26,99,646.03,1588.59,1407.98,551.32,76
26,100,647.14,1588.24,1406.05,551.09,75
26,101,647.2,1587.75,1406.76,550.5,74
26,102,647.17,1587.78,1406.5,549.88,73
26,103,647.42,1588.54,1407.44,550.78,72
26,104,647.14,1588.9,1407.29,550.34,71
26,105,647.6,1589.49,1406.76,550.61,70
26,106,647.64,1587.6,1408.49,550.38,69
26,107,647.31,1590.5,1406.88,550.53,68
26,108,647.1,1587.61,1406.61,550.39,67
26,109,646.92,1591.4,1408.43,550.6,66
26,110,647.39,1589.86,1406.59,550.47,65
26,111,647.54,1590.32,1408.96,549.96,64
26,112,647.39,1590.12,1406.93,550.06,63
26,113,647.69,1589.42,1408.8,549.64,62
26,114,647.99,1590.7,1407.36,549.79,61
26,115,646.75,1589.03,1408.72,550.03,60
26,116,648.1,1589.33,1408.52,549.8,59
26,117,647.3,1590.03,1407.49,549.53,58
26,118,647.66,1590.38,1409.11,550.25,57
26,119,648.27,1591.2,1408.43,549.57,56
26,120,647.89,1591.14,1409.39,550.12,55
26,121,648.37,1589.27,1408.04,550.02,54
26,122,648.39,1590.42,1408.3,550.07,53
26,123,647.52,1592.61,1407.73,549.26,52
26,124,648.03,1592.81,1408.97,550.04,51
26,125,648.09,1590.67,1407.34,549.11,50
26,126,648.2,1592.52,1408.92,549.95,49
26,127,648.8,1591.43,1408.61,549.49,48
26,128,649.03,1591.75,1408.02,549.36,47
26,129,648.77,1589.96,1410.33,548.86,46
26,130,648.88,1591.88,1409.01,549.6,45
26,131,649.12,1592.23,1408.26,549.12,44
26,132,648.48,1591.46,1407.84,549.59,43
26,133,648.23,1591.56,1409.7,550.03,42
26,134,648.87,1590.77,1409.48,549.57,41
26,135,648.02,1592.2,1410.74,549.54,40
26,136,647.97,1591.85,1408.35,549.76,39
26,137,648.86,1591.69,1409.13,549.41,38
26,138,648.71,1591.06,1408.35,549.79,37
26,139,648.6,1592.27,1409.76,549.52,36
26,140,648.33,1590.15,1409.13,549.52,35
26,141,648.56,1591.82,1411.37,548.82,34
26,142,648.6,1594.61,1409.7,549.14,33
26,143,649.41,1592.49,1409.53,549.38,32
26,144,648.73,1591.29,1409.78,548.99,31
26,145,649.05,1593.02,1410.63,549.61,30
26,146,648.93,1593.28,1410.41,549.34,29
26,147,648.95,1591.53,1410.48,548.71,28
26,148,649.08,1589.79,1409.08,548.93,27
26,149,649.68,1593.77,1409.77,549.39,26
26,150,649.64,1592.84,1409.18,549.08,25
26,151,649.3,1591.64,1410.65,549.2,24
26,152,649.56,1593.54,1411.01,549.04,23
26,153,649.51,1592.81,1410.02,549.47,22
26,154,648.66,1594.43,1410.06,548.81,21
26,155,649.63,1591.68,1409.98,548.76,20
26,156,649.49,1592.58,1411.98,549.53,19
26,157,648.82,1594.29,1411.45,549.13,18
26,158,649.41,1593.43,1410.24,548.81,17
26,159,649.24,1593.67,1409.7,548.85,16
26,160,649.27,1594.15,1410.43,548.97,15
26,161,650.25,1595.89,1409.02,548.61,14
26,162,649.75,1594.62,1409.79,548.54,13
26,163,649.97,1594.26,1411.48,548.94,12
26,164,650.1,1594.48,1411.29,548.98,11
26,165,649.12,1596.18,1409.55,548.43,10
26,166,649.97,1595.23,1408.99,548.72,9
26,167,650.43,1595.7,1410.89,548.62,8
26,168,649.91,1594.12,1410.69,548.41,7
26,169,650.38,1594.84,1411.98,548.72,6
26,170,650.54,1595.82,1410.26,548.37,5
26,171,650.21,1594.83,1411.19,548.88,4
26,172,651.15,1595.16,1411.86,548.83,3
26,173,649.66,1595.06,1412.65,548.36,2
26,174,649.96,1594.89,1411.88,548.25,1
26,175,651.34,1594.63,1411.08,548.47,0
27,1,643.06,1578.65,1399.73,552.43,167
27,2,642.19,1580.2,1400.24,552.67,166
27,3,641.85,1580.34,1399.09,553.18,165
27,4,641.65,1580.18,1399.94,552.74,164
27,5,641.61,1580.4,1399.39,552.91,163
27,6,642.0,1580.48,1398.98,553.11,162
27,7,642.79,1579.97,1402.74,553.04,161
27,8,642.3,1580.13,1399.95,552.61,160
27,9,642.41,1580.76,1399.52,553.17,159
27,10,642.82,1583.12,1401.01,553.05,158
27,11,642.06,1581.72,1399.35,552.41,157
27,12,643.61,1580.67,1400.84,552.89,156
27,13,642.64,1579.95,1400.13,552.89,155
27,14,642.83,1582.27,1401.47,552.64,154
27,15,642.76,1581.47,1400.78,552.49,153
27,16,643.01,1583.18,1399.8,553.29,152
27,17,643.14,1582.06,1400.41,552.33,151
27,18,643.16,1581.93,1400.25,552.26,150
27,19,642.67,1580.73,1401.57,552.18,149
27,20,643.32,1580.03,1402.21,553.38,148
27,21,643.37,1581.25,1401.1,552.1,147
27,22,643.54,1582.19,1400.12,551.97,146
27,23,642.46,1583.0,1400.84,552.63,145
27,24,642.99,1583.12,1401.51,552.64,144
27,25,642.95,1581.38,1401.42,552.58,143
27,26,642.88,1581.66,1401.66,552.42,142
27,27,643.21,1583.14,1401.33,552.57,141
27,28,643.72,1581.85,1402.58,551.92,140
27,29,643.53,1581.68,1402.32,552.17,139
27,30,643.21,1580.83,1401.97,552.55,138
27,31,643.68,1580.93,1402.03,552.53,137
27,32,643.5,1581.73,1403.68,551.82,136
27,33,643.58,1582.25,1402.88,552.26,135
27,34,643.36,1582.24,1402.54,552.15,134
27,35,643.68,1582.8,1401.52,552.62,133
27,36,644.08,1583.26,1403.35,551.97,132
27,37,643.55,1583.76,1402.75,552.51,131
27,38,643.63,1582.28,1404.4,552.34,130
27,39,644.23,1582.71,1403.12,551.57,129
27,40,643.82,1582.22,1402.25,551.57,128
27,41,644.35,1585.85,1403.71,552.13,127
27,42,643.99,1584.03,1402.14,551.49,126
27,43,643.59,1582.43,1403.62,552.09,125
27,44,643.87,1584.33,1404.06,551.78,124
27,45,643.98,1583.57,1404.36,551.77,123
27,46,645.18,1583.36,1402.88,551.35,122
27,47,644.81,1584.37,1402.64,551.63,121
27,48,644.62,1583.35,1403.7,551.98,120
27,49,644.31,1582.2,1403.28,551.54,119
27,50,644.03,1585.23,1404.07,551.73,118
27,51,644.41,1584.78,1403.12,551.84,117
27,52,644.46,1584.4,1403.58,552.59,116
27,53,644.27,1584.23,1402.5,551.66,115
27,54,645.42,1584.61,1403.34,551.54,114
27,55,645.2,1586.63,1403.09,551.72,113
27,56,644.79,1586.8,1405.84,552.05,112
27,57,644.49,1584.15,1405.43,551.44,111
27,58,644.63,1583.61,1404.25,551.32,110
27,59,645.14,1585.57,1403.24,551.17,109
27,60,645.41,1586.67,1403.99,551.45,108
27,61,644.67,1585.45,1405.24,551.87,107
27,62,645.09,1585.23,1403.28,551.16,106
27,63,645.16,1585.49,1404.05,551.67,105
27,64,645.4,1585.59,1405.12,551.28,104
27,65,645.91,1584.93,1404.91,550.62,103
27,66,645.18,1586.15,1404.46,550.9,102
27,67,645.11,1584.85,1404.69,551.44,101
27,68,645.3,1588.32,1405.04,550.56,100
27,69,645.62,1586.18,1406.03,551.15,99
27,70,645.44,1588.82,1403.32,551.02,98
27,71,645.7,1585.94,1403.39,551.22,97
27,72,645.46,1586.35,1406.15,551.16,96
27,73,645.45,1587.08,1404.87,550.95,95
27,74,646.05,1585.93,1405.73,550.95,94
27,75,645.59,1586.18,1404.87,551.02,93
27,76,645.74,1588.52,1404.72,551.13,92
27,77,646.35,1589.04,1404.85,551.24,91
27,78,646.03,1588.32,1405.06,550.88,90
27,79,645.85,1586.61,1405.68,551.63,89
27,80,646.32,1586.82,1405.48,551.03,88
27,81,646.02,1587.11,1404.9,550.82,87
27,82,645.14,1585.3,1405.58,551.0,86
27,83,646.84,1587.99,1406.36,550.81,85
27,84,646.59,1587.86,1406.3,550.28,84
27,85,646.41,1587.72,1405.74,550.62,83
27,86,645.82,1588.43,1406.33,550.72,82
27,87,646.49,1586.38,1407.62,550.95,81
27,88,646.7,1589.74,1406.45,550.56,80
27,89,646.61,1589.88,1405.64,551.07,79
27,90,646.01,1588.78,1407.24,550.78,78
27,91,647.02,1588.08,1405.48,550.88,77
27,92,647.39,1588.13,1407.12,550.29,76
27,93,646.34,1588.54,1406.06,550.54,75
27,94,647.97,1587.66,1406.99,549.95,74
27,95,647.02,1587.75,1407.02,550.54,73
27,96,646.91,1587.55,1406.63,550.5,72
27,97,646.81,1590.46,1406.96,550.1,71
27,98,647.13,1585.93,1408.57,549.86,70
27,99,647.37,1589.85,1406.17,550.52,69
27,100,646.78,1588.85,1407.52,550.31,68
27,101,646.71,1589.63,1407.05,550.26,67
27,102,647.14,1587.61,1406.39,550.09,66
27,103,647.38,1588.2,1408.31,550.3,65
27,104,647.41,1589.01,1406.15,550.37,64
27,105,647.02,1587.71,1406.83,550.16,63
27,106,646.41,1589.19,1408.38,550.17,62
27,107,647.89,1589.2,1408.57,549.73,61
27,108,647.7,1589.64,1408.8,549.98,60
27,109,647.09,1590.47,1409.1,550.15,59
27,110,647.55,1588.49,1408.61,550.04,58
27,111,647.9,1590.28,1409.56,549.86,57
27,112,647.46,1591.35,1408.83,550.32,56
27,113,647.71,1590.47,1406.99,549.92,55
27,114,647.88,1590.65,1407.54,549.62,54
27,115,648.24,1591.47,1408.03,550.23,53
27,116,648.24,1588.48,1408.2,550.29,52
27,117,647.28,1588.84,1408.86,550.25,51
27,118,647.86,1590.11,1407.07,549.75,50
27,119,647.43,1590.34,1409.55,549.42,49
27,120,647.97,1591.89,1407.95,549.91,48
27,121,648.45,1591.04,1408.72,549.43,47
27,122,648.01,1591.23,1407.19,549.06,46
27,123,648.16,1591.58,1408.86,549.22,45
27,124,648.72,1591.34,1409.63,549.49,44
27,125,648.43,1591.93,1409.73,549.93,43
27,126,648.05,1591.26,1408.58,549.67,42
27,127,647.85,1589.58,1410.98,550.18,41
27,128,648.94,1592.16,1409.76,549.8,40
27,129,649.19,1591.08,1408.61,549.54,39
27,130,648.82,1591.46,1408.84,549.95,38
27,131,648.29,1593.61,1410.13,550.06,37
27,132,649.55,1592.39,1411.09,549.62,36
27,133,648.89,1592.27,1409.15,549.67,35
27,134,649.24,1590.45,1411.62,549.9,34
27,135,648.6,1592.89,1409.61,549.48,33
27,136,648.83,1592.93,1408.86,550.01,32
27,137,648.53,1593.06,1409.24,549.28,31
27,138,649.17,1592.6,1409.96,549.19,30
27,139,648.76,1593.37,1409.25,549.08,29
27,140,648.83,1592.27,1408.86,548.83,28
27,141,649.35,1593.42,1410.32,549.64,27
27,142,648.83,1590.78,1410.77,548.67,26
27,143,649.18,1593.27,1411.86,549.01,25
27,144,649.1,1593.82,1410.77,549.04,24
27,145,649.41,1592.23,1410.71,548.64,23
27,146,650.55,1594.07,1409.55,549.01,22
27,147,649.02,1592.32,1410.67,549.48,21
27,148,649.45,1591.12,1410.08,548.87,20
27,149,649.57,1593.31,1408.88,548.73,19
27,150,649.15,1594.65,1410.49,548.38,18
27,151,649.29,1595.07,1410.31,548.75,17
27,152,649.62,1594.02,1410.74,549.24,16
27,153,649.68,1594.65,1411.09,548.51,15
27,154,650.51,1595.32,1410.55,548.84,14
27,155,650.09,1594.24,1411.16,549.0,13
27,156,650.03,1594.54,1411.22,549.01,12
27,157,650.03,1594.49,1412.31,548.92,11
27,158,650.13,1593.23,1410.61,549.11,10
27,159,650.27,1595.49,1411.52,548.86,9
27,160,650.04,1594.44,1411.1,549.11,8
27,161,649.86,1594.94,1411.37,548.97,7
27,162,650.29,1595.21,1411.74,548.36,6
27,163,650.47,1594.63,1411.03,548.21,5
27,164,649.97,1595.76,1413.12,548.64,4
27,165,649.95,1595.43,1412.65,549.16,3
27,166,650.9,1595.29,1412.32,548.34,2
27,167,650.77,1596.23,1409.93,548.57,1
27,168,651.1,1594.39,1410.3,548.49,0
28,1,642.65,1580.01,1400.46,553.07,222
28,2,642.24,1579.72,1400.37,552.91,221
28,3,642.26,1579.98,1399.93,552.5,220
28,4,642.15,1580.54,1401.69,553.06,219
28,5,641.9,1579.12,1400.48,552.68,218
28,6,642.0,1579.51,1400.06,553.1,217
28,7,641.47,1582.03,1400.21,552.67,216
28,8,642.66,1580.3,1399.59,552.38,215
28,9,642.62,1581.53,1400.15,553.21,214
28,10,642.4,1582.28,1399.77,552.47,213
28,11,642.21,1580.27,1401.51,552.87,212
28,12,642.15,1580.83,1400.3,552.52,211
28,13,642.46,1580.66,1400.09,552.5,210
28,14,642.86,1581.46,1401.51,552.63,209
28,15,642.14,1580.33,1401.63,552.22,208
28,16,643.19,1579.76,1401.48,552.37,207
28,17,642.41,1578.69,1402.4,552.83,206
28,18,642.94,1580.64,1400.22,552.87,205
28,19,642.24,1581.09,1400.02,552.65,204
28,20,642.0,1579.59,1400.39,552.78,203
28,21,642.59,1582.61,1402.33,552.48,202
28,22,642.25,1582.66,1399.95,552.29,201
28,23,642.2,1582.72,1401.7,553.02,200
28,24,642.74,1580.65,1400.87,552.12,199
28,25,643.52,1585.76,1400.77,552.67,198
28,26,642.93,1582.3,1402.25,552.13,197
28,27,642.84,1583.28,1401.86,552.55,196
28,28,643.27,1582.64,1402.43,552.66,195
28,29,643.09,1582.4,1401.51,552.19,194
28,30,643.12,1581.91,1400.26,552.63,193
28,31,643.56,1582.77,1402.38,552.32,192
28,32,643.01,1583.32,1400.87,552.03,191
28,33,643.44,1582.75,1402.52,551.82,190
28,34,643.26,1580.96,1402.51,552.71,189
28,35,643.54,1581.72,1401.28,552.17,188
28,36,643.04,1582.26,1401.34,551.86,187
28,37,643.56,1583.07,1403.35,552.12,186
28,38,642.69,1583.57,1402.79,552.58,185
28,39,644.08,1584.44,1401.32,552.68,184
28,40,643.39,1583.68,1402.36,551.9,183
28,41,644.03,1582.25,1403.69,551.94,182
28,42,643.2,1582.07,1403.46,551.68,181
28,43,644.0,1585.13,1402.18,552.01,180
28,44,643.71,1581.65,1404.49,552.31,179
28,45,643.23,1582.1,1402.56,551.7,178
28,46,643.15,1583.49,1403.28,552.35,177
28,47,643.77,1582.87,1402.57,552.35,176
28,48,643.33,1582.34,1402.28,551.96,175
28,49,643.85,1583.31,1403.18,551.48,174
28,50,643.27,1582.61,1403.38,551.8,173
28,51,643.93,1583.63,1403.0,552.44,172
28,52,644.26,1584.74,1402.7,552.39,171
28,53,644.05,1581.27,1404.82,551.94,170
28,54,644.27,1582.4,1404.66,551.67,169
28,55,643.94,1581.91,1403.25,551.81,168
28,56,643.52,1583.74,1403.09,551.8,167
28,57,643.44,1584.23,1402.05,552.12,166
28,58,643.99,1585.07,1403.13,551.85,165
28,59,644.76,1583.04,1402.3,551.98,164
28,60,643.76,1583.13,1401.97,552.13,163
28,61,643.92,1583.37,1402.25,551.65,162
28,62,644.31,1585.22,1402.28,551.57,161
28,63,644.97,1585.54,1402.85,551.71,160
28,64,645.23,1582.93,1401.91,551.55,159
28,65,644.44,1583.47,1404.28,551.75,158
28,66,644.27,1583.85,1402.95,551.92,157
28,67,644.36,1583.14,1404.37,551.57,156
28,68,644.05,1586.69,1404.15,551.64,155
28,69,644.55,1584.37,1403.47,551.53,154
28,70,644.43,1584.65,1403.28,551.65,153
28,71,644.7,1584.0,1403.75,551.73,152
28,72,643.84,1585.6,1402.89,551.41,151
28,73,643.65,1585.65,1403.34,551.38,150
28,74,644.86,1582.68,1404.03,551.7,149
28,75,644.93,1584.64,1404.07,551.46,148
28,76,645.2,1586.69,1403.76,551.54,147
28,77,644.67,1585.75,1404.51,551.4,146
28,78,645.18,1585.32,1404.16,551.16,145
28,79,645.08,1584.69,1404.95,551.15,144
28,80,645.16,1585.14,1404.52,551.37,143
28,81,644.76,1586.83,1403.65,551.56,142
28,82,644.45,1585.24,1405.64,551.26,141
28,83,645.2,1587.58,1404.35,551.4,140
28,84,645.44,1584.07,1404.13,551.34,139
28,85,644.6,1587.44,1405.18,551.47,138
28,86,645.81,1586.73,1404.44,550.77,137
28,87,645.04,1585.15,1405.18,551.27,136
28,88,644.73,1587.04,1405.8,551.67,135
28,89,644.94,1586.45,1403.98,551.79,134
28,90,645.44,1585.69,1404.4,551.28,133
28,91,645.67,1584.23,1406.01,551.3,132
28,92,646.06,1588.32,1404.87,551.4,131
28,93,645.31,1585.78,1406.26,550.9,130
28,94,645.66,1585.32,1404.53,550.95,129
28,95,646.2,1587.09,1405.79,550.54,128
28,96,645.67,1586.08,1405.56,551.78,127
28,97,644.74,1587.09,1406.98,550.89,126
28,98,645.8,1587.49,1403.55,551.1,125
28,99,645.46,1589.21,1405.16,550.79,124
28,100,646.15,1587.4,1406.1,551.56,123
28,101,645.62,1588.95,1406.94,550.73,122
28,102,645.62,1587.01,1405.33,551.45,121
28,103,645.58,1587.31,1404.93,550.95,120
28,104,646.82,1589.28,1405.9,551.09,119
28,105,646.19,1586.79,1407.18,551.28,118
28,106,646.13,1586.96,1405.58,550.96,117
28,107,646.06,1588.66,1406.14,550.55,116
28,108,645.66,1588.55,1404.89,550.72,115
28,109,645.98,1585.94,1406.11,550.76,114
28,110,645.94,1590.0,1403.97,550.52,113
28,111,646.0,1585.94,1407.78,551.43,112
28,112,646.0,1589.16,1406.5,551.24,111
28,113,646.26,1588.22,1407.2,551.09,110
28,114,646.41,1586.64,1405.52,550.14,109
28,115,646.7,1588.09,1406.42,550.67,108
28,116,645.96,1588.28,1406.73,550.4,107
28,117,646.45,1587.2,1406.12,550.3,106
28,118,646.39,1590.0,1405.95,550.41,105
28,119,646.29,1587.88,1407.84,551.02,104
28,120,646.52,1587.41,1405.05,550.31,103
28,121,645.82,1589.14,1407.58,550.45,102
28,122,646.8,1587.01,1405.01,550.55,101
28,123,646.84,1590.43,1408.27,550.43,100
28,124,647.09,1588.83,1406.67,550.49,99
28,125,646.71,1588.4,1408.05,550.54,98
28,126,647.5,1587.51,1404.51,550.32,97
28,127,646.51,1586.86,1407.87,550.04,96
28,128,647.11,1591.14,1405.97,550.35,95
28,129,647.46,1588.29,1407.21,550.59,94
28,130,647.02,1588.32,1406.37,550.05,93
28,131,647.23,1588.14,1408.01,550.83,92
28,132,646.57,1589.88,1408.75,550.08,91
28,133,647.55,1589.74,1407.93,550.09,90
28,134,647.87,1588.33,1407.72,550.28,89
28,135,647.36,1588.02,1406.28,550.36,88
28,136,647.04,1588.79,1407.75,549.81,87
28,137,647.7,1589.48,1407.98,550.39,86
28,138,647.49,1587.97,1408.36,550.3,85
28,139,647.11,1589.32,1407.77,550.25,84
28,140,647.58,1591.53,1406.7,550.4,83
28,141,647.33,1590.98,1408.89,550.21,82
28,142,647.66,1591.14,1408.44,550.51,81
28,143,647.33,1589.13,1406.79,550.06,80
28,144,647.46,1589.64,1408.14,550.25,79
28,145,647.5,1590.3,1408.46,549.83,78
28,146,647.94,1589.22,1409.01,550.1,77
28,147,647.63,1587.87,1408.44,550.06,76
28,148,647.71,1589.98,1408.46,550.26,75
28,149,647.87,1591.74,1407.44,549.82,74
28,150,647.88,1591.02,1408.49,549.59,73
28,151,647.27,1590.07,1406.69,550.03,72
28,152,647.76,1589.26,1407.74,549.97,71
28,153,647.23,1589.7,1408.02,549.82,70
28,154,647.76,1592.13,1409.05,549.7,69
28,155,647.49,1590.07,1409.32,549.23,68
28,156,647.98,1590.26,1409.35,550.15,67
28,157,647.4,1592.14,1406.58,550.02,66
28,158,648.3,1592.79,1408.68,549.61,65
28,159,647.66,1592.59,1409.91,549.66,64
28,160,648.11,1592.54,1409.23,549.72,63
28,161,647.83,1589.96,1409.43,549.64,62
28,162,648.01,1591.78,1408.78,549.85,61
28,163,648.08,1590.67,1408.18,549.92,60
28,164,648.29,1591.53,1408.01,549.9,59
28,165,648.41,1592.12,1409.16,549.76,58
28,166,647.6,1592.68,1407.88,549.96,57
28,167,648.34,1589.45,1408.92,549.18,56
28,168,648.85,1590.83,1408.21,549.81,55
28,169,648.42,1592.14,1409.0,549.94,54
28,170,648.32,1589.7,1408.27,549.7,53
28,171,648.25,1593.2,1408.27,549.85,52
28,172,648.38,1593.29,1409.66,549.59,51
28,173,648.86,1593.26,1409.27,548.95,50
28,174,649.11,1591.53,1411.41,549.31,49
28,175,648.52,1592.82,1410.03,549.6,48
28,176,648.48,1590.6,1408.93,548.99,47
28,177,649.57,1590.84,1409.29,549.64,46
28,178,648.79,1591.42,1409.46,549.23,45
28,179,648.72,1592.67,1408.8,549.71,44
28,180,648.89,1591.57,1409.43,549.72,43
28,181,649.23,1592.63,1409.26,549.52,42
28,182,648.94,1594.5,1409.76,549.83,41
28,183,649.05,1591.23,1412.48,548.87,40
28,184,648.22,1590.05,1412.09,549.92,39
28,185,649.11,1593.13,1410.16,548.74,38
28,186,649.67,1594.27,1409.02,549.34,37
28,187,649.1,1592.49,1409.52,549.19,36
28,188,648.96,1594.09,1410.09,549.0,35
28,189,649.19,1592.71,1410.02,549.39,34
28,190,649.13,1592.27,1409.14,549.16,33
28,191,649.78,1592.87,1409.88,548.92,32
28,192,648.63,1594.5,1410.72,549.36,31
28,193,649.46,1592.19,1410.13,548.96,30
28,194,649.23,1592.73,1411.32,549.69,29
28,195,649.08,1593.09,1410.67,548.77,28
28,196,649.49,1593.78,1410.48,549.23,27
28,197,649.51,1589.99,1409.83,549.45,26
28,198,649.76,1590.07,1409.45,549.22,25
28,199,649.35,1590.32,1411.56,549.2,24
28,200,649.29,1595.13,1410.13,548.78,23
28,201,649.47,1591.43,1411.15,549.1,22
28,202,649.52,1594.62,1409.6,549.13,21
28,203,649.87,1593.01,1411.26,548.64,20
28,204,650.22,1594.54,1411.27,548.74,19
28,205,650.12,1595.42,1412.32,548.7,18
28,206,650.18,1595.72,1410.89,549.26,17
28,207,649.95,1592.89,1410.57,548.39,16
28,208,649.91,1593.99,1411.34,549.21,15
28,209,649.96,1593.93,1411.09,548.23,14
28,210,650.28,1594.13,1411.36,548.7,13
28,211,650.09,1592.81,1411.35,548.56,12
28,212,650.09,1593.23,1411.79,548.73,11
28,213,649.6,1595.65,1411.05,548.59,10
28,214,650.48,1595.87,1411.14,548.72,9
28,215,650.47,1596.17,1411.64,548.8,8
28,216,649.87,1592.91,1412.07,548.4,7
28,217,649.9,1595.56,1411.56,548.69,6
28,218,649.8,1593.77,1413.04,548.4,5
28,219,650.27,1595.21,1410.93,548.99,4
28,220,650.39,1594.71,1412.69,548.83,3
28,221,651.21,1594.54,1413.65,548.73,2
28,222,651.14,1596.31,1411.43,548.27,1
28,223,649.78,1592.79,1411.51,548.88,0
29,1,641.87,1580.83,1399.93,553.37,138
29,2,641.43,1579.88,1400.47,552.64,137
29,3,642.55,1581.37,1399.91,553.7,136
29,4,641.8,1578.82,1399.97,552.93,135
29,5,641.66,1581.29,1402.4,552.42,134
29,6,642.45,1581.81,1401.13,553.45,133
29,7,642.24,1583.15,1400.56,552.62,132
29,8,643.24,1580.43,1401.55,552.59,131
29,9,642.04,1579.46,1401.34,552.39,130
29,10,642.53,1580.31,1400.16,552.45,129
29,11,642.76,1577.63,1401.62,552.26,128
29,12,642.27,1579.58,1401.25,553.05,127
29,13,642.74,1581.95,1401.55,552.8,126
29,14,642.45,1583.44,1400.94,552.63,125
29,15,642.86,1581.11,1402.05,552.7,124
29,16,642.1,1582.25,1403.06,552.54,123
29,17,642.84,1581.4,1401.02,552.1,122
29,18,643.03,1581.74,1402.03,552.26,121
29,19,643.97,1580.95,1401.76,552.16,120
29,20,643.01,1581.85,1401.89,552.59,119
29,21,643.1,1580.5,1402.91,552.03,118
29,22,643.25,1582.47,1401.82,551.86,117
29,23,643.75,1579.13,1402.77,552.6,116
29,24,643.83,1582.26,1402.18,552.02,115
29,25,643.56,1583.49,1401.28,552.15,114
29,26,643.4,1584.25,1401.49,552.35,113
29,27,643.63,1582.8,1402.86,552.01,112
29,28,643.75,1584.4,1401.8,552.17,111
29,29,644.13,1583.73,1403.53,552.03,110
29,30,644.1,1584.6,1401.24,551.91,109
29,31,644.05,1584.49,1402.87,552.42,108
29,32,643.74,1582.02,1403.4,551.93,107
29,33,643.68,1585.66,1403.45,552.13,106
29,34,644.72,1583.25,1404.07,552.02,105
29,35,643.9,1583.82,1403.17,552.2,104
29,36,643.66,1581.84,1402.48,551.81,103
29,37,644.55,1583.5,1403.53,552.28,102
29,38,643.64,1583.99,1405.22,551.56,101
29,39,644.06,1584.89,1402.94,552.06,100
29,40,645.44,1584.46,1405.64,551.57,99
29,41,644.44,1583.33,1403.18,551.6,98
29,42,644.73,1583.1,1403.21,551.49,97
29,43,644.99,1584.84,1403.81,551.63,96
29,44,643.99,1586.74,1403.06,551.84,95
29,45,644.66,1584.19,1404.72,551.19,94
29,46,644.37,1585.22,1404.12,551.76,93
29,47,645.16,1585.06,1404.14,551.43,92
29,48,645.5,1584.07,1404.17,551.68,91
29,49,645.44,1584.56,1403.45,551.04,90
29,50,644.92,1585.77,1403.94,551.59,89
29,51,645.09,1586.31,1404.52,550.84,88
29,52,644.72,1587.07,1403.74,551.57,87
29,53,645.29,1584.61,1405.18,551.14,86
29,54,645.36,1585.65,1402.5,551.45,85
29,55,645.67,1585.42,1405.26,550.96,84
29,56,645.08,1586.41,1404.28,551.15,83
29,57,645.11,1584.69,1405.09,551.22,82
29,58,645.55,1585.99,1404.44,550.8,81
29,59,645.16,1585.73,1405.91,551.16,80
29,60,645.81,1585.05,1405.33,551.16,79
29,61,646.36,1586.65,1404.95,550.8,78
29,62,645.82,1586.55,1406.25,551.26,77
29,63,645.45,1586.86,1407.4,550.52,76
29,64,645.84,1587.9,1405.34,550.83,75
29,65,645.79,1585.83,1405.48,551.2,74
29,66,645.53,1587.54,1406.56,550.86,73
29,67,645.93,1588.14,1405.06,550.96,72
29,68,646.09,1587.51,1407.21,551.15,71
29,69,646.81,1586.56,1405.14,550.91,70
29,70,646.41,1585.28,1406.31,551.35,69
29,71,647.1,1586.92,1406.7,550.43,68
29,72,646.36,1586.89,1405.28,550.93,67
29,73,646.58,1588.52,1406.81,550.7,66
29,74,646.11,1588.34,1406.21,550.55,65
29,75,646.21,1586.39,1406.02,550.74,64
29,76,646.62,1590.45,1406.51,550.6,63
29,77,646.72,1587.14,1406.63,550.19,62
29,78,646.74,1586.42,1406.68,550.52,61
29,79,646.92,1586.92,1407.2,550.64,60
29,80,646.51,1589.93,1407.06,550.39,59
29,81,647.18,1590.8,1406.88,550.23,58
29,82,647.85,1588.76,1407.37,550.29,57
29,83,646.43,1588.71,1408.05,550.07,56
29,84,647.66,1590.1,1406.45,549.92,55
29,85,646.7,1588.8,1406.47,550.61,54
29,86,646.79,1588.33,1408.64,550.14,53
29,87,647.49,1590.07,1406.35,550.42,52
29,88,647.63,1590.41,1407.05,550.24,51
29,89,647.37,1589.84,1407.06,550.06,50
29,90,647.89,1587.53,1407.48,550.28,49
29,91,647.13,1590.43,1408.23,550.01,48
29,92,647.75,1592.01,1407.4,549.61,47
29,93,647.52,1588.98,1408.34,549.85,46
29,94,647.99,1590.63,1407.57,549.68,45
29,95,647.25,1591.65,1408.62,549.8,44
29,96,648.11,1589.17,1407.59,549.6,43
29,97,648.04,1589.88,1407.21,549.89,42
29,98,648.22,1590.55,1409.37,550.07,41
29,99,648.5,1591.77,1408.74,549.42,40
29,100,647.98,1590.32,1407.92,549.59,39
29,101,647.59,1592.11,1407.87,549.97,38
29,102,648.77,1590.23,1408.36,549.85,37
29,103,648.12,1590.3,1409.24,549.44,36
29,104,649.21,1592.05,1409.51,549.61,35
29,105,649.17,1590.59,1409.67,549.2,34
29,106,649.4,1592.58,1408.4,549.73,33
29,107,648.97,1590.63,1408.87,549.24,32
29,108,648.8,1592.03,1409.35,549.26,31
29,109,648.58,1591.06,1409.8,549.16,30
29,110,648.41,1593.01,1409.14,549.97,29
29,111,648.87,1589.96,1408.52,549.23,28
29,112,649.15,1593.02,1409.28,549.74,27
29,113,649.04,1591.97,1410.69,549.1,26
29,114,649.19,1593.25,1410.34,549.26,25
29,115,649.38,1594.79,1409.8,549.3,24
29,116,649.46,1592.37,1409.78,548.9,23
29,117,648.47,1591.43,1410.79,548.9,22
29,118,649.41,1594.69,1410.31,548.92,21
29,119,649.22,1593.47,1410.58,549.18,20
29,120,649.59,1594.32,1409.98,549.54,19
29,121,649.53,1590.56,1410.3,549.03,18
29,122,649.89,1592.64,1410.65,548.62,17
29,123,649.19,1594.41,1409.64,549.31,16
29,124,650.04,1595.05,1411.94,549.22,15
29,125,649.81,1594.41,1410.85,548.84,14
29,126,650.01,1594.32,1411.58,548.86,13
29,127,649.72,1594.14,1410.86,549.74,12
29,128,650.6,1594.0,1410.95,548.99,11
29,129,649.72,1593.57,1411.17,548.71,10
29,130,650.02,1594.66,1408.68,548.21,9
29,131,649.67,1594.66,1410.69,549.45,8
29,132,650.43,1596.78,1412.12,548.25,7
29,133,649.67,1593.93,1410.53,549.02,6
29,134,650.13,1594.9,1412.67,549.24,5
29,135,650.15,1593.13,1410.7,548.97,4
29,136,650.42,1593.8,1412.31,548.27,3
29,137,649.67,1592.57,1410.67,548.91,2
29,138,650.36,1595.05,1412.06,548.23,1
29,139,650.31,1594.74,1411.26,548.35,0
30,1,641.34,1580.92,1398.52,552.74,227
30,2,642.7,1581.13,1399.67,552.8,226
30,3,642.15,1580.82,1401.16,552.8,225
30,4,641.5,1580.46,1399.84,552.53,224
30,5,642.31,1580.08,1400.51,552.63,223
30,6,642.42,1578.82,1399.65,552.81,222
30,7,642.96,1581.41,1401.23,553.29,221
30,8,643.74,1580.58,1401.56,553.15,220
30,9,642.73,1582.73,1400.14,552.67,219
30,10,642.5,1580.45,1400.78,553.27,218
30,11,642.22,1580.37,1400.72,552.71,217
30,12,641.68,1580.1,1401.18,553.19,216
30,13,642.02,1579.48,1400.71,552.12,215
30,14,642.34,1578.85,1401.83,552.49,214
30,15,643.22,1582.34,1400.27,552.38,213
30,16,642.52,1580.94,1401.12,552.45,212
30,17,642.93,1581.45,1400.62,552.45,211
30,18,642.6,1580.22,1400.99,552.67,210
30,19,642.81,1583.39,1400.89,552.93,209
30,20,642.84,1581.05,1400.96,552.59,208
30,21,642.89,1580.25,1399.93,552.78,207
30,22,643.18,1582.36,1401.28,552.8,206
30,23,643.14,1582.48,1400.52,552.22,205
30,24,642.74,1581.58,1401.07,551.96,204
30,25,643.62,1581.34,1401.45,552.88,203
30,26,642.03,1581.12,1401.06,552.39,202
30,27,642.94,1583.54,1401.96,552.75,201
30,28,643.06,1580.19,1399.81,551.99,200
30,29,643.23,1581.97,1401.36,552.32,199
30,30,643.92,1581.01,1402.32,552.41,198
30,31,643.13,1583.48,1402.8,552.32,197
30,32,643.51,1582.57,1401.69,552.43,196
30,33,642.96,1581.83,1401.27,552.62,195
30,34,643.23,1580.71,1401.21,551.37,194
30,35,643.11,1582.38,1401.73,552.9,193
30,36,643.57,1583.04,1400.58,552.18,192
30,37,643.18,1581.52,1401.31,551.73,191
30,38,642.91,1583.58,1401.89,552.1,190
30,39,643.45,1584.0,1402.06,552.39,189
30,40,643.15,1581.92,1402.39,552.78,188
30,41,644.1,1583.43,1402.28,552.61,187
30,42,643.88,1580.05,1401.37,552.27,186
30,43,642.89,1581.79,1401.7,552.07,185
30,44,643.53,1582.59,1402.98,552.05,184
30,45,643.52,1581.38,1403.19,551.91,183
30,46,643.28,1583.32,1401.81,551.93,182
30,47,643.86,1582.74,1404.32,552.05,181
30,48,644.04,1580.87,1401.84,551.73,180
30,49,643.45,1583.77,1403.41,552.14,179
30,50,643.77,1582.58,1403.52,552.63,178
30,51,643.96,1584.53,1402.96,552.22,177
30,52,643.47,1582.88,1403.05,552.34,176
30,53,643.65,1581.09,1402.39,552.26,175
30,54,643.38,1582.19,1402.97,551.9,174
30,55,644.29,1582.19,1402.63,552.27,173
30,56,643.61,1585.51,1402.09,552.15,172
30,57,643.98,1582.43,1402.6,552.04,171
30,58,644.16,1585.21,1404.2,551.5,170
30,59,643.7,1582.37,1402.39,552.17,169
30,60,644.46,1583.35,1403.15,552.24,168
30,61,645.04,1584.38,1401.08,551.89,167
30,62,644.69,1584.4,1403.84,551.88,166
30,63,643.85,1583.14,1403.06,552.08,165
30,64,644.08,1584.81,1403.61,552.21,164
30,65,644.41,1582.23,1403.94,552.36,163
30,66,644.75,1583.45,1402.61,551.41,162
30,67,645.3,1584.07,1403.0,551.63,161
30,68,644.41,1586.41,1402.77,552.01,160
30,69,644.62,1586.05,1404.9,551.66,159
30,70,644.48,1584.75,1403.61,551.12,158
30,71,645.27,1585.03,1402.81,550.98,157
30,72,643.75,1585.72,1403.29,551.44,156
30,73,644.92,1584.25,1404.28,551.59,155
30,74,644.73,1583.05,1403.24,551.72,154
30,75,644.52,1586.45,1405.82,551.72,153
30,76,645.43,1585.93,1403.57,551.56,152
30,77,645.68,1584.51,1403.22,551.14,151
30,78,644.82,1584.0,1405.44,551.53,150
30,79,645.33,1584.91,1403.25,551.05,149
30,80,644.62,1585.75,1404.63,551.6,148
30,81,644.42,1585.4,1403.44,551.52,147
30,82,645.25,1584.06,1405.09,552.08,146
30,83,645.43,1585.34,1404.12,551.3,145
30,84,644.83,1585.9,1403.51,550.78,144
30,85,645.26,1585.69,1404.02,550.94,143
30,86,645.32,1584.55,1404.42,551.83,142
30,87,645.5,1584.16,1403.56,551.33,141
30,88,644.73,1583.46,1405.06,551.36,140
30,89,645.5,1586.25,1404.63,551.04,139
30,90,645.56,1587.84,1404.34,550.92,138
30,91,644.94,1585.03,1404.95,550.56,137
30,92,645.61,1586.91,1403.4,550.89,136
30,93,645.5,1586.03,1405.31,551.12,135
30,94,646.01,1585.88,1404.16,550.83,134
30,95,645.84,1586.37,1405.51,551.31,133
30,96,644.77,1585.03,1404.24,550.86,132
30,97,645.45,1587.67,1406.06,551.0,131
30,98,645.55,1585.69,1405.23,551.13,130
30,99,646.01,1587.56,1403.37,551.0,129
30,100,646.28,1586.14,1406.17,550.93,128
30,101,645.84,1585.37,1404.44,551.22,127
30,102,646.16,1586.83,1404.39,551.0,126
30,103,646.34,1588.96,1405.17,550.47,125
30,104,646.21,1586.6,1406.23,551.03,124
30,105,645.56,1587.07,1406.57,550.88,123
30,106,645.54,1585.16,1404.96,550.78,122
30,107,646.32,1585.79,1406.87,550.49,121
30,108,646.96,1589.27,1405.8,550.37,120
30,109,646.04,1586.8,1404.72,550.94,119
30,110,645.77,1586.48,1405.63,550.66,118
30,111,646.97,1586.76,1406.19,550.85,117
30,112,646.32,1587.98,1406.6,550.87,116
30,113,646.3,1587.6,1405.84,550.5,115
30,114,646.23,1587.89,1406.32,550.8,114
30,115,646.19,1587.6,1405.61,550.82,113
30,116,646.24,1587.95,1406.91,550.5,112
30,117,646.6,1587.84,1407.77,550.63,111
30,118,646.68,1587.89,1405.1,550.51,110
30,119,646.79,1587.41,1404.49,550.64,109
30,120,646.04,1588.16,1407.56,550.86,108
30,121,647.13,1587.39,1406.25,550.3,107
30,122,646.27,1587.02,1405.38,551.0,106
30,123,645.75,1589.84,1407.47,550.72,105
30,124,646.18,1586.37,1406.09,550.74,104
30,125,646.66,1587.08,1407.5,551.04,103
30,126,646.61,1588.53,1405.42,550.39,102
30,127,646.94,1588.89,1406.28,550.41,101
30,128,646.59,1588.2,1407.08,549.88,100
30,129,646.78,1589.02,1406.33,550.31,99
30,130,646.67,1588.09,1406.85,550.47,98
30,131,646.04,1589.52,1406.66,550.99,97
30,132,646.44,1587.76,1406.79,550.52,96
30,133,646.18,1587.87,1407.47,550.09,95
30,134,647.54,1588.39,1406.33,550.54,94
30,135,647.68,1589.5,1408.11,550.84,93
30,136,646.7,1590.19,1405.94,550.44,92
30,137,647.08,1590.62,1408.15,550.47,91
30,138,647.26,1589.81,1407.31,550.26,90
30,139,647.76,1591.14,1407.2,550.33,89
30,140,647.25,1587.4,1407.1,550.72,88
30,141,646.96,1591.94,1408.36,550.34,87
30,142,647.52,1588.37,1407.26,550.63,86
30,143,647.09,1590.81,1406.42,549.82,85
30,144,648.13,1589.59,1407.15,550.57,84
30,145,647.9,1590.77,1407.18,550.05,83
30,146,647.57,1590.57,1407.28,550.17,82
30,147,647.59,1591.34,1408.34,549.65,81
30,148,647.43,1588.75,1408.24,550.36,80
30,149,647.6,1589.61,1407.9,550.12,79
30,150,647.34,1588.54,1406.25,550.42,78
30,151,647.83,1590.5,1408.96,549.64,77
30,152,646.97,1590.59,1408.23,549.48,76
30,153,647.85,1589.72,1407.41,549.88,75
30,154,646.76,1589.56,1407.54,550.13,74
30,155,647.72,1591.1,1406.12,549.69,73
30,156,648.04,1590.03,1408.89,549.38,72
30,157,648.15,1589.7,1407.67,550.2,71
30,158,648.36,1591.77,1409.95,550.26,70
30,159,647.61,1590.77,1408.08,550.47,69
30,160,648.41,1590.44,1409.12,549.47,68
30,161,648.1,1589.61,1407.12,550.06,67
30,162,648.4,1591.35,1408.38,549.42,66
30,163,647.61,1589.7,1408.39,550.11,65
30,164,648.54,1588.96,1408.08,549.55,64
30,165,647.14,1591.68,1408.49,549.71,63
30,166,648.73,1591.17,1408.39,549.9,62
30,167,648.65,1591.49,1409.34,549.66,61
30,168,648.23,1591.34,1408.24,549.51,60
30,169,648.85,1593.68,1410.17,549.27,59
30,170,647.77,1589.9,1409.05,548.8,58
30,171,648.14,1593.09,1409.79,549.47,57
30,172,648.24,1592.15,1409.8,549.45,56
30,173,648.36,1590.85,1408.04,549.52,55
30,174,648.37,1590.09,1409.67,549.71,54
30,175,648.8,1590.74,1407.62,549.69,53
30,176,648.3,1590.66,1408.26,549.44,52
30,177,649.23,1591.19,1408.44,549.7,51
30,178,648.71,1589.32,1409.9,550.13,50
30,179,647.63,1590.45,1407.14,549.44,49
30,180,649.11,1592.13,1410.59,549.7,48
30,181,649.43,1593.46,1409.2,549.45,47
30,182,648.44,1591.86,1409.63,549.38,46
30,183,649.36,1591.8,1408.89,549.13,45
30,184,649.12,1590.58,1409.52,549.77,44
30,185,649.01,1592.24,1409.71,549.04,43
30,186,648.59,1592.17,1410.01,549.61,42
30,187,649.01,1594.09,1411.13,549.55,41
30,188,649.5,1591.34,1408.98,549.44,40
30,189,648.51,1592.25,1410.56,549.69,39
30,190,648.98,1591.89,1410.26,548.93,38
30,191,649.05,1592.72,1410.03,549.26,37
30,192,648.82,1591.93,1409.51,548.72,36
30,193,649.33,1593.94,1410.79,549.11,35
30,194,648.91,1593.83,1410.72,549.24,34
30,195,649.97,1592.97,1410.06,549.03,33
30,196,648.68,1593.86,1410.23,549.28,32
30,197,650.08,1592.66,1408.5,549.26,31
30,198,649.45,1592.32,1410.74,549.33,30
30,199,649.04,1592.91,1411.66,548.86,29
30,200,649.48,1590.18,1409.34,549.1,28
30,201,649.98,1591.77,1410.64,548.92,27
30,202,649.91,1592.01,1410.98,548.82,26
30,203,649.66,1593.62,1410.48,549.14,25
30,204,649.62,1593.44,1410.45,549.0,24
30,205,649.73,1592.48,1410.51,548.64,23
30,206,649.66,1593.02,1411.46,549.14,22
30,207,649.35,1593.8,1411.41,548.86,21
30,208,649.46,1592.56,1411.63,549.17,20
30,209,649.71,1594.85,1408.63,549.27,19
30,210,649.77,1594.17,1410.8,549.27,18
30,211,649.44,1595.84,1411.42,549.02,17
30,212,649.77,1592.56,1411.9,548.91,16
30,213,650.49,1593.97,1410.88,549.21,15
30,214,650.74,1594.28,1410.66,549.02,14
30,215,649.91,1595.05,1411.11,549.23,13
30,216,649.77,1594.98,1410.98,548.65,12
30,217,649.93,1595.35,1412.16,548.88,11
30,218,650.08,1594.7,1412.19,548.98,10
30,219,649.09,1594.27,1411.35,548.88,9
30,220,650.18,1595.53,1410.72,548.74,8
30,221,650.6,1592.96,1413.64,549.0,7
30,222,650.28,1593.81,1411.54,548.64,6
30,223,650.49,1596.67,1411.36,548.77,5
30,224,649.83,1594.44,1412.09,548.79,4
30,225,650.09,1594.47,1413.01,548.91,3
30,226,650.51,1592.38,1413.9,548.53,2
30,227,650.34,1594.51,1412.25,548.64,1
30,228,650.88,1594.09,1411.75,549.11,0
31,1,641.96,1581.26,1398.71,552.76,208
31,2,642.13,1581.39,1401.57,553.22,207
31,3,641.88,1578.1,1401.67,552.68,206
31,4,642.22,1580.15,1400.17,552.56,205
31,5,642.92,1579.31,1400.41,552.76,204
31,6,642.49,1580.19,1400.09,553.2,203
31,7,642.16,1582.2,1399.42,552.77,202
31,8,641.98,1580.62,1399.36,553.01,201
31,9,642.65,1582.46,1401.19,553.06,200
31,10,642.68,1580.47,1401.87,552.95,199
31,11,643.44,1582.9,1400.91,552.88,198
31,12,642.82,1582.77,1399.46,553.14,197
31,13,642.68,1582.24,1400.17,552.49,196
31,14,642.71,1582.19,1399.82,552.58,195
31,15,642.13,1581.59,1402.46,552.58,194
31,16,642.96,1581.31,1401.21,552.48,193
31,17,642.95,1580.99,1402.41,552.48,192
31,18,643.12,1583.68,1401.98,552.34,191
31,19,642.37,1581.93,1401.14,552.75,190
31,20,643.29,1581.56,1400.65,552.63,189
31,21,643.46,1581.57,1402.93,552.81,188
31,22,643.21,1580.95,1401.16,552.68,187
31,23,642.92,1583.19,1401.49,552.33,186
31,24,643.12,1581.36,1401.96,552.34,185
31,25,643.78,1580.09,1401.22,552.53,184
31,26,642.89,1579.26,1403.09,552.69,183
31,27,642.64,1580.75,1400.46,552.41,182
31,28,643.77,1581.81,1401.32,552.72,181
31,29,643.35,1582.16,1402.34,551.88,180
31,30,643.45,1583.85,1400.82,552.27,179
31,31,642.52,1581.86,1401.35,552.88,178
31,32,643.16,1582.81,1403.0,551.69,177
31,33,643.44,1581.2,1401.11,552.06,176
31,34,643.23,1581.36,1401.7,552.59,175
31,35,643.66,1585.93,1402.24,552.46,174
31,36,644.01,1581.32,1403.13,551.96,173
31,37,643.72,1583.91,1400.65,552.11,172
31,38,643.54,1581.48,1402.49,552.71,171
31,39,643.22,1584.32,1402.67,551.77,170
31,40,643.48,1583.28,1403.61,552.39,169
31,41,643.41,1583.52,1400.15,552.4,168
31,42,643.42,1581.85,1402.2,551.74,167
31,43,643.69,1584.45,1400.93,552.07,166
31,44,643.75,1583.88,1402.42,552.35,165
31,45,644.4,1584.58,1402.04,552.63,164
31,46,643.43,1584.27,1403.61,552.65,163
31,47,644.34,1582.58,1403.48,551.97,162
31,48,644.42,1583.8,1403.95,551.99,161
31,49,644.39,1582.9,1403.81,551.32,160
31,50,644.34,1584.15,1403.04,551.29,159
31,51,643.9,1585.23,1402.31,551.48,158
31,52,643.71,1585.29,1403.41,552.33,157
31,53,644.46,1582.89,1404.56,551.7,156
31,54,643.89,1584.31,1403.48,552.11,155
31,55,644.13,1585.77,1402.69,551.51,154
31,56,643.52,1583.87,1403.93,552.03,153
31,57,644.47,1583.64,1404.31,551.81,152
31,58,644.54,1582.87,1401.88,552.02,151
31,59,645.43,1584.88,1404.12,552.0,150
31,60,644.49,1582.56,1404.07,552.18,149
31,61,644.72,1584.25,1403.9,551.69,148
31,62,645.08,1584.87,1404.21,552.03,147
31,63,644.89,1584.78,1402.49,551.81,146
31,64,645.01,1582.85,1404.09,551.66,145
31,65,643.78,1585.25,1404.92,551.64,144
31,66,643.89,1585.35,1404.75,551.35,143
31,67,644.67,1584.55,1404.0,551.47,142
31,68,645.33,1586.62,1403.48,551.96,141
31,69,644.17,1584.13,1404.52,551.56,140
31,70,644.93,1585.63,1403.69,551.89,139
31,71,645.19,1585.13,1404.88,551.63,138
31,72,644.86,1584.98,1403.27,551.29,137
31,73,644.92,1585.5,1403.52,551.46,136
31,74,644.82,1584.62,1404.72,551.48,135
31,75,645.03,1586.16,1403.34,551.05,134
31,76,644.96,1585.4,1404.98,551.18,133
31,77,644.89,1586.91,1403.55,551.65,132
31,78,645.18,1584.74,1403.6,551.26,131
31,79,645.47,1585.73,1405.27,551.57,130
31,80,645.58,1586.84,1404.17,551.51,129
31,81,646.15,1587.06,1404.34,551.08,128
31,82,645.38,1586.89,1404.85,550.9,127
31,83,645.68,1587.16,1404.06,551.5,126
31,84,645.46,1586.69,1405.23,551.28,125
31,85,645.3,1586.78,1404.92,551.27,124
31,86,645.39,1586.73,1404.94,550.85,123
31,87,645.75,1587.62,1405.32,551.08,122
31,88,645.74,1585.61,1405.69,551.37,121
31,89,645.61,1586.64,1404.31,551.26,120
31,90,645.58,1583.52,1405.27,551.03,119
31,91,645.3,1587.81,1404.89,550.83,118
31,92,646.19,1587.2,1404.52,551.02,117
31,93,645.48,1585.28,1404.29,551.21,116
31,94,645.51,1585.68,1405.23,551.75,115
31,95,646.06,1587.92,1404.71,551.09,114
31,96,645.91,1586.16,1405.35,550.75,113
31,97,646.01,1586.82,1405.07,550.84,112
31,98,646.34,1585.76,1405.2,550.99,111
31,99,645.79,1588.72,1406.61,551.23,110
31,100,646.33,1588.45,1405.76,550.68,109
31,101,645.9,1585.48,1405.52,550.74,108
31,102,646.08,1590.45,1405.28,550.74,107
31,103,647.05,1586.67,1405.09,550.73,106
31,104,645.95,1588.87,1406.09,550.43,105
31,105,646.4,1587.87,1404.93,550.87,104
31,106,646.51,1586.09,1405.12,550.61,103
31,107,646.1,1588.5,1405.8,550.64,102
31,108,645.97,1588.99,1405.59,550.37,101
31,109,646.45,1589.22,1406.62,550.48,100
31,110,646.31,1586.38,1407.86,551.1,99
31,111,646.63,1588.06,1405.47,550.57,98
31,112,646.91,1589.02,1406.07,550.83,97
31,113,647.06,1588.26,1407.27,551.06,96
31,114,647.4,1587.57,1406.9,550.76,95
31,115,646.67,1589.86,1406.65,550.48,94
31,116,646.19,1586.41,1406.38,549.63,93
31,117,647.26,1589.58,1407.27,550.81,92
31,118,646.69,1588.85,1406.48,550.79,91
31,119,645.82,1589.99,1405.38,550.38,90
31,120,646.46,1588.56,1406.45,550.3,89
31,121,647.14,1589.07,1407.75,550.52,88
31,122,646.33,1591.69,1405.42,550.47,87
31,123,647.3,1589.3,1406.9,550.8,86
31,124,647.49,1588.99,1406.76,550.08,85
31,125,646.79,1589.02,1405.85,550.31,84
31,126,647.45,1588.49,1407.22,550.38,83
31,127,647.36,1589.0,1408.7,550.27,82
31,128,646.67,1588.85,1408.39,550.61,81
31,129,646.56,1589.02,1406.98,550.46,80
31,130,646.83,1591.33,1406.29,550.16,79
31,131,646.85,1590.32,1405.88,550.13,78
31,132,647.29,1588.52,1408.55,550.67,77
31,133,647.25,1589.83,1407.14,549.76,76
31,134,647.0,1588.44,1408.69,550.24,75
31,135,647.11,1588.78,1406.95,549.53,74
31,136,647.74,1589.74,1409.18,549.45,73
31,137,647.91,1591.09,1408.72,550.12,72
31,138,647.98,1590.4,1407.32,549.91,71
31,139,647.48,1591.51,1409.0,550.25,70
31,140,647.72,1587.71,1408.7,550.22,69
31,141,647.85,1590.83,1407.45,549.86,68
31,142,647.45,1590.14,1408.85,550.07,67
31,143,647.4,1592.6,1408.35,549.72,66
31,144,647.74,1589.81,1408.45,549.5,65
31,145,648.01,1591.55,1408.85,549.96,64
31,146,648.17,1591.09,1409.22,549.78,63
31,147,647.61,1591.13,1409.31,549.72,62
31,148,648.66,1591.22,1409.24,549.46,61
31,149,648.38,1591.4,1410.24,549.95,60
31,150,648.36,1589.93,1408.87,550.11,59
31,151,648.0,1590.13,1410.28,549.67,58
31,152,648.54,1590.48,1408.38,549.69,57
31,153,648.45,1592.53,1408.34,550.04,56
31,154,648.32,1590.99,1409.29,550.11,55
31,155,648.51,1590.4,1409.02,549.83,54
31,156,648.11,1591.68,1408.38,549.83,53
31,157,648.97,1591.32,1409.61,549.93,52
31,158,648.25,1592.0,1409.98,550.09,51
31,159,648.36,1590.21,1409.6,549.65,50
31,160,648.52,1591.01,1409.89,549.38,49
31,161,648.28,1591.55,1409.99,549.13,48
31,162,648.18,1590.8,1410.89,549.6,47
31,163,648.21,1591.7,1409.98,550.09,46
31,164,648.05,1590.64,1409.15,549.38,45
31,165,648.58,1591.87,1411.1,549.07,44
31,166,648.82,1592.75,1408.37,549.86,43
31,167,648.73,1590.85,1410.83,549.61,42
31,168,648.62,1593.09,1409.96,548.92,41
31,169,648.3,1592.7,1408.29,549.66,40
31,170,648.36,1593.47,1410.9,549.49,39
31,171,647.48,1593.78,1409.47,549.3,38
31,172,648.7,1594.53,1410.02,549.17,37
31,173,649.57,1593.64,1409.03,549.38,36
31,174,649.16,1590.89,1410.65,549.24,35
31,175,649.98,1594.42,1410.23,549.21,34
31,176,648.34,1593.81,1410.05,549.07,33
31,177,649.21,1594.74,1411.25,549.6,32
31,178,648.82,1594.84,1409.83,549.39,31
31,179,649.53,1592.85,1410.45,548.65,30
31,180,649.34,1592.81,1412.09,549.13,29
31,181,649.08,1593.3,1409.85,548.68,28
31,182,649.57,1593.25,1411.24,549.52,27
31,183,650.2,1593.58,1411.06,549.14,26
31,184,648.56,1594.87,1411.0,549.21,25
31,185,649.32,1592.68,1410.57,549.18,24
31,186,648.78,1593.77,1412.03,548.96,23
31,187,648.81,1593.37,1410.97,549.09,22
31,188,649.71,1596.0,1410.91,549.01,21
31,189,649.46,1594.88,1412.21,548.74,20
31,190,649.68,1591.03,1410.24,549.5,19
31,191,649.65,1594.16,1410.38,549.02,18
31,192,649.74,1594.46,1411.11,549.3,17
31,193,649.92,1593.04,1410.57,548.28,16
31,194,649.94,1594.03,1412.35,548.47,15
31,195,649.65,1593.36,1410.99,548.42,14
31,196,649.86,1594.28,1411.29,549.16,13
31,197,650.0,1594.26,1412.23,548.76,12
31,198,649.57,1593.11,1410.51,548.37,11
31,199,650.89,1593.19,1411.39,548.73,10
31,200,650.06,1593.61,1411.85,548.24,9
31,201,649.75,1595.96,1410.66,549.06,8
31,202,650.77,1596.37,1412.27,548.24,7
31,203,649.64,1593.42,1410.89,548.24,6
31,204,650.02,1595.76,1412.23,548.7,5
31,205,650.25,1594.83,1412.01,548.44,4
31,206,650.77,1593.4,1411.21,548.29,3
31,207,650.6,1593.61,1411.15,548.67,2
31,208,650.11,1596.13,1412.59,548.36,1
31,209,650.55,1597.67,1412.7,548.65,0
32,1,642.08,1578.86,1398.98,553.48,172
32,2,642.45,1579.45,1400.01,552.85,171
32,3,641.7,1579.61,1400.84,552.75,170
32,4,642.38,1579.68,1399.33,553.25,169
32,5,641.39,1582.58,1401.15,552.92,168
32,6,642.12,1580.09,1400.58,552.9,167
32,7,641.96,1580.7,1400.69,552.73,166
32,8,643.29,1580.54,1399.14,552.49,165
32,9,642.72,1579.92,1399.83,553.18,164
32,10,642.56,1580.16,1398.48,552.93,163
32,11,642.55,1582.53,1399.89,552.6,162
32,12,642.71,1582.56,1401.04,552.48,161
32,13,643.16,1580.77,1401.05,552.89,160
32,14,643.31,1581.67,1403.04,552.61,159
32,15,642.85,1580.58,1401.3,552.7,158
32,16,643.2,1581.94,1400.69,552.66,157
32,17,642.57,1582.15,1400.73,552.14,156
32,18,642.43,1580.17,1400.83,552.28,155
32,19,642.92,1581.2,1401.73,552.62,154
32,20,642.85,1583.25,1400.65,552.78,153
32,21,643.09,1581.37,1402.36,552.62,152
32,22,642.65,1582.37,1401.82,552.73,151
32,23,643.36,1582.81,1401.24,552.34,150
32,24,643.08,1580.19,1402.69,552.04,149
32,25,643.34,1581.8,1401.54,552.55,148
32,26,642.97,1582.83,1402.18,552.09,147
32,27,643.69,1584.01,1403.49,552.22,146
32,28,643.45,1582.76,1402.47,552.8,145
32,29,643.62,1583.16,1401.14,552.86,144
32,30,643.28,1579.44,1400.26,552.32,143
32,31,643.01,1582.79,1400.95,552.29,142
32,32,643.8,1583.02,1401.66,552.43,141
32,33,643.46,1582.67,1401.88,552.06,140
32,34,644.42,1582.98,1401.34,551.83,139
32,35,643.61,1582.12,1403.19,551.66,138
32,36,643.72,1584.38,1401.99,552.2,137
32,37,643.8,1583.21,1402.98,551.48,136
32,38,644.35,1581.06,1403.54,552.14,135
32,39,644.11,1585.36,1403.65,552.23,134
32,40,643.85,1583.08,1403.45,552.1,133
32,41,644.13,1583.53,1402.52,551.52,132
32,42,644.32,1583.47,1402.72,551.36,131
32,43,644.15,1582.14,1402.63,552.12,130
32,44,644.19,1583.74,1402.47,551.69,129
32,45,644.85,1584.89,1402.75,551.8,128
32,46,644.36,1584.57,1403.17,551.27,127
32,47,644.3,1584.02,1404.91,552.58,126
32,48,644.62,1583.4,1403.87,551.24,125
32,49,644.19,1582.35,1403.84,551.36,124
32,50,644.34,1584.34,1403.45,551.56,123
32,51,644.64,1582.98,1404.93,551.36,122
32,52,644.57,1585.32,1404.15,551.88,121
32,53,643.97,1583.56,1403.78,551.77,120
32,54,645.16,1584.13,1403.02,551.43,119
32,55,645.61,1586.63,1403.68,551.95,118
32,56,644.52,1586.07,1402.78,551.65,117
32,57,645.21,1584.62,1404.44,551.35,116
32,58,644.97,1584.52,1404.68,551.11,115
32,59,644.49,1586.75,1402.12,551.27,114
32,60,644.89,1585.7,1403.78,551.1,113
32,61,645.49,1586.62,1403.93,550.88,112
32,62,645.17,1585.67,1403.77,550.8,111
32,63,644.99,1586.46,1405.1,551.35,110
32,64,644.9,1586.5,1403.53,550.93,109
32,65,645.16,1587.57,1405.78,550.91,108
32,66,645.07,1588.72,1404.03,551.77,107
32,67,645.68,1587.32,1404.29,551.13,106
32,68,644.98,1586.93,1403.41,551.18,105
32,69,646.04,1586.78,1405.59,550.71,104
32,70,645.04,1587.57,1404.96,550.87,103
32,71,645.74,1585.6,1406.95,551.33,102
32,72,645.17,1587.38,1406.29,551.13,101
32,73,645.28,1586.47,1404.57,551.02,100
32,74,645.08,1587.55,1404.21,551.26,99
32,75,645.56,1586.86,1404.82,551.11,98
32,76,645.91,1586.26,1403.89,551.12,97
32,77,645.94,1585.05,1404.56,550.89,96
32,78,644.91,1587.7,1405.02,551.06,95
32,79,645.46,1589.36,1404.34,550.8,94
32,80,646.41,1585.65,1405.62,551.11,93
32,81,645.38,1586.31,1405.77,551.03,92
32,82,645.7,1589.41,1406.07,551.1,91
32,83,646.37,1585.42,1405.67,550.84,90
32,84,646.03,1587.63,1404.14,550.85,89
32,85,646.05,1584.93,1406.23,550.43,88
32,86,646.07,1587.25,1404.49,550.24,87
32,87,646.49,1586.92,1405.72,550.76,86
32,88,645.62,1587.24,1406.02,551.24,85
32,89,646.0,1588.77,1406.17,550.34,84
32,90,646.17,1588.95,1406.86,550.5,83
32,91,646.61,1586.75,1406.17,550.5,82
32,92,646.89,1588.64,1405.84,550.43,81
32,93,646.56,1587.98,1406.23,550.48,80
32,94,647.17,1587.72,1406.76,551.28,79
32,95,646.33,1588.58,1406.79,550.53,78
32,96,646.73,1587.38,1406.95,549.95,77
32,97,647.49,1590.58,1406.46,550.79,76
32,98,646.7,1588.62,1406.25,550.7,75
32,99,646.63,1589.64,1406.83,550.42,74
32,100,646.32,1588.86,1406.02,550.42,73
32,101,647.74,1587.21,1406.89,550.18,72
32,102,646.6,1588.01,1408.25,550.87,71
32,103,646.64,1589.53,1406.41,550.12,70
32,104,646.29,1591.7,1408.09,550.1,69
32,105,647.27,1588.75,1408.04,550.17,68
32,106,647.13,1588.52,1407.84,550.91,67
32,107,647.14,1589.05,1407.4,550.29,66
32,108,647.19,1589.02,1407.56,549.67,65
32,109,647.14,1587.18,1407.17,549.88,64
32,110,647.66,1588.78,1407.34,549.49,63
32,111,647.86,1588.45,1407.31,550.35,62
32,112,647.82,1588.51,1408.19,549.74,61
32,113,647.64,1588.99,1407.03,550.07,60
32,114,647.31,1592.44,1407.41,549.68,59
32,115,647.29,1590.08,1408.07,550.1,58
32,116,648.06,1588.19,1408.81,549.71,57
32,117,647.91,1592.35,1407.48,549.7,56
32,118,647.39,1589.96,1409.2,549.6,55
32,119,647.65,1591.63,1408.75,549.75,54
32,120,647.81,1591.64,1409.59,550.39,53
32,121,648.5,1589.83,1409.85,549.63,52
32,122,647.33,1590.85,1409.64,550.03,51
32,123,648.01,1591.16,1408.96,549.84,50
32,124,647.97,1590.01,1408.69,549.74,49
32,125,648.14,1592.24,1408.47,549.69,48
32,126,648.27,1594.22,1407.87,550.05,47
32,127,648.12,1591.09,1407.76,550.26,46
32,128,648.38,1592.04,1407.68,549.48,45
32,129,648.5,1591.14,1409.31,550.28,44
32,130,648.59,1590.88,1408.5,549.39,43
32,131,648.27,1591.05,1409.18,549.75,42
32,132,648.66,1591.76,1409.32,550.33,41
32,133,648.25,1591.64,1407.8,549.43,40
32,134,648.22,1590.9,1408.35,549.11,39
32,135,648.68,1592.71,1408.75,548.88,38
32,136,648.73,1592.51,1409.97,549.16,37
32,137,648.49,1590.71,1408.91,549.2,36
32,138,648.58,1591.82,1409.66,549.16,35
32,139,648.77,1591.12,1408.24,549.55,34
32,140,648.61,1590.22,1410.16,549.28,33
32,141,649.11,1592.89,1408.9,549.61,32
32,142,648.24,1592.0,1409.48,549.07,31
32,143,649.52,1592.93,1408.79,548.9,30
32,144,649.94,1592.08,1409.35,549.6,29
32,145,648.41,1594.4,1409.42,549.38,28
32,146,648.98,1590.94,1410.27,549.49,27
32,147,648.28,1591.53,1411.19,549.3,26
32,148,649.46,1594.12,1410.64,549.19,25
32,149,649.77,1592.62,1410.32,549.37,24
32,150,649.06,1594.89,1410.64,548.75,23
32,151,649.34,1591.6,1410.54,548.96,22
32,152,649.12,1591.22,1409.91,548.99,21
32,153,649.37,1591.74,1410.63,548.72,20
32,154,649.94,1594.81,1410.48,549.47,19
32,155,649.56,1592.06,1411.7,549.45,18
32,156,650.06,1592.79,1409.83,548.84,17
32,157,650.7,1592.38,1411.55,548.89,16
32,158,650.14,1592.37,1410.76,548.62,15
32,159,649.48,1594.85,1410.13,548.95,14
32,160,649.88,1592.91,1410.51,548.94,13
32,161,649.9,1594.19,1410.98,548.72,12
32,162,649.95,1595.96,1411.66,548.75,11
32,163,649.58,1593.82,1410.57,548.52,10
32,164,649.31,1594.4,1413.03,548.79,9
32,165,650.4,1595.65,1411.22,548.64,8
32,166,649.6,1594.82,1411.56,548.43,7
32,167,650.66,1593.74,1413.86,548.78,6
32,168,650.25,1597.09,1409.83,548.54,5
32,169,650.13,1594.63,1411.9,548.54,4
32,170,650.91,1595.46,1412.18,548.72,3
32,171,649.89,1595.27,1412.05,548.21,2
32,172,650.81,1592.67,1413.95,548.51,1
32,173,650.16,1595.94,1412.5,549.11,0
33,1,641.81,1580.84,1401.12,552.94,215
33,2,641.8,1578.9,1398.77,552.82,214
33,3,642.02,1580.19,1400.6,552.8,213
33,4,642.88,1578.92,1400.77,552.55,212
33,5,641.86,1580.69,1401.11,552.81,211
33,6,642.27,1581.94,1399.36,553.11,210
33,7,642.0,1580.78,1400.82,552.5,209
33,8,642.02,1581.36,1400.24,552.62,208
33,9,642.43,1579.34,1399.55,552.1,207
33,10,642.54,1580.74,1400.99,553.16,206
33,11,642.34,1580.69,1400.89,552.6,205
33,12,641.89,1579.46,1400.63,553.05,204
33,13,643.14,1580.57,1400.86,553.29,203
33,14,642.76,1581.15,1400.95,552.88,202
33,15,642.1,1581.97,1401.18,553.01,201
33,16,642.83,1582.35,1400.15,552.49,200
33,17,642.73,1580.29,1401.63,552.22,199
33,18,642.64,1580.59,1400.41,552.21,198
33,19,642.76,1581.24,1402.58,553.35,197
33,20,642.36,1579.12,1400.15,552.56,196
33,21,643.28,1580.9,1401.63,552.32,195
33,22,642.67,1581.75,1401.21,552.53,194
33,23,642.47,1583.09,1402.25,552.89,193
33,24,642.67,1581.83,1400.91,552.21,192
33,25,643.1,1579.21,1402.07,552.13,191
33,26,642.9,1579.11,1402.89,552.66,190
33,27,643.1,1581.07,1400.65,552.38,189
33,28,643.22,1581.69,1401.98,552.97,188
33,29,642.71,1582.32,1403.0,552.3,187
33,30,643.12,1582.66,1402.21,552.69,186
33,31,643.26,1581.23,1402.17,552.06,185
33,32,643.39,1582.34,1401.82,552.31,184
33,33,643.7,1583.06,1402.39,552.17,183
33,34,642.68,1581.92,1402.24,552.3,182
33,35,643.2,1582.73,1401.73,552.29,181
33,36,642.62,1583.45,1402.49,552.88,180
33,37,643.17,1582.0,1402.19,552.22,179
33,38,644.13,1582.18,1401.99,552.04,178
33,39,644.14,1583.33,1403.42,553.06,177
33,40,643.27,1584.11,1402.02,551.96,176
33,41,643.03,1585.44,1403.08,552.08,175
33,42,643.9,1580.78,1402.26,551.9,174
33,43,644.27,1584.84,1403.1,552.39,173
33,44,643.47,1583.96,1401.34,551.63,172
33,45,643.73,1583.8,1402.98,551.69,171
33,46,643.19,1582.7,1401.85,552.23,170
33,47,643.44,1585.64,1402.9,551.98,169
33,48,643.43,1581.79,1402.41,551.83,168
33,49,643.24,1585.09,1401.84,552.08,167
33,50,644.14,1581.58,1402.47,551.54,166
33,51,644.17,1583.66,1402.77,551.69,165
33,52,644.52,1583.21,1401.71,551.63,164
33,53,643.28,1582.94,1402.22,552.1,163
33,54,644.35,1584.06,1403.76,551.52,162
33,55,644.29,1582.14,1402.67,551.96,161
33,56,643.99,1585.9,1402.83,552.07,160
33,57,644.14,1584.17,1402.87,551.87,159
33,58,644.97,1585.93,1402.83,551.72,158
33,59,644.34,1584.92,1404.76,552.16,157
33,60,644.25,1584.71,1403.51,551.57,156
33,61,644.81,1581.28,1404.19,551.85,155
33,62,643.72,1583.11,1401.79,552.22,154
33,63,644.08,1585.53,1404.26,551.65,153
33,64,644.25,1585.12,1403.73,551.95,152
33,65,644.09,1585.8,1404.69,551.57,151
33,66,644.21,1584.06,1403.15,551.57,150
33,67,644.34,1585.26,1404.23,551.5,149
33,68,643.89,1585.32,1402.6,551.66,148
33,69,644.74,1584.46,1404.35,551.67,147
33,70,644.91,1585.91,1403.56,551.41,146
33,71,645.22,1585.77,1403.57,550.92,145
33,72,644.99,1585.65,1403.03,551.25,144
33,73,644.71,1585.68,1406.04,551.81,143
33,74,644.31,1584.68,1404.04,551.61,142
33,75,644.63,1585.98,1403.76,551.61,141
33,76,645.02,1587.8,1405.01,551.81,140
33,77,644.61,1584.78,1404.54,551.03,139
33,78,645.49,1585.65,1405.21,551.52,138
33,79,645.13,1585.41,1403.77,551.11,137
33,80,645.5,1586.43,1405.43,551.17,136
33,81,645.64,1585.49,1404.96,551.7,135
33,82,646.06,1587.06,1404.72,551.46,134
33,83,645.77,1586.69,1404.29,551.46,133
33,84,645.83,1588.09,1404.72,550.91,132
33,85,644.63,1586.94,1403.5,551.33,131
33,86,645.82,1585.86,1403.58,550.83,130
33,87,645.06,1585.97,1405.8,551.19,129
33,88,646.32,1587.44,1405.13,551.15,128
33,89,645.3,1586.44,1405.38,551.24,127
33,90,645.34,1585.1,1406.49,551.32,126
33,91,645.72,1587.01,1405.94,550.96,125
33,92,645.57,1585.57,1405.11,550.88,124
33,93,645.26,1584.6,1406.49,550.96,123
33,94,645.89,1586.73,1405.62,550.44,122
33,95,645.55,1588.08,1406.83,550.91,121
33,96,645.68,1588.04,1405.69,551.01,120
33,97,645.79,1586.14,1404.9,551.02,119
33,98,645.98,1587.34,1404.9,551.36,118
33,99,645.25,1587.6,1405.07,550.68,117
33,100,645.81,1585.13,1405.84,551.4,116
33,101,645.72,1589.93,1404.92,550.77,115
33,102,646.56,1585.74,1405.49,551.39,114
33,103,645.58,1587.96,1406.13,550.28,113
33,104,645.85,1590.18,1405.96,550.95,112
33,105,646.23,1589.84,1405.05,550.61,111
33,106,646.13,1588.13,1406.01,550.85,110
33,107,645.99,1588.26,1404.43,550.61,109
33,108,645.92,1586.28,1404.58,550.82,108
33,109,646.46,1588.19,1406.81,551.06,107
33,110,645.51,1588.5,1406.26,550.76,106
33,111,646.32,1587.15,1406.59,550.39,105
33,112,646.85,1587.28,1404.59,550.7,104
33,113,645.98,1586.51,1406.82,550.93,103
33,114,646.44,1585.61,1406.76,550.53,102
33,115,647.08,1590.45,1405.19,551.35,101
33,116,645.94,1587.52,1407.27,550.37,100
33,117,646.28,1586.19,1405.43,550.32,99
33,118,646.95,1590.32,1405.95,550.42,98
33,119,646.29,1586.54,1405.39,550.14,97
33,120,646.7,1587.69,1406.36,550.62,96
33,121,646.72,1587.12,1407.49,549.87,95
33,122,646.49,1590.65,1407.05,549.92,94
33,123,646.21,1588.25,1406.44,550.65,93
33,124,647.33,1588.11,1406.8,550.11,92
33,125,646.86,1587.57,1406.96,550.21,91
33,126,647.21,1590.13,1408.04,550.39,90
33,127,647.24,1588.34,1406.38,549.94,89
33,128,647.18,1586.55,1407.81,550.23,88
33,129,646.96,1589.89,1405.7,550.25,87
33,130,647.75,1588.81,1406.16,550.19,86
33,131,647.68,1588.3,1406.05,550.13,85
33,132,646.63,1586.58,1407.94,550.56,84
33,133,647.4,1590.43,1407.06,550.63,83
33,134,647.02,1589.43,1406.77,549.79,82
33,135,647.06,1592.18,1408.73,550.42,81
33,136,647.18,1589.03,1408.93,550.17,80
33,137,647.71,1588.98,1407.37,550.38,79
33,138,647.14,1590.13,1407.11,550.28,78
33,139,647.18,1591.88,1407.67,550.34,77
33,140,647.5,1589.25,1408.24,550.43,76
33,141,646.97,1590.08,1407.75,550.13,75
33,142,648.13,1590.97,1408.81,550.12,74
33,143,647.45,1587.15,1409.08,549.27,73
33,144,648.3,1591.02,1409.57,550.08,72
33,145,647.91,1589.98,1408.12,549.76,71
33,146,647.7,1589.26,1408.15,549.95,70
33,147,647.78,1590.24,1407.67,550.11,69
33,148,647.95,1590.75,1407.47,550.12,68
33,149,647.56,1589.86,1408.35,550.24,67
33,150,647.42,1589.37,1406.76,550.03,66
33,151,647.81,1591.14,1408.66,550.09,65
33,152,647.98,1589.85,1408.63,549.96,64
33,153,647.88,1590.88,1407.42,549.43,63
33,154,647.4,1591.18,1409.15,549.36,62
33,155,648.16,1591.44,1408.29,550.25,61
33,156,647.56,1590.52,1406.34,549.85,60
33,157,647.89,1588.68,1409.2,549.68,59
33,158,648.09,1592.47,1408.15,549.9,58
33,159,648.57,1590.51,1408.84,550.19,57
33,160,647.89,1591.93,1408.94,550.05,56
33,161,648.32,1592.15,1407.66,549.0,55
33,162,647.96,1590.87,1408.72,549.95,54
33,163,648.26,1591.5,1409.17,549.41,53
33,164,648.45,1592.8,1409.35,549.76,52
33,165,648.63,1593.59,1408.32,550.31,51
33,166,648.93,1593.1,1410.27,549.85,50
33,167,648.06,1590.39,1409.84,549.69,49
33,168,648.97,1591.88,1408.28,549.47,48
33,169,648.95,1591.59,1409.39,549.49,47
33,170,648.48,1590.99,1411.13,549.93,46
33,171,649.16,1592.53,1408.7,549.7,45
33,172,649.21,1591.69,1408.7,549.54,44
33,173,649.24,1591.41,1410.03,549.12,43
33,174,648.39,1592.49,1409.02,549.5,42
33,175,648.24,1591.29,1410.55,549.56,41
33,176,649.09,1591.85,1409.79,549.27,40
33,177,649.9,1592.84,1409.22,549.29,39
33,178,648.33,1590.24,1411.06,549.37,38
33,179,648.86,1592.56,1409.86,549.29,37
33,180,649.54,1593.31,1409.67,548.73,36
33,181,648.72,1593.65,1411.31,548.97,35
33,182,648.75,1592.29,1411.54,549.25,34
33,183,648.9,1592.44,1409.74,549.4,33
33,184,650.02,1593.11,1411.1,548.76,32
33,185,650.22,1591.41,1411.25,549.25,31
33,186,648.82,1594.09,1410.31,548.85,30
33,187,649.36,1591.18,1410.0,548.81,29
33,188,649.33,1591.15,1409.01,548.83,28
33,189,649.42,1592.13,1410.87,549.27,27
33,190,649.14,1595.04,1410.31,549.59,26
33,191,649.41,1592.09,1411.59,548.71,25
33,192,650.01,1593.66,1410.22,548.77,24
33,193,649.56,1594.4,1410.69,549.42,23
33,194,649.16,1593.54,1411.66,548.6,22
33,195,650.09,1593.75,1410.92,548.84,21
33,196,649.23,1593.7,1410.44,549.37,20
33,197,649.96,1593.9,1412.0,548.88,19
33,198,650.07,1595.33,1410.78,549.01,18
33,199,649.66,1595.38,1411.03,549.27,17
33,200,649.95,1597.13,1410.55,549.09,16
33,201,649.89,1593.87,1409.65,548.83,15
33,202,649.56,1593.84,1410.47,548.55,14
33,203,649.56,1593.01,1410.0,548.88,13
33,204,650.04,1595.2,1411.02,548.55,12
33,205,650.03,1595.27,1411.63,548.73,11
33,206,650.37,1594.5,1410.97,548.98,10
33,207,649.65,1592.86,1411.48,548.71,9
33,208,650.28,1594.24,1412.64,548.22,8
33,209,650.28,1595.62,1412.72,549.05,7
33,210,649.83,1595.21,1411.5,548.62,6
33,211,650.76,1597.13,1411.93,548.01,5
33,212,649.68,1594.86,1412.58,548.35,4
33,213,650.31,1596.93,1411.52,549.09,3
33,214,650.25,1596.14,1411.95,548.77,2
33,215,651.26,1595.63,1412.95,548.25,1
33,216,650.13,1593.24,1411.16,548.96,0
34,1,642.53,1579.73,1400.2,552.74,126
34,2,641.37,1581.72,1401.26,552.82,125
34,3,642.47,1579.89,1400.51,553.12,124
34,4,642.49,1582.09,1400.79,552.87,123
34,5,642.03,1580.02,1401.12,552.37,122
34,6,642.84,1580.38,1399.91,552.46,121
34,7,642.74,1580.82,1401.93,552.37,120
34,8,642.3,1580.85,1400.15,552.72,119
34,9,642.73,1581.66,1402.06,552.29,118
34,10,642.8,1580.42,1401.29,552.78,117
34,11,642.34,1580.24,1401.45,552.62,116
34,12,642.72,1582.23,1401.72,552.42,115
34,13,642.53,1580.04,1401.26,552.11,114
34,14,642.98,1583.14,1401.04,552.34,113
34,15,643.8,1583.61,1400.81,552.51,112
34,16,643.2,1582.16,1402.96,552.46,111
34,17,643.23,1582.86,1402.56,552.68,110
34,18,643.42,1580.28,1401.31,552.61,109
34,19,643.37,1583.27,1403.31,551.97,108
34,20,643.79,1582.0,1402.64,552.28,107
34,21,644.26,1582.67,1401.47,552.38,106
34,22,643.6,1584.0,1402.44,552.96,105
34,23,643.49,1582.63,1401.69,552.21,104
34,24,643.7,1583.21,1402.32,551.97,103
34,25,643.32,1582.54,1403.28,552.52,102
34,26,643.71,1581.98,1402.39,552.71,101
34,27,644.21,1583.89,1403.32,552.51,100
34,28,643.41,1582.88,1402.22,552.18,99
34,29,644.0,1584.38,1402.33,552.38,98
34,30,643.98,1584.42,1403.79,552.27,97
34,31,644.22,1584.69,1404.32,552.06,96
34,32,643.85,1584.53,1402.99,551.16,95
34,33,644.39,1584.09,1404.04,551.61,94
34,34,643.67,1584.27,1403.52,551.82,93
34,35,644.35,1582.91,1403.2,551.66,92
34,36,644.84,1584.76,1403.18,552.24,91
34,37,644.37,1585.1,1403.36,552.18,90
34,38,644.58,1584.69,1403.48,551.71,89
34,39,645.09,1585.68,1403.71,552.13,88
34,40,645.03,1584.26,1402.68,551.46,87
34,41,644.91,1585.62,1404.96,551.22,86
34,42,644.64,1583.61,1402.9,551.32,85
34,43,645.02,1586.07,1403.3,551.23,84
34,44,644.23,1585.52,1403.57,551.94,83
34,45,645.18,1585.18,1403.74,550.96,82
34,46,644.53,1584.76,1403.79,551.07,81
34,47,645.3,1586.24,1404.07,551.92,80
34,48,644.51,1585.81,1404.36,551.13,79
34,49,645.0,1585.86,1404.45,551.15,78
34,50,644.83,1584.04,1404.49,551.11,77
34,51,645.33,1585.97,1404.4,551.13,76
34,52,645.14,1588.05,1404.27,551.05,75
34,53,645.26,1585.45,1405.03,551.09,74
34,54,645.43,1586.12,1404.53,551.21,73
34,55,646.5,1585.53,1405.51,551.06,72
34,56,646.02,1587.54,1405.46,551.0,71
34,57,645.64,1585.9,1405.31,550.59,70
34,58,645.64,1588.27,1405.56,551.21,69
34,59,646.54,1586.85,1405.74,550.82,68
34,60,645.69,1586.04,1406.34,550.94,67
34,61,646.82,1588.47,1405.18,551.09,66
34,62,646.03,1588.88,1405.47,550.49,65
34,63,645.9,1586.65,1405.28,550.6,64
34,64,646.63,1589.82,1404.98,551.11,63
34,65,646.16,1588.2,1404.82,550.85,62
34,66,645.62,1588.28,1406.44,550.72,61
34,67,646.19,1588.68,1406.64,550.56,60
34,68,646.82,1588.02,1406.85,550.55,59
34,69,646.7,1588.95,1406.2,550.18,58
34,70,646.8,1589.81,1406.85,550.62,57
34,71,646.74,1589.38,1406.56,550.35,56
34,72,647.26,1587.98,1407.51,550.78,55
34,73,647.11,1587.24,1406.92,550.35,54
34,74,646.75,1589.03,1407.61,550.24,53
34,75,646.95,1588.69,1408.02,550.27,52
34,76,646.59,1587.21,1407.47,550.08,51
34,77,647.42,1587.62,1406.84,549.87,50
34,78,647.39,1590.11,1407.64,549.91,49
34,79,646.99,1589.74,1406.11,550.13,48
34,80,647.96,1589.36,1406.37,549.98,47
34,81,647.17,1592.26,1408.99,550.35,46
34,82,647.35,1591.25,1406.84,550.42,45
34,83,647.93,1589.75,1408.75,549.92,44
34,84,647.12,1591.23,1407.87,550.2,43
34,85,648.42,1589.31,1407.92,550.46,42
34,86,648.02,1589.45,1407.36,549.79,41
34,87,647.53,1590.7,1408.28,550.0,40
34,88,647.55,1590.45,1406.67,549.93,39
34,89,648.43,1588.94,1408.8,549.66,38
34,90,648.34,1590.96,1408.83,549.83,37
34,91,648.62,1591.31,1408.03,549.81,36
34,92,648.01,1591.21,1408.36,549.54,35
34,93,648.3,1591.2,1409.64,549.58,34
34,94,647.5,1590.81,1407.58,549.79,33
34,95,647.69,1590.18,1408.69,550.1,32
34,96,648.0,1591.5,1409.53,550.04,31
34,97,648.8,1592.92,1409.86,549.2,30
34,98,648.7,1592.75,1408.49,549.35,29
34,99,648.3,1592.78,1409.3,549.4,28
34,100,648.18,1591.89,1408.99,549.53,27
34,101,648.3,1592.3,1409.19,549.05,26
34,102,648.3,1590.8,1409.47,549.42,25
34,103,649.0,1592.7,1409.13,549.67,24
34,104,648.78,1592.99,1409.7,549.43,23
34,105,648.94,1593.04,1409.92,549.52,22
34,106,648.77,1590.56,1409.24,549.56,21
34,107,649.1,1592.92,1409.27,549.23,20
34,108,648.82,1591.88,1409.88,549.31,19
34,109,649.52,1593.74,1409.03,549.14,18
34,110,649.28,1591.33,1410.41,549.03,17
34,111,649.63,1593.38,1410.05,549.34,16
34,112,648.61,1593.33,1409.17,548.76,15
34,113,649.77,1592.0,1409.54,549.71,14
34,114,649.09,1595.62,1410.63,548.8,13
34,115,649.92,1595.37,1409.95,548.77,12
34,116,650.1,1594.23,1411.84,549.04,11
34,117,650.55,1594.22,1411.23,548.95,10
34,118,649.84,1595.14,1411.34,549.06,9
34,119,650.34,1594.76,1411.65,548.48,8
34,120,649.81,1595.37,1412.48,548.17,7
34,121,649.87,1594.51,1410.73,548.47,6
34,122,650.36,1596.5,1409.9,548.63,5
34,123,650.42,1595.66,1411.88,549.17,4
34,124,650.31,1596.42,1411.2,548.62,3
34,125,649.88,1596.04,1411.71,548.68,2
34,126,650.31,1595.78,1412.22,548.24,1
34,127,650.13,1595.17,1412.53,549.06,0
35,1,642.13,1579.95,1399.89,552.94,161
35,2,641.63,1581.05,1400.04,553.02,160
35,3,641.81,1578.94,1399.92,552.91,159
35,4,642.05,1580.48,1398.57,553.49,158
35,5,641.96,1579.08,1401.29,552.51,157
35,6,642.4,1579.17,1400.2,552.75,156
35,7,642.07,1581.71,1401.65,552.58,155
35,8,642.47,1579.17,1400.68,553.02,154
35,9,642.52,1580.16,1400.46,552.61,153
35,10,642.44,1580.15,1400.88,552.36,152
35,11,641.46,1582.31,1400.77,552.73,151
35,12,642.33,1580.61,1400.04,553.02,150
35,13,642.48,1579.37,1401.5,552.98,149
35,14,642.66,1583.13,1401.27,552.57,148
35,15,642.75,1582.01,1401.97,552.74,147
35,16,642.94,1581.59,1401.75,552.36,146
35,17,642.29,1581.82,1400.45,552.08,145
35,18,643.59,1577.7,1401.83,552.18,144
35,19,642.68,1582.3,1403.27,552.68,143
35,20,642.64,1581.82,1401.25,551.82,142
35,21,643.12,1581.16,1402.15,552.32,141
35,22,643.77,1582.49,1401.8,552.98,140
35,23,643.33,1584.13,1400.8,551.76,139
35,24,643.35,1583.69,1400.86,552.2,138
35,25,642.64,1582.31,1401.84,552.49,137
35,26,643.16,1582.12,1402.43,552.34,136
35,27,643.58,1583.56,1402.59,552.88,135
35,28,643.65,1583.16,1401.83,552.24,134
35,29,643.01,1581.98,1403.05,551.73,133
35,30,644.13,1582.45,1401.5,552.08,132
35,31,643.86,1583.01,1403.82,552.27,131
35,32,643.88,1583.65,1402.48,552.04,130
35,33,643.77,1583.37,1402.4,552.46,129
35,34,644.25,1581.77,1403.29,552.05,128
35,35,643.71,1584.14,1402.82,551.76,127
35,36,644.21,1583.27,1403.3,552.0,126
35,37,644.26,1584.61,1403.7,551.79,125
35,38,644.72,1583.4,1401.86,552.0,124
35,39,643.97,1582.96,1402.93,552.14,123
35,40,644.23,1585.35,1402.87,552.02,122
35,41,644.25,1586.08,1402.23,551.69,121
35,42,645.04,1583.67,1401.85,552.43,120
35,43,643.87,1584.15,1404.05,552.08,119
35,44,643.96,1586.99,1403.68,551.77,118
35,45,643.96,1584.8,1404.53,551.66,117
35,46,643.71,1583.47,1403.14,551.26,116
35,47,644.68,1585.29,1402.91,551.95,115
35,48,644.15,1582.91,1402.71,551.42,114
35,49,644.89,1585.27,1402.9,551.44,113
35,50,645.33,1585.67,1402.58,552.01,112
35,51,645.58,1584.75,1403.54,551.46,111
35,52,644.6,1585.8,1403.35,551.79,110
35,53,644.78,1584.27,1404.21,551.46,109
35,54,644.58,1585.03,1403.99,551.36,108
35,55,644.56,1585.27,1404.24,551.59,107
35,56,645.09,1586.84,1403.28,551.92,106
35,57,644.46,1586.85,1404.62,551.26,105
35,58,644.08,1583.65,1403.79,551.52,104
35,59,644.88,1585.49,1404.02,551.41,103
35,60,644.59,1585.31,1404.87,552.09,102
35,61,645.54,1585.5,1404.01,551.44,101
35,62,644.92,1585.99,1404.85,551.22,100
35,63,645.69,1585.8,1404.31,551.1,99
35,64,644.84,1584.3,1405.22,551.67,98
35,65,646.27,1587.44,1405.23,551.29,97
35,66,645.99,1585.75,1406.33,551.15,96
35,67,645.62,1586.32,1405.86,551.14,95
35,68,645.73,1584.92,1404.88,551.43,94
35,69,645.28,1586.44,1405.08,550.91,93
35,70,646.08,1587.16,1405.91,551.37,92
35,71,645.74,1588.55,1404.29,550.98,91
35,72,645.84,1584.67,1406.47,550.74,90
35,73,645.86,1587.76,1407.26,550.47,89
35,74,646.12,1586.61,1406.0,551.23,88
35,75,646.1,1587.13,1404.71,550.62,87
35,76,646.31,1586.1,1405.97,551.28,86
35,77,645.52,1588.79,1406.72,550.96,85
35,78,645.85,1587.96,1405.64,550.62,84
35,79,646.2,1586.36,1404.91,550.64,83
35,80,645.51,1588.94,1406.34,550.52,82
35,81,646.05,1588.51,1407.02,550.78,81
35,82,646.2,1585.73,1405.82,550.38,80
35,83,645.89,1589.27,1406.05,550.74,79
35,84,646.57,1587.67,1406.28,550.67,78
35,85,646.29,1588.3,1406.23,550.67,77
35,86,646.51,1590.42,1407.16,550.84,76
35,87,646.75,1588.67,1406.22,550.92,75
35,88,646.75,1588.96,1406.28,550.29,74
35,89,647.12,1588.51,1406.21,550.63,73
35,90,646.68,1590.3,1406.38,550.63,72
35,91,647.21,1589.33,1407.17,550.32,71
35,92,646.87,1589.19,1406.95,550.89,70
35,93,646.81,1588.77,1408.96,550.67,69
35,94,646.54,1589.42,1407.6,550.15,68
35,95,646.86,1587.48,1407.27,549.87,67
35,96,646.72,1587.35,1407.37,550.23,66
35,97,647.25,1586.9,1406.56,550.54,65
35,98,646.68,1590.42,1407.14,550.03,64
35,99,646.89,1589.55,1409.09,551.07,63
35,100,646.71,1590.19,1408.74,549.85,62
35,101,647.05,1589.83,1407.51,549.78,61
35,102,647.65,1590.09,1408.31,550.33,60
35,103,647.62,1589.7,1408.6,549.74,59
35,104,647.02,1591.07,1407.48,549.84,58
35,105,647.85,1590.66,1406.19,550.29,57
35,106,647.31,1590.53,1407.79,550.24,56
35,107,647.61,1588.54,1406.64,549.62,55
35,108,647.22,1590.66,1408.77,549.91,54
35,109,647.36,1590.26,1406.5,550.16,53
35,110,647.74,1590.41,1407.72,549.76,52
35,111,647.16,1591.46,1407.21,549.7,51
35,112,647.5,1591.51,1407.83,550.18,50
35,113,648.16,1589.47,1408.29,549.35,49
35,114,648.14,1589.91,1407.6,549.75,48
35,115,647.85,1591.13,1410.04,550.2,47
35,116,647.61,1592.73,1408.63,549.01,46
35,117,648.05,1589.11,1408.32,550.32,45
35,118,647.67,1589.46,1408.66,549.48,44
35,119,648.14,1591.3,1407.63,549.76,43
35,120,647.99,1592.55,1408.19,549.45,42
35,121,647.98,1590.86,1407.81,549.8,41
35,122,648.19,1592.42,1409.08,550.12,40
35,123,648.35,1591.11,1409.58,548.96,39
35,124,648.31,1591.53,1409.76,549.83,38
35,125,649.01,1591.37,1408.67,549.55,37
35,126,648.5,1589.81,1409.46,549.23,36
35,127,648.57,1591.57,1411.12,549.74,35
35,128,648.97,1593.18,1409.2,549.07,34
35,129,647.9,1592.75,1410.0,549.19,33
35,130,648.57,1591.24,1408.99,549.24,32
35,131,649.01,1593.57,1409.68,549.74,31
35,132,649.87,1592.86,1409.73,548.64,30
35,133,649.22,1592.55,1409.92,549.24,29
35,134,648.86,1591.37,1410.57,548.47,28
35,135,649.26,1590.85,1411.02,549.15,27
35,136,649.36,1592.99,1411.03,549.78,26
35,137,649.65,1593.6,1409.92,549.34,25
35,138,649.65,1592.48,1410.28,548.94,24
35,139,649.64,1593.64,1409.28,549.24,23
35,140,649.27,1593.29,1409.81,549.51,22
35,141,649.14,1595.78,1410.56,549.0,21
35,142,649.63,1593.69,1412.1,549.19,20
35,143,648.76,1592.66,1411.24,548.98,19
35,144,649.35,1592.71,1409.93,549.08,18
35,145,649.34,1595.22,1410.08,548.58,17
35,146,649.65,1591.26,1408.89,549.13,16
35,147,649.73,1591.29,1410.96,548.83,15
35,148,649.16,1594.76,1412.18,549.47,14
35,149,649.95,1594.01,1412.46,548.94,13
35,150,649.73,1593.29,1411.55,548.34,12
35,151,650.39,1592.5,1410.51,548.9,11
35,152,650.67,1593.94,1410.42,549.1,10
35,153,649.85,1592.34,1411.82,548.68,9
35,154,649.98,1595.33,1412.07,548.5,8
35,155,650.18,1592.67,1411.28,548.43,7
35,156,650.1,1594.15,1411.41,548.17,6
35,157,649.71,1594.47,1412.83,548.86,5
35,158,650.46,1594.11,1410.95,548.8,4
35,159,649.88,1596.88,1411.74,549.19,3
35,160,651.08,1595.52,1412.16,548.36,2
35,161,650.98,1594.65,1410.58,548.87,1
35,162,650.72,1594.58,1412.21,548.51,0
36,1,641.7,1577.75,1398.76,552.78,130
36,2,642.33,1581.74,1401.33,552.48,129
36,3,642.1,1579.62,1400.19,553.32,128
36,4,642.32,1581.51,1402.14,552.39,127
36,5,642.13,1581.27,1400.67,553.14,126
36,6,642.24,1580.94,1399.94,553.11,125
36,7,642.47,1582.5,1401.77,552.38,124
36,8,643.15,1582.05,1400.61,552.98,123
36,9,642.38,1582.68,1400.9,552.96,122
36,10,642.4,1581.5,1401.62,552.75,121
36,11,642.94,1580.36,1401.25,552.4,120
36,12,642.77,1580.8,1400.94,552.06,119
36,13,642.85,1581.38,1399.98,552.66,118
36,14,643.24,1582.0,1401.91,552.36,117
36,15,642.89,1581.83,1401.49,551.78,116
36,16,642.67,1583.06,1400.84,552.38,115
36,17,643.08,1580.36,1402.82,552.41,114
36,18,642.83,1582.87,1401.41,552.4,113
36,19,643.8,1581.56,1402.65,552.24,112
36,20,643.33,1582.68,1401.56,552.01,111
36,21,643.54,1583.78,1402.43,552.46,110
36,22,643.24,1583.38,1402.3,552.5,109
36,23,643.53,1583.38,1401.72,552.42,108
36,24,643.05,1582.38,1401.64,553.23,107
36,25,643.88,1581.6,1401.2,551.62,106
36,26,643.23,1582.0,1401.6,551.97,105
36,27,644.09,1582.89,1403.04,551.75,104
36,28,643.66,1582.12,1402.92,551.98,103
36,29,644.59,1582.56,1401.82,552.09,102
36,30,643.88,1584.08,1402.7,551.93,101
36,31,643.74,1583.27,1401.62,552.29,100
36,32,644.58,1584.84,1402.57,551.71,99
36,33,644.34,1582.69,1403.93,551.15,98
36,34,644.03,1582.67,1404.11,552.15,97
36,35,644.5,1586.36,1403.21,551.99,96
36,36,643.7,1583.79,1403.39,551.49,95
36,37,644.5,1581.93,1403.79,551.6,94
36,38,644.15,1585.3,1404.65,551.96,93
36,39,644.21,1585.33,1403.37,552.0,92
36,40,644.68,1582.87,1403.47,551.38,91
36,41,644.35,1584.37,1403.98,551.86,90
36,42,644.52,1586.33,1402.49,551.31,89
36,43,645.61,1583.62,1404.94,551.52,88
36,44,644.83,1586.23,1404.67,551.89,87
36,45,644.82,1585.39,1403.92,551.12,86
36,46,645.05,1585.14,1402.72,551.75,85
36,47,645.11,1584.61,1404.57,551.23,84
36,48,645.2,1587.23,1404.72,551.21,83
36,49,644.77,1584.83,1405.14,551.3,82
36,50,645.47,1585.47,1403.83,551.46,81
36,51,644.99,1585.43,1403.69,550.97,80
36,52,645.73,1587.29,1405.64,551.54,79
36,53,645.3,1586.95,1405.7,550.92,78
36,54,645.58,1586.11,1403.45,551.24,77
36,55,645.28,1587.64,1404.43,551.21,76
36,56,645.68,1584.43,1404.87,551.18,75
36,57,646.11,1586.64,1405.95,551.2,74
36,58,645.99,1587.47,1405.09,550.71,73
36,59,646.46,1587.77,1405.35,551.16,72
36,60,646.05,1585.94,1405.23,551.34,71
36,61,645.96,1587.53,1406.6,550.9,70
36,62,645.65,1587.33,1405.23,550.45,69
36,63,646.41,1587.0,1403.38,550.91,68
36,64,646.26,1589.77,1405.86,551.12,67
36,65,646.48,1586.83,1406.23,550.72,66
36,66,646.01,1587.04,1405.52,550.73,65
36,67,646.35,1587.11,1405.97,550.14,64
36,68,646.01,1587.54,1407.57,550.85,63
36,69,646.09,1589.94,1406.32,550.29,62
36,70,646.51,1589.3,1405.51,550.28,61
36,71,647.33,1588.59,1406.13,550.53,60
36,72,646.79,1588.12,1407.68,550.56,59
36,73,647.0,1588.57,1406.66,550.76,58
36,74,647.17,1586.63,1406.76,551.07,57
36,75,646.69,1589.25,1407.87,550.09,56
36,76,646.78,1586.93,1407.05,550.5,55
36,77,647.25,1590.82,1407.1,550.01,54
36,78,646.71,1588.14,1407.31,551.03,53
36,79,647.1,1590.82,1407.15,549.94,52
36,80,646.86,1588.41,1407.23,550.37,51
36,81,646.99,1590.35,1408.26,550.14,50
36,82,647.69,1587.18,1405.62,550.43,49
36,83,647.22,1592.27,1407.53,549.85,48
36,84,648.13,1590.53,1408.93,549.94,47
36,85,647.66,1588.81,1406.39,550.3,46
36,86,647.4,1588.78,1406.77,550.1,45
36,87,647.67,1589.51,1407.43,550.24,44
36,88,646.72,1590.97,1408.43,549.61,43
36,89,647.0,1591.03,1407.21,550.41,42
36,90,648.69,1590.95,1408.16,549.84,41
36,91,647.22,1590.22,1407.97,549.68,40
36,92,648.13,1590.83,1409.06,549.71,39
36,93,648.28,1590.8,1409.0,549.78,38
36,94,648.81,1587.98,1409.11,550.03,37
36,95,647.66,1593.21,1408.72,549.7,36
36,96,648.38,1592.2,1408.9,549.73,35
36,97,648.63,1592.42,1409.15,549.2,34
36,98,647.95,1592.67,1408.75,549.45,33
36,99,648.6,1591.87,1408.89,549.82,32
36,100,647.98,1589.52,1410.36,549.23,31
36,101,647.96,1591.33,1409.23,549.39,30
36,102,648.53,1590.13,1409.91,549.04,29
36,103,648.69,1592.23,1409.95,549.53,28
36,104,648.31,1591.57,1408.96,548.96,27
36,105,648.99,1591.28,1409.74,549.36,26
36,106,648.42,1590.86,1409.44,548.96,25
36,107,649.34,1594.03,1410.43,549.43,24
36,108,649.03,1591.27,1410.56,549.7,23
36,109,648.94,1592.6,1409.34,549.16,22
36,110,648.63,1592.42,1410.42,549.32,21
36,111,649.3,1589.95,1410.21,549.37,20
36,112,649.26,1594.36,1410.18,549.27,19
36,113,648.93,1593.81,1410.98,548.9,18
36,114,648.83,1592.69,1409.64,549.26,17
36,115,649.27,1594.21,1409.28,548.8,16
36,116,649.22,1593.79,1408.96,548.93,15
36,117,649.45,1594.01,1410.76,548.69,14
36,118,648.75,1592.77,1409.8,548.58,13
36,119,649.43,1594.79,1409.89,548.36,12
36,120,649.55,1593.59,1410.72,548.68,11
36,121,649.75,1594.3,1410.39,549.14,10
36,122,649.84,1595.33,1411.39,548.43,9
36,123,649.2,1595.55,1410.54,548.75,8
36,124,649.8,1596.0,1411.3,548.33,7
36,125,650.01,1595.85,1410.75,548.24,6
36,126,650.47,1593.45,1410.18,548.39,5
36,127,650.33,1595.2,1411.91,548.31,4
36,128,650.64,1595.67,1412.07,548.27,3
36,129,650.11,1595.31,1412.25,548.26,2
36,130,651.12,1594.88,1412.64,548.15,1
36,131,650.57,1593.64,1412.1,548.63,0
37,1,642.35,1581.54,1400.22,552.29,165
37,2,642.15,1580.46,1402.21,552.98,164
37,3,642.09,1581.1,1399.98,552.71,163
37,4,641.57,1579.65,1398.76,552.98,162
37,5,642.34,1581.29,1399.54,552.43,161
37,6,643.13,1580.46,1400.99,552.88,160
37,7,642.66,1580.91,1399.86,552.97,159
37,8,642.53,1578.71,1400.81,552.67,158
37,9,642.19,1581.99,1400.59,552.74,157
37,10,642.55,1580.88,1400.64,553.17,156
37,11,642.29,1578.92,1400.83,552.42,155
37,12,642.18,1581.08,1401.09,552.62,154
37,13,642.48,1580.95,1400.9,552.65,153
37,14,642.0,1582.33,1399.85,552.42,152
37,15,642.15,1581.57,1400.52,552.54,151
37,16,642.52,1580.2,1399.15,552.39,150
37,17,642.39,1582.18,1402.89,553.09,149
37,18,642.89,1580.7,1399.74,552.39,148
37,19,642.61,1580.86,1400.07,552.7,147
37,20,643.23,1580.73,1402.13,552.48,146
37,21,643.29,1582.85,1401.81,552.18,145
37,22,643.55,1582.94,1402.22,552.0,144
37,23,642.59,1583.92,1401.15,552.45,143
37,24,643.71,1584.16,1402.19,552.19,142
37,25,643.17,1582.73,1401.95,552.11,141
37,26,642.27,1581.5,1401.71,552.29,140
37,27,644.07,1583.75,1401.58,552.42,139
37,28,642.37,1584.04,1401.63,552.3,138
37,29,643.5,1583.89,1401.82,552.46,137
37,30,643.68,1582.89,1402.08,552.03,136
37,31,643.52,1582.38,1402.58,551.82,135
37,32,643.67,1584.75,1401.96,552.26,134
37,33,642.76,1581.12,1402.28,552.08,133
37,34,643.76,1585.74,1401.99,552.1,132
37,35,643.51,1584.09,1401.61,551.84,131
37,36,643.48,1584.28,1402.7,552.11,130
37,37,643.82,1584.84,1402.55,552.59,129
37,38,644.45,1581.71,1403.26,552.35,128
37,39,643.83,1584.06,1401.64,551.64,127
37,40,643.95,1582.04,1402.94,552.11,126
37,41,643.73,1582.15,1401.7,552.25,125
37,42,643.45,1584.2,1404.08,551.57,124
37,43,643.86,1584.15,1403.3,551.68,123
37,44,644.13,1584.14,1402.86,551.7,122
37,45,645.08,1585.34,1404.13,551.68,121
37,46,643.67,1587.18,1402.83,551.85,120
37,47,644.72,1583.61,1404.12,551.73,119
37,48,644.35,1583.7,1402.67,551.14,118
37,49,645.63,1586.24,1403.62,552.14,117
37,50,645.13,1585.29,1403.34,551.97,116
37,51,644.97,1585.62,1403.42,551.73,115
37,52,644.77,1584.3,1404.06,551.97,114
37,53,645.32,1585.45,1403.7,551.82,113
37,54,644.42,1584.49,1404.92,552.1,112
37,55,645.27,1584.94,1402.22,551.74,111
37,56,645.08,1585.79,1402.9,551.38,110
37,57,645.66,1583.99,1404.58,551.26,109
37,58,645.17,1585.07,1405.16,551.44,108
37,59,645.42,1587.94,1405.05,551.57,107
37,60,645.54,1586.17,1403.85,551.12,106
37,61,645.4,1584.84,1403.83,551.29,105
37,62,644.48,1584.89,1403.89,552.06,104
37,63,645.53,1585.26,1403.94,550.56,103
37,64,644.69,1583.87,1403.85,551.26,102
37,65,645.25,1584.88,1404.66,550.81,101
37,66,645.56,1586.96,1405.17,551.54,100
37,67,644.82,1586.18,1404.08,550.84,99
37,68,644.92,1589.2,1405.64,551.64,98
37,69,645.67,1585.32,1405.53,551.83,97
37,70,645.79,1586.27,1405.28,551.44,96
37,71,645.63,1586.36,1404.59,551.18,95
37,72,645.18,1586.13,1405.1,550.73,94
37,73,645.73,1587.83,1406.44,550.95,93
37,74,645.61,1586.46,1405.85,550.81,92
37,75,645.59,1587.19,1405.84,551.03,91
37,76,645.94,1586.38,1405.51,550.22,90
37,77,646.56,1587.24,1407.25,551.3,89
37,78,645.67,1586.71,1404.76,550.68,88
37,79,645.42,1586.13,1404.88,551.12,87
37,80,645.45,1590.0,1405.53,551.24,86
37,81,645.76,1588.35,1404.68,550.36,85
37,82,646.64,1587.36,1405.77,550.48,84
37,83,645.9,1585.68,1405.58,550.83,83
37,84,646.33,1587.8,1404.43,550.78,82
37,85,646.22,1586.84,1405.16,550.89,81
37,86,645.55,1586.39,1406.33,550.51,80
37,87,646.61,1588.08,1405.75,550.13,79
37,88,646.81,1587.85,1405.31,549.98,78
37,89,646.69,1587.39,1405.52,550.94,77
37,90,645.86,1587.94,1407.09,550.71,76
37,91,646.14,1589.91,1407.71,550.84,75
37,92,646.36,1588.15,1407.66,550.64,74
37,93,646.51,1588.26,1405.5,550.82,73
37,94,646.77,1590.7,1405.33,550.16,72
37,95,646.84,1591.41,1406.93,550.2,71
37,96,646.92,1587.98,1407.7,550.66,70
37,97,647.61,1586.91,1405.57,550.3,69
37,98,647.34,1590.2,1407.28,550.59,68
37,99,647.68,1588.12,1408.33,550.77,67
37,100,646.9,1588.02,1407.84,550.89,66
37,101,646.83,1591.55,1406.53,550.2,65
37,102,646.77,1589.86,1407.48,550.25,64
37,103,647.02,1588.92,1407.39,550.13,63
37,104,647.31,1587.73,1405.8,550.28,62
37,105,647.53,1589.9,1408.01,550.02,61
37,106,647.29,1589.13,1406.21,550.3,60
37,107,647.79,1590.92,1407.49,549.88,59
37,108,647.34,1589.27,1406.2,550.16,58
37,109,647.92,1590.24,1407.9,549.86,57
37,110,647.94,1589.97,1406.98,550.42,56
37,111,647.94,1592.15,1408.95,549.8,55
37,112,647.62,1591.47,1407.16,550.46,54
37,113,647.92,1591.34,1408.43,549.95,53
37,114,647.72,1590.26,1406.1,550.08,52
37,115,648.76,1589.54,1407.14,550.35,51
37,116,648.09,1591.71,1408.79,549.58,50
37,117,648.35,1590.12,1407.8,550.02,49
37,118,648.11,1591.3,1408.83,550.05,48
37,119,648.61,1591.15,1409.76,550.11,47
37,120,648.44,1590.3,1409.46,549.88,46
37,121,647.66,1589.66,1407.78,549.36,45
37,122,647.81,1592.17,1408.89,549.96,44
37,123,647.85,1589.41,1408.2,549.87,43
37,124,648.65,1591.08,1409.22,549.49,42
37,125,648.11,1591.92,1409.57,550.15,41
37,126,648.05,1590.19,1408.71,549.77,40
37,127,649.31,1591.8,1408.49,549.22,39
37,128,648.32,1592.0,1409.82,549.6,38
37,129,648.32,1590.24,1409.85,549.34,37
37,130,648.47,1590.69,1408.15,549.97,36
37,131,648.44,1589.64,1409.6,549.4,35
37,132,648.01,1593.46,1410.07,549.67,34
37,133,648.92,1590.61,1409.56,549.25,33
37,134,648.6,1594.23,1408.89,549.23,32
37,135,648.93,1592.83,1411.11,549.29,31
37,136,649.08,1591.01,1410.29,549.89,30
37,137,648.84,1593.51,1408.78,549.18,29
37,138,648.95,1593.06,1409.86,549.6,28
37,139,648.91,1593.6,1410.18,548.91,27
37,140,648.28,1593.0,1409.57,549.29,26
37,141,648.72,1593.55,1411.45,549.11,25
37,142,648.47,1592.94,1409.7,548.87,24
37,143,649.24,1594.29,1409.88,549.33,23
37,144,649.29,1593.08,1411.28,549.01,22
37,145,649.73,1593.0,1410.93,548.99,21
37,146,649.54,1593.68,1411.09,549.19,20
37,147,649.19,1595.64,1410.65,549.29,19
37,148,648.62,1594.52,1411.31,549.06,18
37,149,648.73,1592.78,1409.95,549.31,17
37,150,649.2,1594.4,1410.61,549.26,16
37,151,649.82,1593.05,1410.3,548.77,15
37,152,648.55,1596.04,1412.04,548.9,14
37,153,650.21,1593.97,1411.41,549.15,13
37,154,649.79,1595.03,1409.7,548.89,12
37,155,649.93,1593.78,1411.04,548.73,11
37,156,650.43,1594.21,1413.53,548.49,10
37,157,650.26,1595.45,1411.04,548.38,9
37,158,649.91,1592.88,1410.76,548.83,8
37,159,651.18,1596.64,1411.01,548.97,7
37,160,650.05,1593.61,1411.5,548.01,6
37,161,649.57,1595.84,1412.73,547.89,5
37,162,650.88,1596.22,1411.43,548.74,4
37,163,651.07,1596.4,1412.18,548.39,3
37,164,650.23,1595.86,1412.29,548.9,2
37,165,649.87,1595.64,1412.5,548.45,1
37,166,651.45,1594.16,1411.96,548.72,0
38,1,641.81,1582.08,1399.09,553.32,219
38,2,641.84,1578.55,1401.47,553.24,218
38,3,642.48,1580.65,1400.64,552.57,217
38,4,642.2,1579.16,1399.11,553.04,216
38,5,642.66,1579.89,1400.1,552.56,215
38,6,642.23,1581.33,1400.96,553.04,214
38,7,642.02,1579.7,1401.02,553.1,213
38,8,642.24,1580.04,1401.37,552.73,212
38,9,642.65,1580.46,1399.65,553.3,211
38,10,642.43,1579.84,1399.43,552.41,210
38,11,642.28,1583.07,1400.13,553.21,209
38,12,642.41,1579.41,1400.28,552.37,208
38,13,642.16,1579.84,1399.19,553.19,207
38,14,642.63,1580.14,1400.94,552.46,206
38,15,641.51,1584.58,1400.97,552.52,205
38,16,641.84,1579.31,1402.2,553.12,204
38,17,642.96,1579.84,1402.14,552.79,203
38,18,642.96,1581.78,1399.78,552.27,202
38,19,642.53,1582.09,1399.93,552.56,201
38,20,642.7,1582.33,1401.63,552.29,200
38,21,643.39,1580.06,1402.02,552.41,199
38,22,642.92,1581.79,1401.36,552.75,198
38,23,643.05,1582.53,1401.63,552.15,197
38,24,643.04,1580.98,1400.42,552.42,196
38,25,643.04,1582.03,1402.21,552.88,195
38,26,643.14,1582.42,1401.49,552.7,194
38,27,643.24,1581.8,1403.19,552.28,193
38,28,643.66,1580.31,1402.18,552.86,192
38,29,642.36,1582.17,1402.15,552.48,191
38,30,643.31,1582.24,1400.76,553.1,190
38,31,643.0,1582.66,1401.17,551.68,189
38,32,642.87,1580.47,1402.62,552.16,188
38,33,643.07,1581.0,1401.88,552.11,187
38,34,643.71,1582.71,1401.4,552.56,186
38,35,643.36,1582.44,1400.74,552.26,185
38,36,643.52,1584.09,1401.36,552.95,184
38,37,643.65,1580.73,1401.34,552.67,183
38,38,643.97,1582.65,1402.19,551.87,182
38,39,644.04,1581.51,1402.8,552.61,181
38,40,643.56,1583.92,1403.66,552.26,180
38,41,643.51,1582.75,1401.64,551.93,179
38,42,643.8,1582.71,1402.55,551.69,178
38,43,643.62,1584.21,1401.45,552.13,177
38,44,642.96,1581.47,1403.05,552.01,176
38,45,644.47,1583.63,1402.88,551.76,175
38,46,643.62,1582.3,1401.66,552.26,174
38,47,644.16,1583.73,1401.9,552.14,173
38,48,643.09,1584.9,1401.58,551.68,172
38,49,643.94,1583.63,1402.61,551.66,171
38,50,644.39,1581.43,1401.54,551.95,170
38,51,643.46,1584.99,1401.84,552.42,169
38,52,644.42,1585.07,1404.35,551.96,168
38,53,643.64,1583.54,1402.44,551.7,167
38,54,644.15,1583.36,1402.34,551.82,166
38,55,644.34,1584.95,1401.72,551.78,165
38,56,644.11,1582.45,1402.96,551.9,164
38,57,644.41,1584.03,1402.4,552.44,163
38,58,644.57,1584.67,1403.97,551.89,162
38,59,644.79,1584.14,1403.22,551.98,161
38,60,644.95,1585.96,1403.75,551.93,160
38,61,644.64,1585.4,1404.37,551.68,159
38,62,644.92,1584.7,1403.9,552.15,158
38,63,644.73,1585.45,1403.12,552.16,157
38,64,644.75,1584.57,1404.37,552.47,156
38,65,644.04,1583.53,1405.69,551.8,155
38,66,644.63,1584.42,1404.57,552.43,154
38,67,644.32,1584.51,1403.37,551.85,153
38,68,645.12,1586.64,1404.32,552.36,152
38,69,644.44,1583.77,1404.94,551.63,151
38,70,644.15,1584.46,1404.02,551.37,150
38,71,644.34,1584.66,1403.02,551.74,149
38,72,644.0,1585.08,1404.34,551.5,148
38,73,645.26,1583.4,1403.42,551.41,147
38,74,645.14,1585.37,1405.75,551.24,146
38,75,644.34,1587.33,1402.95,551.67,145
38,76,644.54,1582.77,1403.85,551.72,144
38,77,644.49,1586.01,1404.81,551.04,143
38,78,644.92,1587.28,1404.78,551.33,142
38,79,645.22,1584.64,1405.2,551.72,141
38,80,645.14,1585.8,1403.56,550.96,140
38,81,644.98,1585.49,1405.27,551.62,139
38,82,645.24,1587.09,1403.72,551.65,138
38,83,644.89,1587.22,1404.52,550.7,137
38,84,645.54,1586.78,1404.22,551.17,136
38,85,645.22,1583.56,1402.74,551.65,135
38,86,644.99,1588.17,1405.79,551.71,134
38,87,645.1,1584.08,1403.88,551.09,133
38,88,644.45,1585.51,1404.64,550.81,132
38,89,645.02,1585.88,1405.14,550.91,131
38,90,645.59,1586.38,1404.95,550.96,130
38,91,644.98,1588.32,1405.47,551.44,129
38,92,645.52,1586.16,1405.41,550.57,128
38,93,645.15,1585.47,1404.71,550.83,127
38,94,645.76,1586.59,1406.24,551.82,126
38,95,645.17,1586.74,1405.3,551.05,125
38,96,645.28,1585.53,1405.43,550.75,124
38,97,645.81,1586.41,1405.4,550.73,123
38,98,645.85,1585.71,1405.47,551.4,122
38,99,645.93,1587.23,1406.05,550.55,121
38,100,646.55,1585.64,1406.16,551.18,120
38,101,645.54,1588.19,1405.91,551.5,119
38,102,646.02,1586.92,1405.15,550.39,118
38,103,645.85,1586.79,1405.83,550.47,117
38,104,645.92,1587.88,1406.21,550.31,116
38,105,646.34,1586.96,1405.58,550.14,115
38,106,646.69,1587.54,1404.56,550.94,114
38,107,646.27,1588.86,1405.59,550.81,113
38,108,645.92,1588.18,1405.26,550.52,112
38,109,646.18,1586.06,1407.23,551.35,111
38,110,646.07,1585.94,1406.27,550.61,110
38,111,646.76,1586.72,1406.49,550.76,109
38,112,646.06,1588.03,1406.81,550.74,108
38,113,646.4,1586.76,1407.08,551.0,107
38,114,646.24,1587.73,1407.35,550.33,106
38,115,646.68,1587.28,1407.7,550.67,105
38,116,646.99,1587.1,1405.33,550.56,104
38,117,646.63,1587.47,1406.99,550.54,103
38,118,645.73,1588.82,1405.73,550.48,102
38,119,647.22,1590.35,1406.03,550.74,101
38,120,646.42,1587.95,1406.06,550.03,100
38,121,646.71,1588.71,1406.06,550.85,99
38,122,646.54,1587.66,1407.08,550.04,98
38,123,647.11,1588.02,1407.5,550.87,97
38,124,647.05,1587.59,1405.76,550.03,96
38,125,647.27,1588.47,1406.34,550.4,95
38,126,647.3,1589.64,1407.22,550.61,94
38,127,646.98,1589.14,1407.1,550.4,93
38,128,647.25,1589.28,1406.28,550.54,92
38,129,647.08,1589.65,1406.95,550.6,91
38,130,647.0,1589.85,1406.73,550.22,90
38,131,647.3,1588.65,1408.91,550.49,89
38,132,647.11,1590.1,1406.82,550.58,88
38,133,647.5,1590.69,1406.9,549.91,87
38,134,646.93,1588.92,1408.64,550.92,86
38,135,647.35,1589.34,1407.08,550.49,85
38,136,648.13,1591.54,1408.33,550.56,84
38,137,647.63,1589.41,1406.88,550.19,83
38,138,647.5,1587.79,1407.4,549.93,82
38,139,647.78,1588.94,1407.84,549.95,81
38,140,648.05,1587.63,1408.02,549.75,80
38,141,647.24,1589.99,1407.9,550.18,79
38,142,647.55,1589.04,1407.61,550.1,78
38,143,647.6,1589.8,1408.38,550.1,77
38,144,647.64,1589.49,1407.01,550.1,76
38,145,648.09,1590.55,1407.26,550.28,75
38,146,647.51,1590.94,1407.67,550.12,74
38,147,647.47,1589.56,1406.77,550.15,73
38,148,647.87,1590.74,1408.29,549.74,72
38,149,648.14,1591.49,1407.5,550.11,71
38,150,648.15,1589.8,1407.94,550.09,70
38,151,647.23,1589.13,1407.44,549.37,69
38,152,648.31,1588.12,1408.57,550.13,68
38,153,647.79,1589.77,1408.53,549.87,67
38,154,648.35,1587.49,1407.67,550.02,66
38,155,648.01,1591.61,1408.66,549.79,65
38,156,647.91,1593.57,1409.74,549.96,64
38,157,648.1,1591.49,1409.23,549.91,63
38,158,647.8,1593.06,1408.82,550.37,62
38,159,648.22,1590.69,1409.78,549.84,61
38,160,648.24,1589.61,1409.26,549.58,60
38,161,648.04,1590.53,1409.13,549.25,59
38,162,648.17,1592.37,1407.84,549.74,58
38,163,648.05,1590.78,1410.22,549.17,57
38,164,648.64,1590.76,1408.52,549.31,56
38,165,648.68,1591.17,1408.75,549.66,55
38,166,648.35,1589.07,1408.66,549.87,54
38,167,647.85,1590.23,1408.77,549.37,53
38,168,648.48,1590.3,1408.85,549.55,52
38,169,648.79,1593.17,1409.01,550.11,51
38,170,648.49,1592.74,1410.82,549.56,50
38,171,648.06,1591.92,1408.84,549.42,49
38,172,649.44,1590.42,1409.62,549.22,48
38,173,648.56,1592.85,1409.69,549.39,47
38,174,648.46,1592.4,1410.86,549.17,46
38,175,649.53,1593.53,1410.64,549.51,45
38,176,649.27,1590.95,1409.07,549.63,44
38,177,648.96,1592.05,1407.65,549.25,43
38,178,648.41,1592.89,1409.56,549.17,42
38,179,649.97,1593.61,1410.61,550.0,41
38,180,649.28,1591.51,1409.11,549.61,40
38,181,648.17,1592.41,1408.14,549.33,39
38,182,649.37,1592.91,1410.68,549.87,38
38,183,649.01,1596.01,1410.15,549.54,37
38,184,648.86,1594.66,1410.87,549.68,36
38,185,649.17,1591.28,1410.46,548.71,35
38,186,649.05,1593.08,1412.05,549.29,34
38,187,649.28,1592.84,1409.13,549.2,33
38,188,649.3,1591.83,1409.31,549.01,32
38,189,649.33,1592.51,1409.47,549.22,31
38,190,649.56,1593.27,1409.91,549.29,30
38,191,649.3,1591.77,1411.25,549.2,29
38,192,649.37,1591.38,1409.88,549.68,28
38,193,648.85,1593.03,1410.51,549.15,27
38,194,648.9,1593.61,1409.23,549.06,26
38,195,649.27,1592.43,1411.3,548.94,25
38,196,649.76,1594.15,1411.71,548.63,24
38,197,649.98,1593.63,1410.44,548.63,23
38,198,649.89,1592.57,1411.21,549.53,22
38,199,650.08,1595.42,1410.28,549.16,21
38,200,649.27,1593.54,1412.3,548.73,20
38,201,650.21,1595.11,1411.82,548.51,19
38,202,650.01,1593.77,1411.89,548.37,18
38,203,649.99,1594.3,1409.48,548.58,17
38,204,649.15,1593.22,1411.57,548.89,16
38,205,649.99,1592.92,1412.08,548.8,15
38,206,649.97,1595.36,1410.44,548.85,14
38,207,650.17,1593.65,1411.81,548.91,13
38,208,650.0,1594.21,1411.76,548.98,12
38,209,650.1,1595.78,1411.93,548.19,11
38,210,649.55,1595.93,1411.26,548.75,10
38,211,650.61,1594.57,1411.54,548.42,9
38,212,650.34,1595.35,1411.1,548.39,8
38,213,651.28,1594.6,1411.07,548.86,7
38,214,650.25,1593.48,1412.06,548.37,6
38,215,650.94,1595.45,1411.51,548.64,5
38,216,650.71,1595.15,1413.48,548.92,4
38,217,650.58,1593.87,1411.72,548.71,3
38,218,650.09,1596.61,1411.11,548.35,2
38,219,650.24,1596.02,1411.3,547.98,1
38,220,650.94,1594.67,1411.15,548.27,0
39,1,641.96,1580.99,1401.64,553.26,213
39,2,642.0,1579.47,1401.02,553.22,212
39,3,642.13,1579.96,1401.78,553.5,211
39,4,642.32,1580.53,1399.31,552.93,210
39,5,642.68,1578.04,1400.76,553.1,209
39,6,642.51,1579.64,1400.08,552.69,208
39,7,643.07,1582.37,1400.69,552.86,207
39,8,642.31,1580.19,1398.95,552.84,206
39,9,643.17,1580.99,1400.01,552.89,205
39,10,642.31,1579.52,1399.67,552.8,204
39,11,641.85,1580.8,1400.55,552.98,203
39,12,642.41,1579.59,1400.8,553.06,202
39,13,642.3,1582.85,1400.82,552.62,201
39,14,642.31,1581.23,1400.71,552.32,200
39,15,643.23,1580.66,1402.11,552.36,199
39,16,643.02,1582.76,1401.92,552.78,198
39,17,643.07,1581.77,1400.13,552.77,197
39,18,642.28,1579.81,1401.23,552.44,196
39,19,643.39,1583.37,1403.26,552.19,195
39,20,642.34,1582.46,1400.87,552.36,194
39,21,642.68,1581.4,1401.71,552.01,193
39,22,643.04,1581.33,1400.6,552.95,192
39,23,642.74,1581.22,1401.07,552.98,191
39,24,643.0,1581.62,1402.05,551.83,190
39,25,643.07,1582.04,1402.06,552.56,189
39,26,642.58,1579.86,1401.97,552.31,188
39,27,642.94,1580.89,1401.53,552.41,187
39,28,642.62,1582.91,1401.0,552.84,186
39,29,643.24,1581.96,1400.42,552.55,185
39,30,643.18,1582.34,1402.74,552.63,184
39,31,643.68,1579.31,1401.57,551.87,183
39,32,643.46,1580.01,1402.64,552.8,182
39,33,643.24,1582.75,1403.09,552.93,181
39,34,644.02,1583.06,1403.2,552.0,180
39,35,643.12,1583.61,1401.98,552.47,179
39,36,643.8,1583.67,1400.54,552.45,178
39,37,643.22,1582.93,1401.72,552.1,177
39,38,643.26,1583.61,1402.0,552.13,176
39,39,643.42,1583.47,1401.5,552.66,175
39,40,643.33,1582.32,1402.26,552.3,174
39,41,643.56,1582.63,1403.16,551.46,173
39,42,643.44,1581.99,1402.03,552.53,172
39,43,643.43,1582.94,1402.85,551.86,171
39,44,642.83,1580.06,1403.53,552.21,170
39,45,643.66,1582.79,1401.84,552.1,169
39,46,644.12,1582.19,1402.79,551.77,168
39,47,643.83,1582.66,1403.36,552.01,167
39,48,643.45,1583.31,1403.48,551.63,166
39,49,643.84,1583.0,1402.92,551.91,165
39,50,644.13,1582.69,1402.67,551.89,164
39,51,644.74,1584.0,1403.54,552.48,163
39,52,644.17,1583.42,1402.13,551.54,162
39,53,643.24,1584.83,1403.34,551.82,161
39,54,644.04,1582.64,1403.42,551.68,160
39,55,644.08,1582.57,1402.34,552.12,159
39,56,644.67,1582.49,1403.62,551.6,158
39,57,644.06,1585.49,1402.97,551.71,157
39,58,643.65,1583.71,1402.75,551.92,156
39,59,644.13,1585.66,1403.63,551.82,155
39,60,644.66,1584.5,1403.95,551.69,154
39,61,644.39,1583.37,1402.85,552.11,153
39,62,644.65,1582.56,1404.32,551.73,152
39,63,644.19,1586.62,1404.54,551.9,151
39,64,644.61,1584.95,1401.86,551.88,150
39,65,644.65,1584.91,1403.82,551.49,149
39,66,644.24,1584.8,1402.63,551.7,148
39,67,644.25,1585.92,1402.62,551.58,147
39,68,644.73,1586.29,1404.02,551.33,146
39,69,644.38,1586.64,1403.84,551.49,145
39,70,644.5,1583.52,1405.45,551.55,144
39,71,644.38,1585.93,1404.46,551.13,143
39,72,644.63,1585.66,1404.62,551.26,142
39,73,644.15,1585.48,1404.78,551.45,141
39,74,644.82,1587.16,1402.54,551.66,140
39,75,645.29,1584.4,1402.36,551.65,139
39,76,645.15,1587.1,1403.81,551.45,138
39,77,644.39,1586.34,1403.09,551.37,137
39,78,644.68,1585.95,1404.22,551.29,136
39,79,645.11,1585.65,1405.55,551.48,135
39,80,644.9,1584.96,1405.3,551.0,134
39,81,645.22,1583.73,1404.45,550.97,133
39,82,645.0,1586.05,1405.08,551.06,132
39,83,645.75,1584.47,1405.28,551.13,131
39,84,645.72,1585.46,1404.15,551.42,130
39,85,645.55,1585.39,1405.2,551.17,129
39,86,645.47,1586.51,1403.7,551.19,128
39,87,644.87,1584.92,1404.79,551.46,127
39,88,645.4,1585.83,1404.57,551.27,126
39,89,645.09,1584.64,1406.07,551.25,125
39,90,645.29,1585.62,1404.6,550.72,124
39,91,645.49,1586.49,1406.19,551.12,123
39,92,645.95,1586.18,1404.79,551.06,122
39,93,646.04,1585.89,1405.39,551.1,121
39,94,645.72,1587.71,1405.3,550.98,120
39,95,645.75,1584.21,1405.2,550.68,119
39,96,645.73,1586.79,1405.75,551.59,118
39,97,646.39,1586.88,1405.89,550.84,117
39,98,645.97,1587.22,1404.71,550.8,116
39,99,645.25,1586.82,1405.52,550.9,115
39,100,645.57,1587.01,1405.74,551.04,114
39,101,646.12,1586.8,1405.55,550.95,113
39,102,645.88,1586.22,1405.42,550.97,112
39,103,646.38,1588.43,1405.1,551.41,111
39,104,645.85,1587.11,1406.78,550.31,110
39,105,646.22,1587.11,1404.77,550.38,109
39,106,646.66,1588.15,1406.7,550.46,108
39,107,646.37,1590.31,1405.81,550.77,107
39,108,646.29,1587.54,1405.43,550.74,106
39,109,646.98,1587.68,1407.09,551.56,105
39,110,646.04,1588.46,1405.24,550.64,104
39,111,647.41,1588.66,1406.47,550.31,103
39,112,646.21,1586.95,1405.46,550.89,102
39,113,646.76,1587.83,1405.9,550.84,101
39,114,647.2,1589.29,1406.48,550.88,100
39,115,646.96,1588.35,1406.57,550.42,99
39,116,646.94,1588.04,1405.72,550.28,98
39,117,646.63,1587.18,1408.74,550.69,97
39,118,646.49,1588.6,1407.21,550.58,96
39,119,646.34,1588.32,1406.48,550.36,95
39,120,646.43,1589.57,1407.11,550.62,94
39,121,646.07,1588.12,1407.78,550.57,93
39,122,646.38,1590.67,1404.9,550.47,92
39,123,647.57,1586.85,1406.52,549.99,91
39,124,647.49,1587.82,1407.75,550.81,90
39,125,646.45,1587.08,1407.39,550.6,89
39,126,646.98,1588.98,1408.25,550.28,88
39,127,647.59,1588.33,1409.04,550.06,87
39,128,647.56,1587.93,1407.81,550.31,86
39,129,647.23,1589.96,1407.43,550.33,85
39,130,646.42,1590.89,1408.51,550.23,84
39,131,647.43,1590.94,1407.83,550.09,83
39,132,646.76,1590.14,1407.51,550.22,82
39,133,646.98,1589.04,1407.73,550.11,81
39,134,647.34,1589.48,1408.04,549.75,80
39,135,647.22,1588.27,1407.69,549.92,79
39,136,647.78,1589.17,1407.17,549.89,78
39,137,647.54,1588.21,1407.61,550.08,77
39,138,647.27,1590.06,1407.37,550.18,76
39,139,647.3,1588.98,1408.0,550.32,75
39,140,648.7,1589.54,1408.47,549.92,74
39,141,647.9,1591.58,1408.01,550.25,73
39,142,647.82,1590.1,1407.62,549.91,72
39,143,647.15,1591.4,1409.52,549.57,71
39,144,648.13,1590.17,1407.56,550.01,70
39,145,647.44,1590.58,1407.9,549.85,69
39,146,648.27,1588.27,1407.73,549.34,68
39,147,647.89,1589.85,1407.67,549.99,67
39,148,648.12,1591.93,1410.64,549.72,66
39,149,647.65,1590.59,1408.42,550.39,65
39,150,648.17,1589.52,1407.61,550.05,64
39,151,647.91,1592.42,1408.88,549.51,63
39,152,647.57,1591.21,1408.25,550.15,62
39,153,648.21,1591.25,1407.6,549.64,61
39,154,648.1,1588.69,1409.13,550.02,60
39,155,647.94,1592.53,1409.67,549.9,59
39,156,648.17,1592.28,1407.56,549.74,58
39,157,647.9,1590.36,1409.16,549.46,57
39,158,647.66,1593.89,1408.38,549.42,56
39,159,648.79,1590.57,1407.9,549.38,55
39,160,648.18,1590.08,1408.31,549.5,54
39,161,648.78,1593.92,1409.92,549.55,53
39,162,647.87,1592.35,1408.27,549.48,52
39,163,649.12,1593.62,1409.28,549.94,51
39,164,648.99,1592.44,1408.98,549.38,50
39,165,648.57,1590.18,1408.87,549.71,49
39,166,648.34,1593.64,1409.51,549.74,48
39,167,648.55,1592.62,1408.46,549.62,47
39,168,648.88,1593.47,1407.82,549.27,46
39,169,648.0,1591.0,1409.39,549.62,45
39,170,649.65,1593.7,1409.14,549.64,44
39,171,649.28,1592.03,1409.54,549.34,43
39,172,649.03,1592.71,1409.76,549.9,42
39,173,649.27,1590.34,1408.26,549.49,41
39,174,648.87,1590.26,1408.24,549.27,40
39,175,649.05,1592.78,1409.33,549.15,39
39,176,648.79,1593.09,1408.65,549.3,38
39,177,649.44,1592.15,1410.05,549.4,37
39,178,648.81,1592.52,1408.94,549.4,36
39,179,649.17,1594.11,1410.74,549.59,35
39,180,649.64,1591.92,1410.48,549.42,34
39,181,648.94,1594.34,1410.06,549.39,33
39,182,649.67,1593.44,1411.66,549.9,32
39,183,649.28,1594.15,1412.16,548.97,31
39,184,648.19,1594.23,1410.01,548.77,30
39,185,649.06,1591.27,1411.73,549.55,29
39,186,649.3,1593.04,1410.59,549.59,28
39,187,649.0,1593.08,1411.48,548.97,27
39,188,649.13,1593.55,1409.12,549.16,26
39,189,649.41,1594.19,1410.04,549.16,25
39,190,649.63,1592.08,1409.9,549.37,24
39,191,649.97,1591.49,1410.36,549.08,23
39,192,649.84,1593.97,1411.07,548.85,22
39,193,649.74,1592.53,1410.53,548.32,21
39,194,649.28,1592.72,1410.21,549.14,20
39,195,649.12,1593.08,1411.45,548.5,19
39,196,650.29,1594.14,1411.54,548.6,18
39,197,649.52,1593.82,1411.7,549.09,17
39,198,650.02,1593.8,1410.49,549.15,16
39,199,649.76,1592.29,1410.39,548.6,15
39,200,649.81,1594.12,1410.12,548.65,14
39,201,649.84,1594.03,1410.65,549.52,13
39,202,649.88,1593.63,1410.45,548.98,12
39,203,649.32,1592.28,1411.36,548.87,11
39,204,650.07,1596.92,1411.02,548.62,10
39,205,650.13,1594.61,1411.4,548.64,9
39,206,649.66,1595.46,1412.33,548.53,8
39,207,650.2,1596.57,1411.0,548.71,7
39,208,650.3,1596.7,1413.15,548.87,6
39,209,651.72,1594.88,1408.15,548.45,5
39,210,650.16,1596.78,1411.63,548.98,4
39,211,650.7,1595.34,1412.15,548.65,3
39,212,650.88,1594.76,1411.58,548.67,2
39,213,650.54,1594.88,1413.69,548.74,1
39,214,650.28,1595.92,1411.25,548.16,0
40,1,642.6,1578.67,1401.46,553.61,221
40,2,642.35,1580.16,1399.96,553.13,220
40,3,642.41,1577.79,1399.93,552.76,219
40,4,641.86,1579.42,1399.18,553.38,218
40,5,641.96,1580.17,1400.02,552.73,217
40,6,642.4,1580.04,1400.81,553.35,216
40,7,641.83,1580.87,1400.61,552.51,215
40,8,642.56,1580.23,1401.7,553.14,214
40,9,642.34,1580.36,1401.87,552.64,213
40,10,642.49,1580.61,1401.5,553.18,212
40,11,642.64,1580.12,1400.47,552.41,211
40,12,642.56,1579.85,1402.44,552.59,210
40,13,642.91,1582.72,1401.37,552.58,209
40,14,642.3,1584.49,1402.34,552.81,208
40,15,642.44,1579.98,1400.31,552.91,207
40,16,643.54,1580.95,1401.82,552.95,206
40,17,642.53,1582.36,1401.74,552.93,205
40,18,642.52,1582.09,1401.92,552.92,204
40,19,643.16,1581.06,1401.89,553.0,203
40,20,642.58,1579.71,1402.39,552.46,202
40,21,642.51,1581.69,1400.92,552.0,201
40,22,643.2,1582.55,1400.36,552.55,200
40,23,642.47,1580.54,1400.76,552.69,199
40,24,643.72,1581.15,1401.97,552.75,198
40,25,642.11,1580.05,1402.99,552.34,197
40,26,643.18,1582.18,1399.7,552.27,196
40,27,643.32,1580.72,1401.16,552.09,195
40,28,642.74,1581.29,1400.03,552.78,194
40,29,642.55,1581.78,1400.97,552.74,193
40,30,642.66,1581.12,1400.55,551.67,192
40,31,643.39,1582.16,1401.85,552.61,191
40,32,643.27,1581.66,1401.94,552.2,190
40,33,643.71,1581.82,1401.69,552.52,189
40,34,644.24,1581.1,1400.86,552.24,188
40,35,643.04,1583.24,1402.05,551.95,187
40,36,643.68,1584.68,1401.31,552.37,186
40,37,642.54,1582.09,1402.25,552.21,185
40,38,643.5,1581.67,1403.06,552.11,184
40,39,643.0,1582.62,1402.85,552.38,183
40,40,643.32,1584.87,1402.1,551.68,182
40,41,643.81,1582.64,1402.16,552.44,181
40,42,643.5,1582.53,1401.27,551.99,180
40,43,643.74,1582.24,1400.99,552.32,179
40,44,643.96,1583.85,1401.64,552.1,178
40,45,643.82,1583.79,1402.93,551.66,177
40,46,644.45,1581.7,1401.18,551.19,176
40,47,644.08,1584.96,1402.03,551.52,175
40,48,644.19,1581.73,1403.09,551.75,174
40,49,643.7,1583.74,1402.91,552.04,173
40,50,644.5,1585.48,1404.14,551.93,172
40,51,644.0,1585.15,1402.24,551.84,171
40,52,644.0,1583.54,1402.58,551.67,170
40,53,644.37,1583.16,1402.99,551.92,169
40,54,644.34,1584.24,1402.71,551.78,168
40,55,644.06,1582.43,1402.33,552.04,167
40,56,644.26,1582.67,1402.93,551.4,166
40,57,644.24,1583.5,1404.76,552.02,165
40,58,643.84,1582.81,1403.65,552.09,164
40,59,645.0,1585.43,1403.57,552.23,163
40,60,644.33,1584.14,1402.27,552.24,162
40,61,644.39,1584.06,1402.66,552.13,161
40,62,644.77,1583.16,1403.76,551.98,160
40,63,643.91,1585.08,1403.76,551.91,159
40,64,645.25,1587.94,1404.45,551.78,158
40,65,644.74,1584.97,1405.39,551.72,157
40,66,644.36,1585.18,1405.24,551.37,156
40,67,644.3,1583.71,1402.66,551.36,155
40,68,644.98,1584.92,1402.64,551.83,154
40,69,644.78,1585.87,1403.25,551.23,153
40,70,644.95,1585.78,1402.9,551.65,152
40,71,644.47,1586.03,1404.37,551.93,151
40,72,644.42,1584.1,1403.6,551.38,150
40,73,644.94,1583.71,1405.16,552.04,149
40,74,645.28,1585.67,1403.9,551.56,148
40,75,644.57,1585.32,1404.32,551.23,147
40,76,645.56,1585.1,1403.29,551.4,146
40,77,644.71,1584.26,1405.42,551.44,145
40,78,645.4,1585.83,1404.6,551.41,144
40,79,644.85,1586.97,1404.79,551.34,143
40,80,645.46,1587.29,1404.62,551.84,142
40,81,644.91,1584.47,1404.1,551.37,141
40,82,645.76,1585.16,1404.74,551.67,140
40,83,645.36,1585.09,1403.46,551.68,139
40,84,644.8,1585.3,1404.57,551.68,138
40,85,645.65,1586.0,1405.56,551.71,137
40,86,645.1,1585.42,1405.25,551.77,136
40,87,645.05,1583.75,1405.22,551.65,135
40,88,645.42,1589.19,1404.09,550.99,134
40,89,645.11,1586.2,1404.9,550.97,133
40,90,645.9,1586.48,1404.04,551.36,132
40,91,645.32,1586.35,1405.63,551.46,131
40,92,645.89,1586.36,1404.19,551.04,130
40,93,645.57,1588.22,1404.61,551.18,129
40,94,645.11,1586.84,1405.04,551.06,128
40,95,645.98,1585.68,1406.26,550.85,127
40,96,646.22,1584.66,1405.43,551.24,126
40,97,645.57,1586.97,1404.95,551.17,125
40,98,645.85,1589.37,1404.19,551.07,124
40,99,645.62,1586.93,1405.24,550.89,123
40,100,645.62,1587.7,1405.11,550.97,122
40,101,645.94,1586.05,1405.95,550.67,121
40,102,646.1,1587.47,1405.41,550.6,120
40,103,645.95,1585.81,1405.48,551.15,119
40,104,645.98,1588.63,1405.86,551.12,118
40,105,646.31,1588.88,1404.63,550.71,117
40,106,646.07,1588.22,1405.86,550.85,116
40,107,646.51,1586.92,1405.48,550.99,115
40,108,647.09,1587.37,1405.32,550.64,114
40,109,646.03,1589.05,1405.6,550.88,113
40,110,646.17,1585.96,1405.68,550.03,112
40,111,646.32,1588.19,1405.32,550.59,111
40,112,645.75,1585.01,1404.85,550.93,110
40,113,646.2,1587.99,1407.74,551.01,109
40,114,646.58,1587.22,1407.41,551.06,108
40,115,646.76,1587.87,1405.48,551.12,107
40,116,646.79,1587.7,1406.05,550.28,106
40,117,646.78,1588.22,1406.64,550.91,105
40,118,646.81,1587.03,1406.4,550.73,104
40,119,646.75,1586.24,1405.63,550.79,103
40,120,646.85,1590.15,1405.25,550.84,102
40,121,646.78,1587.02,1405.13,550.83,101
40,122,646.28,1586.78,1406.96,550.52,100
40,123,646.94,1588.94,1409.33,550.72,99
40,124,647.01,1587.43,1407.95,550.33,98
40,125,646.42,1588.3,1407.11,550.33,97
40,126,646.47,1587.55,1406.98,550.61,96
40,127,647.12,1586.83,1406.2,550.71,95
40,128,646.73,1589.01,1409.02,549.73,94
40,129,646.89,1589.68,1406.19,550.34,93
40,130,646.5,1589.59,1406.49,550.24,92
40,131,647.37,1589.64,1407.86,550.87,91
40,132,647.08,1591.58,1407.29,550.72,90
40,133,647.08,1590.11,1406.85,550.71,89
40,134,647.59,1588.92,1407.37,550.0,88
40,135,647.54,1590.25,1406.31,550.91,87
40,136,647.37,1589.03,1408.31,550.09,86
40,137,647.77,1587.97,1407.23,550.2,85
40,138,647.07,1588.56,1407.07,550.04,84
40,139,647.13,1591.24,1407.86,550.16,83
40,140,647.67,1589.47,1406.93,549.68,82
40,141,647.79,1586.98,1406.41,550.29,81
40,142,647.43,1591.47,1407.16,550.35,80
40,143,647.4,1590.45,1407.87,550.25,79
40,144,647.6,1590.21,1406.91,550.1,78
40,145,647.79,1589.87,1407.76,549.5,77
40,146,648.2,1588.36,1407.4,549.8,76
40,147,647.75,1590.48,1408.47,550.23,75
40,148,648.36,1589.77,1407.33,549.93,74
40,149,647.26,1589.79,1406.81,549.73,73
40,150,647.07,1591.72,1408.2,550.52,72
40,151,648.23,1591.79,1408.05,550.09,71
40,152,647.46,1589.77,1408.23,549.4,70
40,153,647.66,1591.43,1407.88,549.68,69
40,154,647.74,1591.44,1408.61,549.81,68
40,155,647.94,1591.64,1409.42,549.72,67
40,156,647.94,1592.17,1408.85,549.42,66
40,157,647.65,1589.72,1408.15,549.93,65
40,158,648.8,1590.72,1409.07,550.14,64
40,159,648.68,1592.25,1408.0,549.34,63
40,160,647.87,1591.16,1408.05,549.27,62
40,161,647.68,1594.63,1408.53,550.28,61
40,162,648.11,1592.04,1408.64,549.72,60
40,163,648.55,1590.68,1407.86,549.45,59
40,164,647.96,1591.33,1407.35,549.77,58
40,165,648.82,1590.69,1408.4,550.25,57
40,166,648.94,1591.88,1408.37,549.81,56
40,167,647.99,1589.85,1409.39,549.47,55
40,168,647.62,1592.21,1410.25,549.79,54
40,169,648.27,1589.0,1409.25,549.38,53
40,170,648.15,1589.3,1410.69,549.22,52
40,171,647.82,1593.74,1409.27,549.5,51
40,172,648.71,1592.3,1409.47,549.06,50
40,173,647.99,1590.97,1408.94,549.39,49
40,174,648.75,1591.58,1408.86,549.59,48
40,175,648.99,1591.01,1408.37,549.51,47
40,176,648.57,1593.05,1408.73,549.07,46
40,177,648.52,1592.74,1409.29,549.39,45
40,178,648.62,1593.41,1410.01,548.94,44
40,179,649.21,1592.96,1410.54,549.21,43
40,180,648.52,1592.23,1409.86,549.71,42
40,181,649.18,1592.57,1409.68,549.34,41
40,182,648.81,1593.28,1408.68,549.31,40
40,183,649.42,1591.17,1411.45,548.97,39
40,184,648.84,1593.83,1411.11,549.38,38
40,185,649.22,1594.81,1408.91,548.73,37
40,186,648.35,1591.71,1409.48,549.34,36
40,187,649.56,1593.89,1410.81,548.92,35
40,188,649.35,1591.99,1410.64,549.2,34
40,189,649.59,1595.79,1410.19,548.84,33
40,190,648.62,1591.93,1411.12,549.29,32
40,191,649.41,1593.54,1410.9,548.66,31
40,192,649.75,1593.61,1409.23,549.21,30
40,193,648.87,1593.83,1410.53,548.79,29
40,194,649.59,1594.25,1410.03,549.3,28
40,195,649.35,1594.4,1410.46,549.4,27
40,196,649.14,1592.36,1409.96,549.07,26
40,197,649.48,1593.83,1409.72,548.79,25
40,198,650.09,1594.0,1411.2,548.91,24
40,199,649.74,1593.06,1409.28,549.28,23
40,200,649.73,1592.82,1410.81,548.81,22
40,201,650.3,1594.57,1409.95,548.54,21
40,202,649.83,1593.99,1411.33,548.86,20
40,203,649.51,1594.51,1411.45,549.26,19
40,204,650.1,1592.96,1411.23,548.78,18
40,205,649.47,1591.89,1412.88,548.68,17
40,206,649.84,1594.37,1411.22,548.07,16
40,207,649.86,1596.3,1411.02,549.29,15
40,208,649.98,1593.82,1411.36,548.8,14
40,209,650.01,1593.61,1410.21,548.93,13
40,210,650.08,1596.38,1411.32,548.29,12
40,211,650.21,1594.54,1411.06,548.91,11
40,212,650.32,1593.08,1411.09,549.03,10
40,213,649.76,1594.38,1411.7,548.34,9
40,214,650.15,1594.49,1411.31,548.2,8
40,215,650.23,1593.98,1412.47,548.77,7
40,216,649.96,1594.31,1411.78,548.5,6
40,217,649.7,1595.21,1412.15,548.82,5
40,218,650.72,1593.93,1412.41,548.24,4
40,219,650.53,1594.14,1412.17,548.11,3
40,220,650.64,1594.12,1412.28,548.65,2
40,221,650.62,1595.19,1411.01,548.97,1
40,222,650.45,1595.04,1413.11,548.23,0
